# File exported by Houdini 21.0.440 (www.sidefx.com)
# 6400 points
# 37446 vertices
# 12482 primitives
# Bounds: [-0.5, 0, -0.5] to [0.5, 0, 0.5]
g 
v -0.5 0 -0.5
v -0.487341762 0 -0.5
v -0.474683553 0 -0.5
v -0.462025315 0 -0.5
v -0.449367076 0 -0.5
v -0.436708868 0 -0.5
v -0.424050629 0 -0.5
v -0.411392391 0 -0.5
v -0.398734182 0 -0.5
v -0.386075944 0 -0.5
v -0.373417735 0 -0.5
v -0.360759497 0 -0.5
v -0.348101258 0 -0.5
v -0.33544302 0 -0.5
v -0.322784811 0 -0.5
v -0.310126573 0 -0.5
v -0.297468364 0 -0.5
v -0.284810126 0 -0.5
v -0.272151887 0 -0.5
v -0.259493649 0 -0.5
v -0.24683544 0 -0.5
v -0.234177202 0 -0.5
v -0.221518993 0 -0.5
v -0.208860755 0 -0.5
v -0.196202517 0 -0.5
v -0.183544308 0 -0.5
v -0.17088607 0 -0.5
v -0.158227831 0 -0.5
v -0.145569623 0 -0.5
v -0.132911384 0 -0.5
v -0.120253146 0 -0.5
v -0.107594937 0 -0.5
v -0.0949366987 0 -0.5
v -0.0822784603 0 -0.5
v -0.0696202517 0 -0.5
v -0.0569620132 0 -0.5
v -0.0443037748 0 -0.5
v -0.0316455662 0 -0.5
v -0.0189873278 0 -0.5
v -0.0063290894 0 -0.5
v 0.00632911921 0 -0.5
v 0.0189873576 0 -0.5
v 0.031645596 0 -0.5
v 0.0443038344 0 -0.5
v 0.0569620132 0 -0.5
v 0.0696202517 0 -0.5
v 0.0822784901 0 -0.5
v 0.0949367285 0 -0.5
v 0.107594967 0 -0.5
v 0.120253205 0 -0.5
v 0.132911384 0 -0.5
v 0.145569623 0 -0.5
v 0.158227861 0 -0.5
v 0.170886099 0 -0.5
v 0.183544338 0 -0.5
v 0.196202576 0 -0.5
v 0.208860755 0 -0.5
v 0.221518993 0 -0.5
v 0.234177232 0 -0.5
v 0.24683547 0 -0.5
v 0.259493709 0 -0.5
v 0.272151947 0 -0.5
v 0.284810126 0 -0.5
v 0.297468364 0 -0.5
v 0.310126603 0 -0.5
v 0.322784841 0 -0.5
v 0.335443079 0 -0.5
v 0.348101258 0 -0.5
v 0.360759497 0 -0.5
v 0.373417735 0 -0.5
v 0.386075974 0 -0.5
v 0.398734212 0 -0.5
v 0.41139245 0 -0.5
v 0.424050629 0 -0.5
v 0.436708868 0 -0.5
v 0.449367106 0 -0.5
v 0.462025344 0 -0.5
v 0.474683583 0 -0.5
v 0.487341821 0 -0.5
v 0.5 0 -0.5
v -0.5 0 -0.487341762
v -0.487341762 0 -0.487341762
v -0.474683553 0 -0.487341762
v -0.462025315 0 -0.487341762
v -0.449367076 0 -0.487341762
v -0.436708868 0 -0.487341762
v -0.424050629 0 -0.487341762
v -0.411392391 0 -0.487341762
v -0.398734182 0 -0.487341762
v -0.386075944 0 -0.487341762
v -0.373417735 0 -0.487341762
v -0.360759497 0 -0.487341762
v -0.348101258 0 -0.487341762
v -0.33544302 0 -0.487341762
v -0.322784811 0 -0.487341762
v -0.310126573 0 -0.487341762
v -0.297468364 0 -0.487341762
v -0.284810126 0 -0.487341762
v -0.272151887 0 -0.487341762
v -0.259493649 0 -0.487341762
v -0.24683544 0 -0.487341762
v -0.234177202 0 -0.487341762
v -0.221518993 0 -0.487341762
v -0.208860755 0 -0.487341762
v -0.196202517 0 -0.487341762
v -0.183544308 0 -0.487341762
v -0.17088607 0 -0.487341762
v -0.158227831 0 -0.487341762
v -0.145569623 0 -0.487341762
v -0.132911384 0 -0.487341762
v -0.120253146 0 -0.487341762
v -0.107594937 0 -0.487341762
v -0.0949366987 0 -0.487341762
v -0.0822784603 0 -0.487341762
v -0.0696202517 0 -0.487341762
v -0.0569620132 0 -0.487341762
v -0.0443037748 0 -0.487341762
v -0.0316455662 0 -0.487341762
v -0.0189873278 0 -0.487341762
v -0.0063290894 0 -0.487341762
v 0.00632911921 0 -0.487341762
v 0.0189873576 0 -0.487341762
v 0.031645596 0 -0.487341762
v 0.0443038344 0 -0.487341762
v 0.0569620132 0 -0.487341762
v 0.0696202517 0 -0.487341762
v 0.0822784901 0 -0.487341762
v 0.0949367285 0 -0.487341762
v 0.107594967 0 -0.487341762
v 0.120253205 0 -0.487341762
v 0.132911384 0 -0.487341762
v 0.145569623 0 -0.487341762
v 0.158227861 0 -0.487341762
v 0.170886099 0 -0.487341762
v 0.183544338 0 -0.487341762
v 0.196202576 0 -0.487341762
v 0.208860755 0 -0.487341762
v 0.221518993 0 -0.487341762
v 0.234177232 0 -0.487341762
v 0.24683547 0 -0.487341762
v 0.259493709 0 -0.487341762
v 0.272151947 0 -0.487341762
v 0.284810126 0 -0.487341762
v 0.297468364 0 -0.487341762
v 0.310126603 0 -0.487341762
v 0.322784841 0 -0.487341762
v 0.335443079 0 -0.487341762
v 0.348101258 0 -0.487341762
v 0.360759497 0 -0.487341762
v 0.373417735 0 -0.487341762
v 0.386075974 0 -0.487341762
v 0.398734212 0 -0.487341762
v 0.41139245 0 -0.487341762
v 0.424050629 0 -0.487341762
v 0.436708868 0 -0.487341762
v 0.449367106 0 -0.487341762
v 0.462025344 0 -0.487341762
v 0.474683583 0 -0.487341762
v 0.487341821 0 -0.487341762
v 0.5 0 -0.487341762
v -0.5 0 -0.474683553
v -0.487341762 0 -0.474683553
v -0.474683553 0 -0.474683553
v -0.462025315 0 -0.474683553
v -0.449367076 0 -0.474683553
v -0.436708868 0 -0.474683553
v -0.424050629 0 -0.474683553
v -0.411392391 0 -0.474683553
v -0.398734182 0 -0.474683553
v -0.386075944 0 -0.474683553
v -0.373417735 0 -0.474683553
v -0.360759497 0 -0.474683553
v -0.348101258 0 -0.474683553
v -0.33544302 0 -0.474683553
v -0.322784811 0 -0.474683553
v -0.310126573 0 -0.474683553
v -0.297468364 0 -0.474683553
v -0.284810126 0 -0.474683553
v -0.272151887 0 -0.474683553
v -0.259493649 0 -0.474683553
v -0.24683544 0 -0.474683553
v -0.234177202 0 -0.474683553
v -0.221518993 0 -0.474683553
v -0.208860755 0 -0.474683553
v -0.196202517 0 -0.474683553
v -0.183544308 0 -0.474683553
v -0.17088607 0 -0.474683553
v -0.158227831 0 -0.474683553
v -0.145569623 0 -0.474683553
v -0.132911384 0 -0.474683553
v -0.120253146 0 -0.474683553
v -0.107594937 0 -0.474683553
v -0.0949366987 0 -0.474683553
v -0.0822784603 0 -0.474683553
v -0.0696202517 0 -0.474683553
v -0.0569620132 0 -0.474683553
v -0.0443037748 0 -0.474683553
v -0.0316455662 0 -0.474683553
v -0.0189873278 0 -0.474683553
v -0.0063290894 0 -0.474683553
v 0.00632911921 0 -0.474683553
v 0.0189873576 0 -0.474683553
v 0.031645596 0 -0.474683553
v 0.0443038344 0 -0.474683553
v 0.0569620132 0 -0.474683553
v 0.0696202517 0 -0.474683553
v 0.0822784901 0 -0.474683553
v 0.0949367285 0 -0.474683553
v 0.107594967 0 -0.474683553
v 0.120253205 0 -0.474683553
v 0.132911384 0 -0.474683553
v 0.145569623 0 -0.474683553
v 0.158227861 0 -0.474683553
v 0.170886099 0 -0.474683553
v 0.183544338 0 -0.474683553
v 0.196202576 0 -0.474683553
v 0.208860755 0 -0.474683553
v 0.221518993 0 -0.474683553
v 0.234177232 0 -0.474683553
v 0.24683547 0 -0.474683553
v 0.259493709 0 -0.474683553
v 0.272151947 0 -0.474683553
v 0.284810126 0 -0.474683553
v 0.297468364 0 -0.474683553
v 0.310126603 0 -0.474683553
v 0.322784841 0 -0.474683553
v 0.335443079 0 -0.474683553
v 0.348101258 0 -0.474683553
v 0.360759497 0 -0.474683553
v 0.373417735 0 -0.474683553
v 0.386075974 0 -0.474683553
v 0.398734212 0 -0.474683553
v 0.41139245 0 -0.474683553
v 0.424050629 0 -0.474683553
v 0.436708868 0 -0.474683553
v 0.449367106 0 -0.474683553
v 0.462025344 0 -0.474683553
v 0.474683583 0 -0.474683553
v 0.487341821 0 -0.474683553
v 0.5 0 -0.474683553
v -0.5 0 -0.462025315
v -0.487341762 0 -0.462025315
v -0.474683553 0 -0.462025315
v -0.462025315 0 -0.462025315
v -0.449367076 0 -0.462025315
v -0.436708868 0 -0.462025315
v -0.424050629 0 -0.462025315
v -0.411392391 0 -0.462025315
v -0.398734182 0 -0.462025315
v -0.386075944 0 -0.462025315
v -0.373417735 0 -0.462025315
v -0.360759497 0 -0.462025315
v -0.348101258 0 -0.462025315
v -0.33544302 0 -0.462025315
v -0.322784811 0 -0.462025315
v -0.310126573 0 -0.462025315
v -0.297468364 0 -0.462025315
v -0.284810126 0 -0.462025315
v -0.272151887 0 -0.462025315
v -0.259493649 0 -0.462025315
v -0.24683544 0 -0.462025315
v -0.234177202 0 -0.462025315
v -0.221518993 0 -0.462025315
v -0.208860755 0 -0.462025315
v -0.196202517 0 -0.462025315
v -0.183544308 0 -0.462025315
v -0.17088607 0 -0.462025315
v -0.158227831 0 -0.462025315
v -0.145569623 0 -0.462025315
v -0.132911384 0 -0.462025315
v -0.120253146 0 -0.462025315
v -0.107594937 0 -0.462025315
v -0.0949366987 0 -0.462025315
v -0.0822784603 0 -0.462025315
v -0.0696202517 0 -0.462025315
v -0.0569620132 0 -0.462025315
v -0.0443037748 0 -0.462025315
v -0.0316455662 0 -0.462025315
v -0.0189873278 0 -0.462025315
v -0.0063290894 0 -0.462025315
v 0.00632911921 0 -0.462025315
v 0.0189873576 0 -0.462025315
v 0.031645596 0 -0.462025315
v 0.0443038344 0 -0.462025315
v 0.0569620132 0 -0.462025315
v 0.0696202517 0 -0.462025315
v 0.0822784901 0 -0.462025315
v 0.0949367285 0 -0.462025315
v 0.107594967 0 -0.462025315
v 0.120253205 0 -0.462025315
v 0.132911384 0 -0.462025315
v 0.145569623 0 -0.462025315
v 0.158227861 0 -0.462025315
v 0.170886099 0 -0.462025315
v 0.183544338 0 -0.462025315
v 0.196202576 0 -0.462025315
v 0.208860755 0 -0.462025315
v 0.221518993 0 -0.462025315
v 0.234177232 0 -0.462025315
v 0.24683547 0 -0.462025315
v 0.259493709 0 -0.462025315
v 0.272151947 0 -0.462025315
v 0.284810126 0 -0.462025315
v 0.297468364 0 -0.462025315
v 0.310126603 0 -0.462025315
v 0.322784841 0 -0.462025315
v 0.335443079 0 -0.462025315
v 0.348101258 0 -0.462025315
v 0.360759497 0 -0.462025315
v 0.373417735 0 -0.462025315
v 0.386075974 0 -0.462025315
v 0.398734212 0 -0.462025315
v 0.41139245 0 -0.462025315
v 0.424050629 0 -0.462025315
v 0.436708868 0 -0.462025315
v 0.449367106 0 -0.462025315
v 0.462025344 0 -0.462025315
v 0.474683583 0 -0.462025315
v 0.487341821 0 -0.462025315
v 0.5 0 -0.462025315
v -0.5 0 -0.449367076
v -0.487341762 0 -0.449367076
v -0.474683553 0 -0.449367076
v -0.462025315 0 -0.449367076
v -0.449367076 0 -0.449367076
v -0.436708868 0 -0.449367076
v -0.424050629 0 -0.449367076
v -0.411392391 0 -0.449367076
v -0.398734182 0 -0.449367076
v -0.386075944 0 -0.449367076
v -0.373417735 0 -0.449367076
v -0.360759497 0 -0.449367076
v -0.348101258 0 -0.449367076
v -0.33544302 0 -0.449367076
v -0.322784811 0 -0.449367076
v -0.310126573 0 -0.449367076
v -0.297468364 0 -0.449367076
v -0.284810126 0 -0.449367076
v -0.272151887 0 -0.449367076
v -0.259493649 0 -0.449367076
v -0.24683544 0 -0.449367076
v -0.234177202 0 -0.449367076
v -0.221518993 0 -0.449367076
v -0.208860755 0 -0.449367076
v -0.196202517 0 -0.449367076
v -0.183544308 0 -0.449367076
v -0.17088607 0 -0.449367076
v -0.158227831 0 -0.449367076
v -0.145569623 0 -0.449367076
v -0.132911384 0 -0.449367076
v -0.120253146 0 -0.449367076
v -0.107594937 0 -0.449367076
v -0.0949366987 0 -0.449367076
v -0.0822784603 0 -0.449367076
v -0.0696202517 0 -0.449367076
v -0.0569620132 0 -0.449367076
v -0.0443037748 0 -0.449367076
v -0.0316455662 0 -0.449367076
v -0.0189873278 0 -0.449367076
v -0.0063290894 0 -0.449367076
v 0.00632911921 0 -0.449367076
v 0.0189873576 0 -0.449367076
v 0.031645596 0 -0.449367076
v 0.0443038344 0 -0.449367076
v 0.0569620132 0 -0.449367076
v 0.0696202517 0 -0.449367076
v 0.0822784901 0 -0.449367076
v 0.0949367285 0 -0.449367076
v 0.107594967 0 -0.449367076
v 0.120253205 0 -0.449367076
v 0.132911384 0 -0.449367076
v 0.145569623 0 -0.449367076
v 0.158227861 0 -0.449367076
v 0.170886099 0 -0.449367076
v 0.183544338 0 -0.449367076
v 0.196202576 0 -0.449367076
v 0.208860755 0 -0.449367076
v 0.221518993 0 -0.449367076
v 0.234177232 0 -0.449367076
v 0.24683547 0 -0.449367076
v 0.259493709 0 -0.449367076
v 0.272151947 0 -0.449367076
v 0.284810126 0 -0.449367076
v 0.297468364 0 -0.449367076
v 0.310126603 0 -0.449367076
v 0.322784841 0 -0.449367076
v 0.335443079 0 -0.449367076
v 0.348101258 0 -0.449367076
v 0.360759497 0 -0.449367076
v 0.373417735 0 -0.449367076
v 0.386075974 0 -0.449367076
v 0.398734212 0 -0.449367076
v 0.41139245 0 -0.449367076
v 0.424050629 0 -0.449367076
v 0.436708868 0 -0.449367076
v 0.449367106 0 -0.449367076
v 0.462025344 0 -0.449367076
v 0.474683583 0 -0.449367076
v 0.487341821 0 -0.449367076
v 0.5 0 -0.449367076
v -0.5 0 -0.436708868
v -0.487341762 0 -0.436708868
v -0.474683553 0 -0.436708868
v -0.462025315 0 -0.436708868
v -0.449367076 0 -0.436708868
v -0.436708868 0 -0.436708868
v -0.424050629 0 -0.436708868
v -0.411392391 0 -0.436708868
v -0.398734182 0 -0.436708868
v -0.386075944 0 -0.436708868
v -0.373417735 0 -0.436708868
v -0.360759497 0 -0.436708868
v -0.348101258 0 -0.436708868
v -0.33544302 0 -0.436708868
v -0.322784811 0 -0.436708868
v -0.310126573 0 -0.436708868
v -0.297468364 0 -0.436708868
v -0.284810126 0 -0.436708868
v -0.272151887 0 -0.436708868
v -0.259493649 0 -0.436708868
v -0.24683544 0 -0.436708868
v -0.234177202 0 -0.436708868
v -0.221518993 0 -0.436708868
v -0.208860755 0 -0.436708868
v -0.196202517 0 -0.436708868
v -0.183544308 0 -0.436708868
v -0.17088607 0 -0.436708868
v -0.158227831 0 -0.436708868
v -0.145569623 0 -0.436708868
v -0.132911384 0 -0.436708868
v -0.120253146 0 -0.436708868
v -0.107594937 0 -0.436708868
v -0.0949366987 0 -0.436708868
v -0.0822784603 0 -0.436708868
v -0.0696202517 0 -0.436708868
v -0.0569620132 0 -0.436708868
v -0.0443037748 0 -0.436708868
v -0.0316455662 0 -0.436708868
v -0.0189873278 0 -0.436708868
v -0.0063290894 0 -0.436708868
v 0.00632911921 0 -0.436708868
v 0.0189873576 0 -0.436708868
v 0.031645596 0 -0.436708868
v 0.0443038344 0 -0.436708868
v 0.0569620132 0 -0.436708868
v 0.0696202517 0 -0.436708868
v 0.0822784901 0 -0.436708868
v 0.0949367285 0 -0.436708868
v 0.107594967 0 -0.436708868
v 0.120253205 0 -0.436708868
v 0.132911384 0 -0.436708868
v 0.145569623 0 -0.436708868
v 0.158227861 0 -0.436708868
v 0.170886099 0 -0.436708868
v 0.183544338 0 -0.436708868
v 0.196202576 0 -0.436708868
v 0.208860755 0 -0.436708868
v 0.221518993 0 -0.436708868
v 0.234177232 0 -0.436708868
v 0.24683547 0 -0.436708868
v 0.259493709 0 -0.436708868
v 0.272151947 0 -0.436708868
v 0.284810126 0 -0.436708868
v 0.297468364 0 -0.436708868
v 0.310126603 0 -0.436708868
v 0.322784841 0 -0.436708868
v 0.335443079 0 -0.436708868
v 0.348101258 0 -0.436708868
v 0.360759497 0 -0.436708868
v 0.373417735 0 -0.436708868
v 0.386075974 0 -0.436708868
v 0.398734212 0 -0.436708868
v 0.41139245 0 -0.436708868
v 0.424050629 0 -0.436708868
v 0.436708868 0 -0.436708868
v 0.449367106 0 -0.436708868
v 0.462025344 0 -0.436708868
v 0.474683583 0 -0.436708868
v 0.487341821 0 -0.436708868
v 0.5 0 -0.436708868
v -0.5 0 -0.424050629
v -0.487341762 0 -0.424050629
v -0.474683553 0 -0.424050629
v -0.462025315 0 -0.424050629
v -0.449367076 0 -0.424050629
v -0.436708868 0 -0.424050629
v -0.424050629 0 -0.424050629
v -0.411392391 0 -0.424050629
v -0.398734182 0 -0.424050629
v -0.386075944 0 -0.424050629
v -0.373417735 0 -0.424050629
v -0.360759497 0 -0.424050629
v -0.348101258 0 -0.424050629
v -0.33544302 0 -0.424050629
v -0.322784811 0 -0.424050629
v -0.310126573 0 -0.424050629
v -0.297468364 0 -0.424050629
v -0.284810126 0 -0.424050629
v -0.272151887 0 -0.424050629
v -0.259493649 0 -0.424050629
v -0.24683544 0 -0.424050629
v -0.234177202 0 -0.424050629
v -0.221518993 0 -0.424050629
v -0.208860755 0 -0.424050629
v -0.196202517 0 -0.424050629
v -0.183544308 0 -0.424050629
v -0.17088607 0 -0.424050629
v -0.158227831 0 -0.424050629
v -0.145569623 0 -0.424050629
v -0.132911384 0 -0.424050629
v -0.120253146 0 -0.424050629
v -0.107594937 0 -0.424050629
v -0.0949366987 0 -0.424050629
v -0.0822784603 0 -0.424050629
v -0.0696202517 0 -0.424050629
v -0.0569620132 0 -0.424050629
v -0.0443037748 0 -0.424050629
v -0.0316455662 0 -0.424050629
v -0.0189873278 0 -0.424050629
v -0.0063290894 0 -0.424050629
v 0.00632911921 0 -0.424050629
v 0.0189873576 0 -0.424050629
v 0.031645596 0 -0.424050629
v 0.0443038344 0 -0.424050629
v 0.0569620132 0 -0.424050629
v 0.0696202517 0 -0.424050629
v 0.0822784901 0 -0.424050629
v 0.0949367285 0 -0.424050629
v 0.107594967 0 -0.424050629
v 0.120253205 0 -0.424050629
v 0.132911384 0 -0.424050629
v 0.145569623 0 -0.424050629
v 0.158227861 0 -0.424050629
v 0.170886099 0 -0.424050629
v 0.183544338 0 -0.424050629
v 0.196202576 0 -0.424050629
v 0.208860755 0 -0.424050629
v 0.221518993 0 -0.424050629
v 0.234177232 0 -0.424050629
v 0.24683547 0 -0.424050629
v 0.259493709 0 -0.424050629
v 0.272151947 0 -0.424050629
v 0.284810126 0 -0.424050629
v 0.297468364 0 -0.424050629
v 0.310126603 0 -0.424050629
v 0.322784841 0 -0.424050629
v 0.335443079 0 -0.424050629
v 0.348101258 0 -0.424050629
v 0.360759497 0 -0.424050629
v 0.373417735 0 -0.424050629
v 0.386075974 0 -0.424050629
v 0.398734212 0 -0.424050629
v 0.41139245 0 -0.424050629
v 0.424050629 0 -0.424050629
v 0.436708868 0 -0.424050629
v 0.449367106 0 -0.424050629
v 0.462025344 0 -0.424050629
v 0.474683583 0 -0.424050629
v 0.487341821 0 -0.424050629
v 0.5 0 -0.424050629
v -0.5 0 -0.411392391
v -0.487341762 0 -0.411392391
v -0.474683553 0 -0.411392391
v -0.462025315 0 -0.411392391
v -0.449367076 0 -0.411392391
v -0.436708868 0 -0.411392391
v -0.424050629 0 -0.411392391
v -0.411392391 0 -0.411392391
v -0.398734182 0 -0.411392391
v -0.386075944 0 -0.411392391
v -0.373417735 0 -0.411392391
v -0.360759497 0 -0.411392391
v -0.348101258 0 -0.411392391
v -0.33544302 0 -0.411392391
v -0.322784811 0 -0.411392391
v -0.310126573 0 -0.411392391
v -0.297468364 0 -0.411392391
v -0.284810126 0 -0.411392391
v -0.272151887 0 -0.411392391
v -0.259493649 0 -0.411392391
v -0.24683544 0 -0.411392391
v -0.234177202 0 -0.411392391
v -0.221518993 0 -0.411392391
v -0.208860755 0 -0.411392391
v -0.196202517 0 -0.411392391
v -0.183544308 0 -0.411392391
v -0.17088607 0 -0.411392391
v -0.158227831 0 -0.411392391
v -0.145569623 0 -0.411392391
v -0.132911384 0 -0.411392391
v -0.120253146 0 -0.411392391
v -0.107594937 0 -0.411392391
v -0.0949366987 0 -0.411392391
v -0.0822784603 0 -0.411392391
v -0.0696202517 0 -0.411392391
v -0.0569620132 0 -0.411392391
v -0.0443037748 0 -0.411392391
v -0.0316455662 0 -0.411392391
v -0.0189873278 0 -0.411392391
v -0.0063290894 0 -0.411392391
v 0.00632911921 0 -0.411392391
v 0.0189873576 0 -0.411392391
v 0.031645596 0 -0.411392391
v 0.0443038344 0 -0.411392391
v 0.0569620132 0 -0.411392391
v 0.0696202517 0 -0.411392391
v 0.0822784901 0 -0.411392391
v 0.0949367285 0 -0.411392391
v 0.107594967 0 -0.411392391
v 0.120253205 0 -0.411392391
v 0.132911384 0 -0.411392391
v 0.145569623 0 -0.411392391
v 0.158227861 0 -0.411392391
v 0.170886099 0 -0.411392391
v 0.183544338 0 -0.411392391
v 0.196202576 0 -0.411392391
v 0.208860755 0 -0.411392391
v 0.221518993 0 -0.411392391
v 0.234177232 0 -0.411392391
v 0.24683547 0 -0.411392391
v 0.259493709 0 -0.411392391
v 0.272151947 0 -0.411392391
v 0.284810126 0 -0.411392391
v 0.297468364 0 -0.411392391
v 0.310126603 0 -0.411392391
v 0.322784841 0 -0.411392391
v 0.335443079 0 -0.411392391
v 0.348101258 0 -0.411392391
v 0.360759497 0 -0.411392391
v 0.373417735 0 -0.411392391
v 0.386075974 0 -0.411392391
v 0.398734212 0 -0.411392391
v 0.41139245 0 -0.411392391
v 0.424050629 0 -0.411392391
v 0.436708868 0 -0.411392391
v 0.449367106 0 -0.411392391
v 0.462025344 0 -0.411392391
v 0.474683583 0 -0.411392391
v 0.487341821 0 -0.411392391
v 0.5 0 -0.411392391
v -0.5 0 -0.398734182
v -0.487341762 0 -0.398734182
v -0.474683553 0 -0.398734182
v -0.462025315 0 -0.398734182
v -0.449367076 0 -0.398734182
v -0.436708868 0 -0.398734182
v -0.424050629 0 -0.398734182
v -0.411392391 0 -0.398734182
v -0.398734182 0 -0.398734182
v -0.386075944 0 -0.398734182
v -0.373417735 0 -0.398734182
v -0.360759497 0 -0.398734182
v -0.348101258 0 -0.398734182
v -0.33544302 0 -0.398734182
v -0.322784811 0 -0.398734182
v -0.310126573 0 -0.398734182
v -0.297468364 0 -0.398734182
v -0.284810126 0 -0.398734182
v -0.272151887 0 -0.398734182
v -0.259493649 0 -0.398734182
v -0.24683544 0 -0.398734182
v -0.234177202 0 -0.398734182
v -0.221518993 0 -0.398734182
v -0.208860755 0 -0.398734182
v -0.196202517 0 -0.398734182
v -0.183544308 0 -0.398734182
v -0.17088607 0 -0.398734182
v -0.158227831 0 -0.398734182
v -0.145569623 0 -0.398734182
v -0.132911384 0 -0.398734182
v -0.120253146 0 -0.398734182
v -0.107594937 0 -0.398734182
v -0.0949366987 0 -0.398734182
v -0.0822784603 0 -0.398734182
v -0.0696202517 0 -0.398734182
v -0.0569620132 0 -0.398734182
v -0.0443037748 0 -0.398734182
v -0.0316455662 0 -0.398734182
v -0.0189873278 0 -0.398734182
v -0.0063290894 0 -0.398734182
v 0.00632911921 0 -0.398734182
v 0.0189873576 0 -0.398734182
v 0.031645596 0 -0.398734182
v 0.0443038344 0 -0.398734182
v 0.0569620132 0 -0.398734182
v 0.0696202517 0 -0.398734182
v 0.0822784901 0 -0.398734182
v 0.0949367285 0 -0.398734182
v 0.107594967 0 -0.398734182
v 0.120253205 0 -0.398734182
v 0.132911384 0 -0.398734182
v 0.145569623 0 -0.398734182
v 0.158227861 0 -0.398734182
v 0.170886099 0 -0.398734182
v 0.183544338 0 -0.398734182
v 0.196202576 0 -0.398734182
v 0.208860755 0 -0.398734182
v 0.221518993 0 -0.398734182
v 0.234177232 0 -0.398734182
v 0.24683547 0 -0.398734182
v 0.259493709 0 -0.398734182
v 0.272151947 0 -0.398734182
v 0.284810126 0 -0.398734182
v 0.297468364 0 -0.398734182
v 0.310126603 0 -0.398734182
v 0.322784841 0 -0.398734182
v 0.335443079 0 -0.398734182
v 0.348101258 0 -0.398734182
v 0.360759497 0 -0.398734182
v 0.373417735 0 -0.398734182
v 0.386075974 0 -0.398734182
v 0.398734212 0 -0.398734182
v 0.41139245 0 -0.398734182
v 0.424050629 0 -0.398734182
v 0.436708868 0 -0.398734182
v 0.449367106 0 -0.398734182
v 0.462025344 0 -0.398734182
v 0.474683583 0 -0.398734182
v 0.487341821 0 -0.398734182
v 0.5 0 -0.398734182
v -0.5 0 -0.386075944
v -0.487341762 0 -0.386075944
v -0.474683553 0 -0.386075944
v -0.462025315 0 -0.386075944
v -0.449367076 0 -0.386075944
v -0.436708868 0 -0.386075944
v -0.424050629 0 -0.386075944
v -0.411392391 0 -0.386075944
v -0.398734182 0 -0.386075944
v -0.386075944 0 -0.386075944
v -0.373417735 0 -0.386075944
v -0.360759497 0 -0.386075944
v -0.348101258 0 -0.386075944
v -0.33544302 0 -0.386075944
v -0.322784811 0 -0.386075944
v -0.310126573 0 -0.386075944
v -0.297468364 0 -0.386075944
v -0.284810126 0 -0.386075944
v -0.272151887 0 -0.386075944
v -0.259493649 0 -0.386075944
v -0.24683544 0 -0.386075944
v -0.234177202 0 -0.386075944
v -0.221518993 0 -0.386075944
v -0.208860755 0 -0.386075944
v -0.196202517 0 -0.386075944
v -0.183544308 0 -0.386075944
v -0.17088607 0 -0.386075944
v -0.158227831 0 -0.386075944
v -0.145569623 0 -0.386075944
v -0.132911384 0 -0.386075944
v -0.120253146 0 -0.386075944
v -0.107594937 0 -0.386075944
v -0.0949366987 0 -0.386075944
v -0.0822784603 0 -0.386075944
v -0.0696202517 0 -0.386075944
v -0.0569620132 0 -0.386075944
v -0.0443037748 0 -0.386075944
v -0.0316455662 0 -0.386075944
v -0.0189873278 0 -0.386075944
v -0.0063290894 0 -0.386075944
v 0.00632911921 0 -0.386075944
v 0.0189873576 0 -0.386075944
v 0.031645596 0 -0.386075944
v 0.0443038344 0 -0.386075944
v 0.0569620132 0 -0.386075944
v 0.0696202517 0 -0.386075944
v 0.0822784901 0 -0.386075944
v 0.0949367285 0 -0.386075944
v 0.107594967 0 -0.386075944
v 0.120253205 0 -0.386075944
v 0.132911384 0 -0.386075944
v 0.145569623 0 -0.386075944
v 0.158227861 0 -0.386075944
v 0.170886099 0 -0.386075944
v 0.183544338 0 -0.386075944
v 0.196202576 0 -0.386075944
v 0.208860755 0 -0.386075944
v 0.221518993 0 -0.386075944
v 0.234177232 0 -0.386075944
v 0.24683547 0 -0.386075944
v 0.259493709 0 -0.386075944
v 0.272151947 0 -0.386075944
v 0.284810126 0 -0.386075944
v 0.297468364 0 -0.386075944
v 0.310126603 0 -0.386075944
v 0.322784841 0 -0.386075944
v 0.335443079 0 -0.386075944
v 0.348101258 0 -0.386075944
v 0.360759497 0 -0.386075944
v 0.373417735 0 -0.386075944
v 0.386075974 0 -0.386075944
v 0.398734212 0 -0.386075944
v 0.41139245 0 -0.386075944
v 0.424050629 0 -0.386075944
v 0.436708868 0 -0.386075944
v 0.449367106 0 -0.386075944
v 0.462025344 0 -0.386075944
v 0.474683583 0 -0.386075944
v 0.487341821 0 -0.386075944
v 0.5 0 -0.386075944
v -0.5 0 -0.373417735
v -0.487341762 0 -0.373417735
v -0.474683553 0 -0.373417735
v -0.462025315 0 -0.373417735
v -0.449367076 0 -0.373417735
v -0.436708868 0 -0.373417735
v -0.424050629 0 -0.373417735
v -0.411392391 0 -0.373417735
v -0.398734182 0 -0.373417735
v -0.386075944 0 -0.373417735
v -0.373417735 0 -0.373417735
v -0.360759497 0 -0.373417735
v -0.348101258 0 -0.373417735
v -0.33544302 0 -0.373417735
v -0.322784811 0 -0.373417735
v -0.310126573 0 -0.373417735
v -0.297468364 0 -0.373417735
v -0.284810126 0 -0.373417735
v -0.272151887 0 -0.373417735
v -0.259493649 0 -0.373417735
v -0.24683544 0 -0.373417735
v -0.234177202 0 -0.373417735
v -0.221518993 0 -0.373417735
v -0.208860755 0 -0.373417735
v -0.196202517 0 -0.373417735
v -0.183544308 0 -0.373417735
v -0.17088607 0 -0.373417735
v -0.158227831 0 -0.373417735
v -0.145569623 0 -0.373417735
v -0.132911384 0 -0.373417735
v -0.120253146 0 -0.373417735
v -0.107594937 0 -0.373417735
v -0.0949366987 0 -0.373417735
v -0.0822784603 0 -0.373417735
v -0.0696202517 0 -0.373417735
v -0.0569620132 0 -0.373417735
v -0.0443037748 0 -0.373417735
v -0.0316455662 0 -0.373417735
v -0.0189873278 0 -0.373417735
v -0.0063290894 0 -0.373417735
v 0.00632911921 0 -0.373417735
v 0.0189873576 0 -0.373417735
v 0.031645596 0 -0.373417735
v 0.0443038344 0 -0.373417735
v 0.0569620132 0 -0.373417735
v 0.0696202517 0 -0.373417735
v 0.0822784901 0 -0.373417735
v 0.0949367285 0 -0.373417735
v 0.107594967 0 -0.373417735
v 0.120253205 0 -0.373417735
v 0.132911384 0 -0.373417735
v 0.145569623 0 -0.373417735
v 0.158227861 0 -0.373417735
v 0.170886099 0 -0.373417735
v 0.183544338 0 -0.373417735
v 0.196202576 0 -0.373417735
v 0.208860755 0 -0.373417735
v 0.221518993 0 -0.373417735
v 0.234177232 0 -0.373417735
v 0.24683547 0 -0.373417735
v 0.259493709 0 -0.373417735
v 0.272151947 0 -0.373417735
v 0.284810126 0 -0.373417735
v 0.297468364 0 -0.373417735
v 0.310126603 0 -0.373417735
v 0.322784841 0 -0.373417735
v 0.335443079 0 -0.373417735
v 0.348101258 0 -0.373417735
v 0.360759497 0 -0.373417735
v 0.373417735 0 -0.373417735
v 0.386075974 0 -0.373417735
v 0.398734212 0 -0.373417735
v 0.41139245 0 -0.373417735
v 0.424050629 0 -0.373417735
v 0.436708868 0 -0.373417735
v 0.449367106 0 -0.373417735
v 0.462025344 0 -0.373417735
v 0.474683583 0 -0.373417735
v 0.487341821 0 -0.373417735
v 0.5 0 -0.373417735
v -0.5 0 -0.360759497
v -0.487341762 0 -0.360759497
v -0.474683553 0 -0.360759497
v -0.462025315 0 -0.360759497
v -0.449367076 0 -0.360759497
v -0.436708868 0 -0.360759497
v -0.424050629 0 -0.360759497
v -0.411392391 0 -0.360759497
v -0.398734182 0 -0.360759497
v -0.386075944 0 -0.360759497
v -0.373417735 0 -0.360759497
v -0.360759497 0 -0.360759497
v -0.348101258 0 -0.360759497
v -0.33544302 0 -0.360759497
v -0.322784811 0 -0.360759497
v -0.310126573 0 -0.360759497
v -0.297468364 0 -0.360759497
v -0.284810126 0 -0.360759497
v -0.272151887 0 -0.360759497
v -0.259493649 0 -0.360759497
v -0.24683544 0 -0.360759497
v -0.234177202 0 -0.360759497
v -0.221518993 0 -0.360759497
v -0.208860755 0 -0.360759497
v -0.196202517 0 -0.360759497
v -0.183544308 0 -0.360759497
v -0.17088607 0 -0.360759497
v -0.158227831 0 -0.360759497
v -0.145569623 0 -0.360759497
v -0.132911384 0 -0.360759497
v -0.120253146 0 -0.360759497
v -0.107594937 0 -0.360759497
v -0.0949366987 0 -0.360759497
v -0.0822784603 0 -0.360759497
v -0.0696202517 0 -0.360759497
v -0.0569620132 0 -0.360759497
v -0.0443037748 0 -0.360759497
v -0.0316455662 0 -0.360759497
v -0.0189873278 0 -0.360759497
v -0.0063290894 0 -0.360759497
v 0.00632911921 0 -0.360759497
v 0.0189873576 0 -0.360759497
v 0.031645596 0 -0.360759497
v 0.0443038344 0 -0.360759497
v 0.0569620132 0 -0.360759497
v 0.0696202517 0 -0.360759497
v 0.0822784901 0 -0.360759497
v 0.0949367285 0 -0.360759497
v 0.107594967 0 -0.360759497
v 0.120253205 0 -0.360759497
v 0.132911384 0 -0.360759497
v 0.145569623 0 -0.360759497
v 0.158227861 0 -0.360759497
v 0.170886099 0 -0.360759497
v 0.183544338 0 -0.360759497
v 0.196202576 0 -0.360759497
v 0.208860755 0 -0.360759497
v 0.221518993 0 -0.360759497
v 0.234177232 0 -0.360759497
v 0.24683547 0 -0.360759497
v 0.259493709 0 -0.360759497
v 0.272151947 0 -0.360759497
v 0.284810126 0 -0.360759497
v 0.297468364 0 -0.360759497
v 0.310126603 0 -0.360759497
v 0.322784841 0 -0.360759497
v 0.335443079 0 -0.360759497
v 0.348101258 0 -0.360759497
v 0.360759497 0 -0.360759497
v 0.373417735 0 -0.360759497
v 0.386075974 0 -0.360759497
v 0.398734212 0 -0.360759497
v 0.41139245 0 -0.360759497
v 0.424050629 0 -0.360759497
v 0.436708868 0 -0.360759497
v 0.449367106 0 -0.360759497
v 0.462025344 0 -0.360759497
v 0.474683583 0 -0.360759497
v 0.487341821 0 -0.360759497
v 0.5 0 -0.360759497
v -0.5 0 -0.348101258
v -0.487341762 0 -0.348101258
v -0.474683553 0 -0.348101258
v -0.462025315 0 -0.348101258
v -0.449367076 0 -0.348101258
v -0.436708868 0 -0.348101258
v -0.424050629 0 -0.348101258
v -0.411392391 0 -0.348101258
v -0.398734182 0 -0.348101258
v -0.386075944 0 -0.348101258
v -0.373417735 0 -0.348101258
v -0.360759497 0 -0.348101258
v -0.348101258 0 -0.348101258
v -0.33544302 0 -0.348101258
v -0.322784811 0 -0.348101258
v -0.310126573 0 -0.348101258
v -0.297468364 0 -0.348101258
v -0.284810126 0 -0.348101258
v -0.272151887 0 -0.348101258
v -0.259493649 0 -0.348101258
v -0.24683544 0 -0.348101258
v -0.234177202 0 -0.348101258
v -0.221518993 0 -0.348101258
v -0.208860755 0 -0.348101258
v -0.196202517 0 -0.348101258
v -0.183544308 0 -0.348101258
v -0.17088607 0 -0.348101258
v -0.158227831 0 -0.348101258
v -0.145569623 0 -0.348101258
v -0.132911384 0 -0.348101258
v -0.120253146 0 -0.348101258
v -0.107594937 0 -0.348101258
v -0.0949366987 0 -0.348101258
v -0.0822784603 0 -0.348101258
v -0.0696202517 0 -0.348101258
v -0.0569620132 0 -0.348101258
v -0.0443037748 0 -0.348101258
v -0.0316455662 0 -0.348101258
v -0.0189873278 0 -0.348101258
v -0.0063290894 0 -0.348101258
v 0.00632911921 0 -0.348101258
v 0.0189873576 0 -0.348101258
v 0.031645596 0 -0.348101258
v 0.0443038344 0 -0.348101258
v 0.0569620132 0 -0.348101258
v 0.0696202517 0 -0.348101258
v 0.0822784901 0 -0.348101258
v 0.0949367285 0 -0.348101258
v 0.107594967 0 -0.348101258
v 0.120253205 0 -0.348101258
v 0.132911384 0 -0.348101258
v 0.145569623 0 -0.348101258
v 0.158227861 0 -0.348101258
v 0.170886099 0 -0.348101258
v 0.183544338 0 -0.348101258
v 0.196202576 0 -0.348101258
v 0.208860755 0 -0.348101258
v 0.221518993 0 -0.348101258
v 0.234177232 0 -0.348101258
v 0.24683547 0 -0.348101258
v 0.259493709 0 -0.348101258
v 0.272151947 0 -0.348101258
v 0.284810126 0 -0.348101258
v 0.297468364 0 -0.348101258
v 0.310126603 0 -0.348101258
v 0.322784841 0 -0.348101258
v 0.335443079 0 -0.348101258
v 0.348101258 0 -0.348101258
v 0.360759497 0 -0.348101258
v 0.373417735 0 -0.348101258
v 0.386075974 0 -0.348101258
v 0.398734212 0 -0.348101258
v 0.41139245 0 -0.348101258
v 0.424050629 0 -0.348101258
v 0.436708868 0 -0.348101258
v 0.449367106 0 -0.348101258
v 0.462025344 0 -0.348101258
v 0.474683583 0 -0.348101258
v 0.487341821 0 -0.348101258
v 0.5 0 -0.348101258
v -0.5 0 -0.33544302
v -0.487341762 0 -0.33544302
v -0.474683553 0 -0.33544302
v -0.462025315 0 -0.33544302
v -0.449367076 0 -0.33544302
v -0.436708868 0 -0.33544302
v -0.424050629 0 -0.33544302
v -0.411392391 0 -0.33544302
v -0.398734182 0 -0.33544302
v -0.386075944 0 -0.33544302
v -0.373417735 0 -0.33544302
v -0.360759497 0 -0.33544302
v -0.348101258 0 -0.33544302
v -0.33544302 0 -0.33544302
v -0.322784811 0 -0.33544302
v -0.310126573 0 -0.33544302
v -0.297468364 0 -0.33544302
v -0.284810126 0 -0.33544302
v -0.272151887 0 -0.33544302
v -0.259493649 0 -0.33544302
v -0.24683544 0 -0.33544302
v -0.234177202 0 -0.33544302
v -0.221518993 0 -0.33544302
v -0.208860755 0 -0.33544302
v -0.196202517 0 -0.33544302
v -0.183544308 0 -0.33544302
v -0.17088607 0 -0.33544302
v -0.158227831 0 -0.33544302
v -0.145569623 0 -0.33544302
v -0.132911384 0 -0.33544302
v -0.120253146 0 -0.33544302
v -0.107594937 0 -0.33544302
v -0.0949366987 0 -0.33544302
v -0.0822784603 0 -0.33544302
v -0.0696202517 0 -0.33544302
v -0.0569620132 0 -0.33544302
v -0.0443037748 0 -0.33544302
v -0.0316455662 0 -0.33544302
v -0.0189873278 0 -0.33544302
v -0.0063290894 0 -0.33544302
v 0.00632911921 0 -0.33544302
v 0.0189873576 0 -0.33544302
v 0.031645596 0 -0.33544302
v 0.0443038344 0 -0.33544302
v 0.0569620132 0 -0.33544302
v 0.0696202517 0 -0.33544302
v 0.0822784901 0 -0.33544302
v 0.0949367285 0 -0.33544302
v 0.107594967 0 -0.33544302
v 0.120253205 0 -0.33544302
v 0.132911384 0 -0.33544302
v 0.145569623 0 -0.33544302
v 0.158227861 0 -0.33544302
v 0.170886099 0 -0.33544302
v 0.183544338 0 -0.33544302
v 0.196202576 0 -0.33544302
v 0.208860755 0 -0.33544302
v 0.221518993 0 -0.33544302
v 0.234177232 0 -0.33544302
v 0.24683547 0 -0.33544302
v 0.259493709 0 -0.33544302
v 0.272151947 0 -0.33544302
v 0.284810126 0 -0.33544302
v 0.297468364 0 -0.33544302
v 0.310126603 0 -0.33544302
v 0.322784841 0 -0.33544302
v 0.335443079 0 -0.33544302
v 0.348101258 0 -0.33544302
v 0.360759497 0 -0.33544302
v 0.373417735 0 -0.33544302
v 0.386075974 0 -0.33544302
v 0.398734212 0 -0.33544302
v 0.41139245 0 -0.33544302
v 0.424050629 0 -0.33544302
v 0.436708868 0 -0.33544302
v 0.449367106 0 -0.33544302
v 0.462025344 0 -0.33544302
v 0.474683583 0 -0.33544302
v 0.487341821 0 -0.33544302
v 0.5 0 -0.33544302
v -0.5 0 -0.322784811
v -0.487341762 0 -0.322784811
v -0.474683553 0 -0.322784811
v -0.462025315 0 -0.322784811
v -0.449367076 0 -0.322784811
v -0.436708868 0 -0.322784811
v -0.424050629 0 -0.322784811
v -0.411392391 0 -0.322784811
v -0.398734182 0 -0.322784811
v -0.386075944 0 -0.322784811
v -0.373417735 0 -0.322784811
v -0.360759497 0 -0.322784811
v -0.348101258 0 -0.322784811
v -0.33544302 0 -0.322784811
v -0.322784811 0 -0.322784811
v -0.310126573 0 -0.322784811
v -0.297468364 0 -0.322784811
v -0.284810126 0 -0.322784811
v -0.272151887 0 -0.322784811
v -0.259493649 0 -0.322784811
v -0.24683544 0 -0.322784811
v -0.234177202 0 -0.322784811
v -0.221518993 0 -0.322784811
v -0.208860755 0 -0.322784811
v -0.196202517 0 -0.322784811
v -0.183544308 0 -0.322784811
v -0.17088607 0 -0.322784811
v -0.158227831 0 -0.322784811
v -0.145569623 0 -0.322784811
v -0.132911384 0 -0.322784811
v -0.120253146 0 -0.322784811
v -0.107594937 0 -0.322784811
v -0.0949366987 0 -0.322784811
v -0.0822784603 0 -0.322784811
v -0.0696202517 0 -0.322784811
v -0.0569620132 0 -0.322784811
v -0.0443037748 0 -0.322784811
v -0.0316455662 0 -0.322784811
v -0.0189873278 0 -0.322784811
v -0.0063290894 0 -0.322784811
v 0.00632911921 0 -0.322784811
v 0.0189873576 0 -0.322784811
v 0.031645596 0 -0.322784811
v 0.0443038344 0 -0.322784811
v 0.0569620132 0 -0.322784811
v 0.0696202517 0 -0.322784811
v 0.0822784901 0 -0.322784811
v 0.0949367285 0 -0.322784811
v 0.107594967 0 -0.322784811
v 0.120253205 0 -0.322784811
v 0.132911384 0 -0.322784811
v 0.145569623 0 -0.322784811
v 0.158227861 0 -0.322784811
v 0.170886099 0 -0.322784811
v 0.183544338 0 -0.322784811
v 0.196202576 0 -0.322784811
v 0.208860755 0 -0.322784811
v 0.221518993 0 -0.322784811
v 0.234177232 0 -0.322784811
v 0.24683547 0 -0.322784811
v 0.259493709 0 -0.322784811
v 0.272151947 0 -0.322784811
v 0.284810126 0 -0.322784811
v 0.297468364 0 -0.322784811
v 0.310126603 0 -0.322784811
v 0.322784841 0 -0.322784811
v 0.335443079 0 -0.322784811
v 0.348101258 0 -0.322784811
v 0.360759497 0 -0.322784811
v 0.373417735 0 -0.322784811
v 0.386075974 0 -0.322784811
v 0.398734212 0 -0.322784811
v 0.41139245 0 -0.322784811
v 0.424050629 0 -0.322784811
v 0.436708868 0 -0.322784811
v 0.449367106 0 -0.322784811
v 0.462025344 0 -0.322784811
v 0.474683583 0 -0.322784811
v 0.487341821 0 -0.322784811
v 0.5 0 -0.322784811
v -0.5 0 -0.310126573
v -0.487341762 0 -0.310126573
v -0.474683553 0 -0.310126573
v -0.462025315 0 -0.310126573
v -0.449367076 0 -0.310126573
v -0.436708868 0 -0.310126573
v -0.424050629 0 -0.310126573
v -0.411392391 0 -0.310126573
v -0.398734182 0 -0.310126573
v -0.386075944 0 -0.310126573
v -0.373417735 0 -0.310126573
v -0.360759497 0 -0.310126573
v -0.348101258 0 -0.310126573
v -0.33544302 0 -0.310126573
v -0.322784811 0 -0.310126573
v -0.310126573 0 -0.310126573
v -0.297468364 0 -0.310126573
v -0.284810126 0 -0.310126573
v -0.272151887 0 -0.310126573
v -0.259493649 0 -0.310126573
v -0.24683544 0 -0.310126573
v -0.234177202 0 -0.310126573
v -0.221518993 0 -0.310126573
v -0.208860755 0 -0.310126573
v -0.196202517 0 -0.310126573
v -0.183544308 0 -0.310126573
v -0.17088607 0 -0.310126573
v -0.158227831 0 -0.310126573
v -0.145569623 0 -0.310126573
v -0.132911384 0 -0.310126573
v -0.120253146 0 -0.310126573
v -0.107594937 0 -0.310126573
v -0.0949366987 0 -0.310126573
v -0.0822784603 0 -0.310126573
v -0.0696202517 0 -0.310126573
v -0.0569620132 0 -0.310126573
v -0.0443037748 0 -0.310126573
v -0.0316455662 0 -0.310126573
v -0.0189873278 0 -0.310126573
v -0.0063290894 0 -0.310126573
v 0.00632911921 0 -0.310126573
v 0.0189873576 0 -0.310126573
v 0.031645596 0 -0.310126573
v 0.0443038344 0 -0.310126573
v 0.0569620132 0 -0.310126573
v 0.0696202517 0 -0.310126573
v 0.0822784901 0 -0.310126573
v 0.0949367285 0 -0.310126573
v 0.107594967 0 -0.310126573
v 0.120253205 0 -0.310126573
v 0.132911384 0 -0.310126573
v 0.145569623 0 -0.310126573
v 0.158227861 0 -0.310126573
v 0.170886099 0 -0.310126573
v 0.183544338 0 -0.310126573
v 0.196202576 0 -0.310126573
v 0.208860755 0 -0.310126573
v 0.221518993 0 -0.310126573
v 0.234177232 0 -0.310126573
v 0.24683547 0 -0.310126573
v 0.259493709 0 -0.310126573
v 0.272151947 0 -0.310126573
v 0.284810126 0 -0.310126573
v 0.297468364 0 -0.310126573
v 0.310126603 0 -0.310126573
v 0.322784841 0 -0.310126573
v 0.335443079 0 -0.310126573
v 0.348101258 0 -0.310126573
v 0.360759497 0 -0.310126573
v 0.373417735 0 -0.310126573
v 0.386075974 0 -0.310126573
v 0.398734212 0 -0.310126573
v 0.41139245 0 -0.310126573
v 0.424050629 0 -0.310126573
v 0.436708868 0 -0.310126573
v 0.449367106 0 -0.310126573
v 0.462025344 0 -0.310126573
v 0.474683583 0 -0.310126573
v 0.487341821 0 -0.310126573
v 0.5 0 -0.310126573
v -0.5 0 -0.297468364
v -0.487341762 0 -0.297468364
v -0.474683553 0 -0.297468364
v -0.462025315 0 -0.297468364
v -0.449367076 0 -0.297468364
v -0.436708868 0 -0.297468364
v -0.424050629 0 -0.297468364
v -0.411392391 0 -0.297468364
v -0.398734182 0 -0.297468364
v -0.386075944 0 -0.297468364
v -0.373417735 0 -0.297468364
v -0.360759497 0 -0.297468364
v -0.348101258 0 -0.297468364
v -0.33544302 0 -0.297468364
v -0.322784811 0 -0.297468364
v -0.310126573 0 -0.297468364
v -0.297468364 0 -0.297468364
v -0.284810126 0 -0.297468364
v -0.272151887 0 -0.297468364
v -0.259493649 0 -0.297468364
v -0.24683544 0 -0.297468364
v -0.234177202 0 -0.297468364
v -0.221518993 0 -0.297468364
v -0.208860755 0 -0.297468364
v -0.196202517 0 -0.297468364
v -0.183544308 0 -0.297468364
v -0.17088607 0 -0.297468364
v -0.158227831 0 -0.297468364
v -0.145569623 0 -0.297468364
v -0.132911384 0 -0.297468364
v -0.120253146 0 -0.297468364
v -0.107594937 0 -0.297468364
v -0.0949366987 0 -0.297468364
v -0.0822784603 0 -0.297468364
v -0.0696202517 0 -0.297468364
v -0.0569620132 0 -0.297468364
v -0.0443037748 0 -0.297468364
v -0.0316455662 0 -0.297468364
v -0.0189873278 0 -0.297468364
v -0.0063290894 0 -0.297468364
v 0.00632911921 0 -0.297468364
v 0.0189873576 0 -0.297468364
v 0.031645596 0 -0.297468364
v 0.0443038344 0 -0.297468364
v 0.0569620132 0 -0.297468364
v 0.0696202517 0 -0.297468364
v 0.0822784901 0 -0.297468364
v 0.0949367285 0 -0.297468364
v 0.107594967 0 -0.297468364
v 0.120253205 0 -0.297468364
v 0.132911384 0 -0.297468364
v 0.145569623 0 -0.297468364
v 0.158227861 0 -0.297468364
v 0.170886099 0 -0.297468364
v 0.183544338 0 -0.297468364
v 0.196202576 0 -0.297468364
v 0.208860755 0 -0.297468364
v 0.221518993 0 -0.297468364
v 0.234177232 0 -0.297468364
v 0.24683547 0 -0.297468364
v 0.259493709 0 -0.297468364
v 0.272151947 0 -0.297468364
v 0.284810126 0 -0.297468364
v 0.297468364 0 -0.297468364
v 0.310126603 0 -0.297468364
v 0.322784841 0 -0.297468364
v 0.335443079 0 -0.297468364
v 0.348101258 0 -0.297468364
v 0.360759497 0 -0.297468364
v 0.373417735 0 -0.297468364
v 0.386075974 0 -0.297468364
v 0.398734212 0 -0.297468364
v 0.41139245 0 -0.297468364
v 0.424050629 0 -0.297468364
v 0.436708868 0 -0.297468364
v 0.449367106 0 -0.297468364
v 0.462025344 0 -0.297468364
v 0.474683583 0 -0.297468364
v 0.487341821 0 -0.297468364
v 0.5 0 -0.297468364
v -0.5 0 -0.284810126
v -0.487341762 0 -0.284810126
v -0.474683553 0 -0.284810126
v -0.462025315 0 -0.284810126
v -0.449367076 0 -0.284810126
v -0.436708868 0 -0.284810126
v -0.424050629 0 -0.284810126
v -0.411392391 0 -0.284810126
v -0.398734182 0 -0.284810126
v -0.386075944 0 -0.284810126
v -0.373417735 0 -0.284810126
v -0.360759497 0 -0.284810126
v -0.348101258 0 -0.284810126
v -0.33544302 0 -0.284810126
v -0.322784811 0 -0.284810126
v -0.310126573 0 -0.284810126
v -0.297468364 0 -0.284810126
v -0.284810126 0 -0.284810126
v -0.272151887 0 -0.284810126
v -0.259493649 0 -0.284810126
v -0.24683544 0 -0.284810126
v -0.234177202 0 -0.284810126
v -0.221518993 0 -0.284810126
v -0.208860755 0 -0.284810126
v -0.196202517 0 -0.284810126
v -0.183544308 0 -0.284810126
v -0.17088607 0 -0.284810126
v -0.158227831 0 -0.284810126
v -0.145569623 0 -0.284810126
v -0.132911384 0 -0.284810126
v -0.120253146 0 -0.284810126
v -0.107594937 0 -0.284810126
v -0.0949366987 0 -0.284810126
v -0.0822784603 0 -0.284810126
v -0.0696202517 0 -0.284810126
v -0.0569620132 0 -0.284810126
v -0.0443037748 0 -0.284810126
v -0.0316455662 0 -0.284810126
v -0.0189873278 0 -0.284810126
v -0.0063290894 0 -0.284810126
v 0.00632911921 0 -0.284810126
v 0.0189873576 0 -0.284810126
v 0.031645596 0 -0.284810126
v 0.0443038344 0 -0.284810126
v 0.0569620132 0 -0.284810126
v 0.0696202517 0 -0.284810126
v 0.0822784901 0 -0.284810126
v 0.0949367285 0 -0.284810126
v 0.107594967 0 -0.284810126
v 0.120253205 0 -0.284810126
v 0.132911384 0 -0.284810126
v 0.145569623 0 -0.284810126
v 0.158227861 0 -0.284810126
v 0.170886099 0 -0.284810126
v 0.183544338 0 -0.284810126
v 0.196202576 0 -0.284810126
v 0.208860755 0 -0.284810126
v 0.221518993 0 -0.284810126
v 0.234177232 0 -0.284810126
v 0.24683547 0 -0.284810126
v 0.259493709 0 -0.284810126
v 0.272151947 0 -0.284810126
v 0.284810126 0 -0.284810126
v 0.297468364 0 -0.284810126
v 0.310126603 0 -0.284810126
v 0.322784841 0 -0.284810126
v 0.335443079 0 -0.284810126
v 0.348101258 0 -0.284810126
v 0.360759497 0 -0.284810126
v 0.373417735 0 -0.284810126
v 0.386075974 0 -0.284810126
v 0.398734212 0 -0.284810126
v 0.41139245 0 -0.284810126
v 0.424050629 0 -0.284810126
v 0.436708868 0 -0.284810126
v 0.449367106 0 -0.284810126
v 0.462025344 0 -0.284810126
v 0.474683583 0 -0.284810126
v 0.487341821 0 -0.284810126
v 0.5 0 -0.284810126
v -0.5 0 -0.272151887
v -0.487341762 0 -0.272151887
v -0.474683553 0 -0.272151887
v -0.462025315 0 -0.272151887
v -0.449367076 0 -0.272151887
v -0.436708868 0 -0.272151887
v -0.424050629 0 -0.272151887
v -0.411392391 0 -0.272151887
v -0.398734182 0 -0.272151887
v -0.386075944 0 -0.272151887
v -0.373417735 0 -0.272151887
v -0.360759497 0 -0.272151887
v -0.348101258 0 -0.272151887
v -0.33544302 0 -0.272151887
v -0.322784811 0 -0.272151887
v -0.310126573 0 -0.272151887
v -0.297468364 0 -0.272151887
v -0.284810126 0 -0.272151887
v -0.272151887 0 -0.272151887
v -0.259493649 0 -0.272151887
v -0.24683544 0 -0.272151887
v -0.234177202 0 -0.272151887
v -0.221518993 0 -0.272151887
v -0.208860755 0 -0.272151887
v -0.196202517 0 -0.272151887
v -0.183544308 0 -0.272151887
v -0.17088607 0 -0.272151887
v -0.158227831 0 -0.272151887
v -0.145569623 0 -0.272151887
v -0.132911384 0 -0.272151887
v -0.120253146 0 -0.272151887
v -0.107594937 0 -0.272151887
v -0.0949366987 0 -0.272151887
v -0.0822784603 0 -0.272151887
v -0.0696202517 0 -0.272151887
v -0.0569620132 0 -0.272151887
v -0.0443037748 0 -0.272151887
v -0.0316455662 0 -0.272151887
v -0.0189873278 0 -0.272151887
v -0.0063290894 0 -0.272151887
v 0.00632911921 0 -0.272151887
v 0.0189873576 0 -0.272151887
v 0.031645596 0 -0.272151887
v 0.0443038344 0 -0.272151887
v 0.0569620132 0 -0.272151887
v 0.0696202517 0 -0.272151887
v 0.0822784901 0 -0.272151887
v 0.0949367285 0 -0.272151887
v 0.107594967 0 -0.272151887
v 0.120253205 0 -0.272151887
v 0.132911384 0 -0.272151887
v 0.145569623 0 -0.272151887
v 0.158227861 0 -0.272151887
v 0.170886099 0 -0.272151887
v 0.183544338 0 -0.272151887
v 0.196202576 0 -0.272151887
v 0.208860755 0 -0.272151887
v 0.221518993 0 -0.272151887
v 0.234177232 0 -0.272151887
v 0.24683547 0 -0.272151887
v 0.259493709 0 -0.272151887
v 0.272151947 0 -0.272151887
v 0.284810126 0 -0.272151887
v 0.297468364 0 -0.272151887
v 0.310126603 0 -0.272151887
v 0.322784841 0 -0.272151887
v 0.335443079 0 -0.272151887
v 0.348101258 0 -0.272151887
v 0.360759497 0 -0.272151887
v 0.373417735 0 -0.272151887
v 0.386075974 0 -0.272151887
v 0.398734212 0 -0.272151887
v 0.41139245 0 -0.272151887
v 0.424050629 0 -0.272151887
v 0.436708868 0 -0.272151887
v 0.449367106 0 -0.272151887
v 0.462025344 0 -0.272151887
v 0.474683583 0 -0.272151887
v 0.487341821 0 -0.272151887
v 0.5 0 -0.272151887
v -0.5 0 -0.259493649
v -0.487341762 0 -0.259493649
v -0.474683553 0 -0.259493649
v -0.462025315 0 -0.259493649
v -0.449367076 0 -0.259493649
v -0.436708868 0 -0.259493649
v -0.424050629 0 -0.259493649
v -0.411392391 0 -0.259493649
v -0.398734182 0 -0.259493649
v -0.386075944 0 -0.259493649
v -0.373417735 0 -0.259493649
v -0.360759497 0 -0.259493649
v -0.348101258 0 -0.259493649
v -0.33544302 0 -0.259493649
v -0.322784811 0 -0.259493649
v -0.310126573 0 -0.259493649
v -0.297468364 0 -0.259493649
v -0.284810126 0 -0.259493649
v -0.272151887 0 -0.259493649
v -0.259493649 0 -0.259493649
v -0.24683544 0 -0.259493649
v -0.234177202 0 -0.259493649
v -0.221518993 0 -0.259493649
v -0.208860755 0 -0.259493649
v -0.196202517 0 -0.259493649
v -0.183544308 0 -0.259493649
v -0.17088607 0 -0.259493649
v -0.158227831 0 -0.259493649
v -0.145569623 0 -0.259493649
v -0.132911384 0 -0.259493649
v -0.120253146 0 -0.259493649
v -0.107594937 0 -0.259493649
v -0.0949366987 0 -0.259493649
v -0.0822784603 0 -0.259493649
v -0.0696202517 0 -0.259493649
v -0.0569620132 0 -0.259493649
v -0.0443037748 0 -0.259493649
v -0.0316455662 0 -0.259493649
v -0.0189873278 0 -0.259493649
v -0.0063290894 0 -0.259493649
v 0.00632911921 0 -0.259493649
v 0.0189873576 0 -0.259493649
v 0.031645596 0 -0.259493649
v 0.0443038344 0 -0.259493649
v 0.0569620132 0 -0.259493649
v 0.0696202517 0 -0.259493649
v 0.0822784901 0 -0.259493649
v 0.0949367285 0 -0.259493649
v 0.107594967 0 -0.259493649
v 0.120253205 0 -0.259493649
v 0.132911384 0 -0.259493649
v 0.145569623 0 -0.259493649
v 0.158227861 0 -0.259493649
v 0.170886099 0 -0.259493649
v 0.183544338 0 -0.259493649
v 0.196202576 0 -0.259493649
v 0.208860755 0 -0.259493649
v 0.221518993 0 -0.259493649
v 0.234177232 0 -0.259493649
v 0.24683547 0 -0.259493649
v 0.259493709 0 -0.259493649
v 0.272151947 0 -0.259493649
v 0.284810126 0 -0.259493649
v 0.297468364 0 -0.259493649
v 0.310126603 0 -0.259493649
v 0.322784841 0 -0.259493649
v 0.335443079 0 -0.259493649
v 0.348101258 0 -0.259493649
v 0.360759497 0 -0.259493649
v 0.373417735 0 -0.259493649
v 0.386075974 0 -0.259493649
v 0.398734212 0 -0.259493649
v 0.41139245 0 -0.259493649
v 0.424050629 0 -0.259493649
v 0.436708868 0 -0.259493649
v 0.449367106 0 -0.259493649
v 0.462025344 0 -0.259493649
v 0.474683583 0 -0.259493649
v 0.487341821 0 -0.259493649
v 0.5 0 -0.259493649
v -0.5 0 -0.24683544
v -0.487341762 0 -0.24683544
v -0.474683553 0 -0.24683544
v -0.462025315 0 -0.24683544
v -0.449367076 0 -0.24683544
v -0.436708868 0 -0.24683544
v -0.424050629 0 -0.24683544
v -0.411392391 0 -0.24683544
v -0.398734182 0 -0.24683544
v -0.386075944 0 -0.24683544
v -0.373417735 0 -0.24683544
v -0.360759497 0 -0.24683544
v -0.348101258 0 -0.24683544
v -0.33544302 0 -0.24683544
v -0.322784811 0 -0.24683544
v -0.310126573 0 -0.24683544
v -0.297468364 0 -0.24683544
v -0.284810126 0 -0.24683544
v -0.272151887 0 -0.24683544
v -0.259493649 0 -0.24683544
v -0.24683544 0 -0.24683544
v -0.234177202 0 -0.24683544
v -0.221518993 0 -0.24683544
v -0.208860755 0 -0.24683544
v -0.196202517 0 -0.24683544
v -0.183544308 0 -0.24683544
v -0.17088607 0 -0.24683544
v -0.158227831 0 -0.24683544
v -0.145569623 0 -0.24683544
v -0.132911384 0 -0.24683544
v -0.120253146 0 -0.24683544
v -0.107594937 0 -0.24683544
v -0.0949366987 0 -0.24683544
v -0.0822784603 0 -0.24683544
v -0.0696202517 0 -0.24683544
v -0.0569620132 0 -0.24683544
v -0.0443037748 0 -0.24683544
v -0.0316455662 0 -0.24683544
v -0.0189873278 0 -0.24683544
v -0.0063290894 0 -0.24683544
v 0.00632911921 0 -0.24683544
v 0.0189873576 0 -0.24683544
v 0.031645596 0 -0.24683544
v 0.0443038344 0 -0.24683544
v 0.0569620132 0 -0.24683544
v 0.0696202517 0 -0.24683544
v 0.0822784901 0 -0.24683544
v 0.0949367285 0 -0.24683544
v 0.107594967 0 -0.24683544
v 0.120253205 0 -0.24683544
v 0.132911384 0 -0.24683544
v 0.145569623 0 -0.24683544
v 0.158227861 0 -0.24683544
v 0.170886099 0 -0.24683544
v 0.183544338 0 -0.24683544
v 0.196202576 0 -0.24683544
v 0.208860755 0 -0.24683544
v 0.221518993 0 -0.24683544
v 0.234177232 0 -0.24683544
v 0.24683547 0 -0.24683544
v 0.259493709 0 -0.24683544
v 0.272151947 0 -0.24683544
v 0.284810126 0 -0.24683544
v 0.297468364 0 -0.24683544
v 0.310126603 0 -0.24683544
v 0.322784841 0 -0.24683544
v 0.335443079 0 -0.24683544
v 0.348101258 0 -0.24683544
v 0.360759497 0 -0.24683544
v 0.373417735 0 -0.24683544
v 0.386075974 0 -0.24683544
v 0.398734212 0 -0.24683544
v 0.41139245 0 -0.24683544
v 0.424050629 0 -0.24683544
v 0.436708868 0 -0.24683544
v 0.449367106 0 -0.24683544
v 0.462025344 0 -0.24683544
v 0.474683583 0 -0.24683544
v 0.487341821 0 -0.24683544
v 0.5 0 -0.24683544
v -0.5 0 -0.234177202
v -0.487341762 0 -0.234177202
v -0.474683553 0 -0.234177202
v -0.462025315 0 -0.234177202
v -0.449367076 0 -0.234177202
v -0.436708868 0 -0.234177202
v -0.424050629 0 -0.234177202
v -0.411392391 0 -0.234177202
v -0.398734182 0 -0.234177202
v -0.386075944 0 -0.234177202
v -0.373417735 0 -0.234177202
v -0.360759497 0 -0.234177202
v -0.348101258 0 -0.234177202
v -0.33544302 0 -0.234177202
v -0.322784811 0 -0.234177202
v -0.310126573 0 -0.234177202
v -0.297468364 0 -0.234177202
v -0.284810126 0 -0.234177202
v -0.272151887 0 -0.234177202
v -0.259493649 0 -0.234177202
v -0.24683544 0 -0.234177202
v -0.234177202 0 -0.234177202
v -0.221518993 0 -0.234177202
v -0.208860755 0 -0.234177202
v -0.196202517 0 -0.234177202
v -0.183544308 0 -0.234177202
v -0.17088607 0 -0.234177202
v -0.158227831 0 -0.234177202
v -0.145569623 0 -0.234177202
v -0.132911384 0 -0.234177202
v -0.120253146 0 -0.234177202
v -0.107594937 0 -0.234177202
v -0.0949366987 0 -0.234177202
v -0.0822784603 0 -0.234177202
v -0.0696202517 0 -0.234177202
v -0.0569620132 0 -0.234177202
v -0.0443037748 0 -0.234177202
v -0.0316455662 0 -0.234177202
v -0.0189873278 0 -0.234177202
v -0.0063290894 0 -0.234177202
v 0.00632911921 0 -0.234177202
v 0.0189873576 0 -0.234177202
v 0.031645596 0 -0.234177202
v 0.0443038344 0 -0.234177202
v 0.0569620132 0 -0.234177202
v 0.0696202517 0 -0.234177202
v 0.0822784901 0 -0.234177202
v 0.0949367285 0 -0.234177202
v 0.107594967 0 -0.234177202
v 0.120253205 0 -0.234177202
v 0.132911384 0 -0.234177202
v 0.145569623 0 -0.234177202
v 0.158227861 0 -0.234177202
v 0.170886099 0 -0.234177202
v 0.183544338 0 -0.234177202
v 0.196202576 0 -0.234177202
v 0.208860755 0 -0.234177202
v 0.221518993 0 -0.234177202
v 0.234177232 0 -0.234177202
v 0.24683547 0 -0.234177202
v 0.259493709 0 -0.234177202
v 0.272151947 0 -0.234177202
v 0.284810126 0 -0.234177202
v 0.297468364 0 -0.234177202
v 0.310126603 0 -0.234177202
v 0.322784841 0 -0.234177202
v 0.335443079 0 -0.234177202
v 0.348101258 0 -0.234177202
v 0.360759497 0 -0.234177202
v 0.373417735 0 -0.234177202
v 0.386075974 0 -0.234177202
v 0.398734212 0 -0.234177202
v 0.41139245 0 -0.234177202
v 0.424050629 0 -0.234177202
v 0.436708868 0 -0.234177202
v 0.449367106 0 -0.234177202
v 0.462025344 0 -0.234177202
v 0.474683583 0 -0.234177202
v 0.487341821 0 -0.234177202
v 0.5 0 -0.234177202
v -0.5 0 -0.221518993
v -0.487341762 0 -0.221518993
v -0.474683553 0 -0.221518993
v -0.462025315 0 -0.221518993
v -0.449367076 0 -0.221518993
v -0.436708868 0 -0.221518993
v -0.424050629 0 -0.221518993
v -0.411392391 0 -0.221518993
v -0.398734182 0 -0.221518993
v -0.386075944 0 -0.221518993
v -0.373417735 0 -0.221518993
v -0.360759497 0 -0.221518993
v -0.348101258 0 -0.221518993
v -0.33544302 0 -0.221518993
v -0.322784811 0 -0.221518993
v -0.310126573 0 -0.221518993
v -0.297468364 0 -0.221518993
v -0.284810126 0 -0.221518993
v -0.272151887 0 -0.221518993
v -0.259493649 0 -0.221518993
v -0.24683544 0 -0.221518993
v -0.234177202 0 -0.221518993
v -0.221518993 0 -0.221518993
v -0.208860755 0 -0.221518993
v -0.196202517 0 -0.221518993
v -0.183544308 0 -0.221518993
v -0.17088607 0 -0.221518993
v -0.158227831 0 -0.221518993
v -0.145569623 0 -0.221518993
v -0.132911384 0 -0.221518993
v -0.120253146 0 -0.221518993
v -0.107594937 0 -0.221518993
v -0.0949366987 0 -0.221518993
v -0.0822784603 0 -0.221518993
v -0.0696202517 0 -0.221518993
v -0.0569620132 0 -0.221518993
v -0.0443037748 0 -0.221518993
v -0.0316455662 0 -0.221518993
v -0.0189873278 0 -0.221518993
v -0.0063290894 0 -0.221518993
v 0.00632911921 0 -0.221518993
v 0.0189873576 0 -0.221518993
v 0.031645596 0 -0.221518993
v 0.0443038344 0 -0.221518993
v 0.0569620132 0 -0.221518993
v 0.0696202517 0 -0.221518993
v 0.0822784901 0 -0.221518993
v 0.0949367285 0 -0.221518993
v 0.107594967 0 -0.221518993
v 0.120253205 0 -0.221518993
v 0.132911384 0 -0.221518993
v 0.145569623 0 -0.221518993
v 0.158227861 0 -0.221518993
v 0.170886099 0 -0.221518993
v 0.183544338 0 -0.221518993
v 0.196202576 0 -0.221518993
v 0.208860755 0 -0.221518993
v 0.221518993 0 -0.221518993
v 0.234177232 0 -0.221518993
v 0.24683547 0 -0.221518993
v 0.259493709 0 -0.221518993
v 0.272151947 0 -0.221518993
v 0.284810126 0 -0.221518993
v 0.297468364 0 -0.221518993
v 0.310126603 0 -0.221518993
v 0.322784841 0 -0.221518993
v 0.335443079 0 -0.221518993
v 0.348101258 0 -0.221518993
v 0.360759497 0 -0.221518993
v 0.373417735 0 -0.221518993
v 0.386075974 0 -0.221518993
v 0.398734212 0 -0.221518993
v 0.41139245 0 -0.221518993
v 0.424050629 0 -0.221518993
v 0.436708868 0 -0.221518993
v 0.449367106 0 -0.221518993
v 0.462025344 0 -0.221518993
v 0.474683583 0 -0.221518993
v 0.487341821 0 -0.221518993
v 0.5 0 -0.221518993
v -0.5 0 -0.208860755
v -0.487341762 0 -0.208860755
v -0.474683553 0 -0.208860755
v -0.462025315 0 -0.208860755
v -0.449367076 0 -0.208860755
v -0.436708868 0 -0.208860755
v -0.424050629 0 -0.208860755
v -0.411392391 0 -0.208860755
v -0.398734182 0 -0.208860755
v -0.386075944 0 -0.208860755
v -0.373417735 0 -0.208860755
v -0.360759497 0 -0.208860755
v -0.348101258 0 -0.208860755
v -0.33544302 0 -0.208860755
v -0.322784811 0 -0.208860755
v -0.310126573 0 -0.208860755
v -0.297468364 0 -0.208860755
v -0.284810126 0 -0.208860755
v -0.272151887 0 -0.208860755
v -0.259493649 0 -0.208860755
v -0.24683544 0 -0.208860755
v -0.234177202 0 -0.208860755
v -0.221518993 0 -0.208860755
v -0.208860755 0 -0.208860755
v -0.196202517 0 -0.208860755
v -0.183544308 0 -0.208860755
v -0.17088607 0 -0.208860755
v -0.158227831 0 -0.208860755
v -0.145569623 0 -0.208860755
v -0.132911384 0 -0.208860755
v -0.120253146 0 -0.208860755
v -0.107594937 0 -0.208860755
v -0.0949366987 0 -0.208860755
v -0.0822784603 0 -0.208860755
v -0.0696202517 0 -0.208860755
v -0.0569620132 0 -0.208860755
v -0.0443037748 0 -0.208860755
v -0.0316455662 0 -0.208860755
v -0.0189873278 0 -0.208860755
v -0.0063290894 0 -0.208860755
v 0.00632911921 0 -0.208860755
v 0.0189873576 0 -0.208860755
v 0.031645596 0 -0.208860755
v 0.0443038344 0 -0.208860755
v 0.0569620132 0 -0.208860755
v 0.0696202517 0 -0.208860755
v 0.0822784901 0 -0.208860755
v 0.0949367285 0 -0.208860755
v 0.107594967 0 -0.208860755
v 0.120253205 0 -0.208860755
v 0.132911384 0 -0.208860755
v 0.145569623 0 -0.208860755
v 0.158227861 0 -0.208860755
v 0.170886099 0 -0.208860755
v 0.183544338 0 -0.208860755
v 0.196202576 0 -0.208860755
v 0.208860755 0 -0.208860755
v 0.221518993 0 -0.208860755
v 0.234177232 0 -0.208860755
v 0.24683547 0 -0.208860755
v 0.259493709 0 -0.208860755
v 0.272151947 0 -0.208860755
v 0.284810126 0 -0.208860755
v 0.297468364 0 -0.208860755
v 0.310126603 0 -0.208860755
v 0.322784841 0 -0.208860755
v 0.335443079 0 -0.208860755
v 0.348101258 0 -0.208860755
v 0.360759497 0 -0.208860755
v 0.373417735 0 -0.208860755
v 0.386075974 0 -0.208860755
v 0.398734212 0 -0.208860755
v 0.41139245 0 -0.208860755
v 0.424050629 0 -0.208860755
v 0.436708868 0 -0.208860755
v 0.449367106 0 -0.208860755
v 0.462025344 0 -0.208860755
v 0.474683583 0 -0.208860755
v 0.487341821 0 -0.208860755
v 0.5 0 -0.208860755
v -0.5 0 -0.196202517
v -0.487341762 0 -0.196202517
v -0.474683553 0 -0.196202517
v -0.462025315 0 -0.196202517
v -0.449367076 0 -0.196202517
v -0.436708868 0 -0.196202517
v -0.424050629 0 -0.196202517
v -0.411392391 0 -0.196202517
v -0.398734182 0 -0.196202517
v -0.386075944 0 -0.196202517
v -0.373417735 0 -0.196202517
v -0.360759497 0 -0.196202517
v -0.348101258 0 -0.196202517
v -0.33544302 0 -0.196202517
v -0.322784811 0 -0.196202517
v -0.310126573 0 -0.196202517
v -0.297468364 0 -0.196202517
v -0.284810126 0 -0.196202517
v -0.272151887 0 -0.196202517
v -0.259493649 0 -0.196202517
v -0.24683544 0 -0.196202517
v -0.234177202 0 -0.196202517
v -0.221518993 0 -0.196202517
v -0.208860755 0 -0.196202517
v -0.196202517 0 -0.196202517
v -0.183544308 0 -0.196202517
v -0.17088607 0 -0.196202517
v -0.158227831 0 -0.196202517
v -0.145569623 0 -0.196202517
v -0.132911384 0 -0.196202517
v -0.120253146 0 -0.196202517
v -0.107594937 0 -0.196202517
v -0.0949366987 0 -0.196202517
v -0.0822784603 0 -0.196202517
v -0.0696202517 0 -0.196202517
v -0.0569620132 0 -0.196202517
v -0.0443037748 0 -0.196202517
v -0.0316455662 0 -0.196202517
v -0.0189873278 0 -0.196202517
v -0.0063290894 0 -0.196202517
v 0.00632911921 0 -0.196202517
v 0.0189873576 0 -0.196202517
v 0.031645596 0 -0.196202517
v 0.0443038344 0 -0.196202517
v 0.0569620132 0 -0.196202517
v 0.0696202517 0 -0.196202517
v 0.0822784901 0 -0.196202517
v 0.0949367285 0 -0.196202517
v 0.107594967 0 -0.196202517
v 0.120253205 0 -0.196202517
v 0.132911384 0 -0.196202517
v 0.145569623 0 -0.196202517
v 0.158227861 0 -0.196202517
v 0.170886099 0 -0.196202517
v 0.183544338 0 -0.196202517
v 0.196202576 0 -0.196202517
v 0.208860755 0 -0.196202517
v 0.221518993 0 -0.196202517
v 0.234177232 0 -0.196202517
v 0.24683547 0 -0.196202517
v 0.259493709 0 -0.196202517
v 0.272151947 0 -0.196202517
v 0.284810126 0 -0.196202517
v 0.297468364 0 -0.196202517
v 0.310126603 0 -0.196202517
v 0.322784841 0 -0.196202517
v 0.335443079 0 -0.196202517
v 0.348101258 0 -0.196202517
v 0.360759497 0 -0.196202517
v 0.373417735 0 -0.196202517
v 0.386075974 0 -0.196202517
v 0.398734212 0 -0.196202517
v 0.41139245 0 -0.196202517
v 0.424050629 0 -0.196202517
v 0.436708868 0 -0.196202517
v 0.449367106 0 -0.196202517
v 0.462025344 0 -0.196202517
v 0.474683583 0 -0.196202517
v 0.487341821 0 -0.196202517
v 0.5 0 -0.196202517
v -0.5 0 -0.183544308
v -0.487341762 0 -0.183544308
v -0.474683553 0 -0.183544308
v -0.462025315 0 -0.183544308
v -0.449367076 0 -0.183544308
v -0.436708868 0 -0.183544308
v -0.424050629 0 -0.183544308
v -0.411392391 0 -0.183544308
v -0.398734182 0 -0.183544308
v -0.386075944 0 -0.183544308
v -0.373417735 0 -0.183544308
v -0.360759497 0 -0.183544308
v -0.348101258 0 -0.183544308
v -0.33544302 0 -0.183544308
v -0.322784811 0 -0.183544308
v -0.310126573 0 -0.183544308
v -0.297468364 0 -0.183544308
v -0.284810126 0 -0.183544308
v -0.272151887 0 -0.183544308
v -0.259493649 0 -0.183544308
v -0.24683544 0 -0.183544308
v -0.234177202 0 -0.183544308
v -0.221518993 0 -0.183544308
v -0.208860755 0 -0.183544308
v -0.196202517 0 -0.183544308
v -0.183544308 0 -0.183544308
v -0.17088607 0 -0.183544308
v -0.158227831 0 -0.183544308
v -0.145569623 0 -0.183544308
v -0.132911384 0 -0.183544308
v -0.120253146 0 -0.183544308
v -0.107594937 0 -0.183544308
v -0.0949366987 0 -0.183544308
v -0.0822784603 0 -0.183544308
v -0.0696202517 0 -0.183544308
v -0.0569620132 0 -0.183544308
v -0.0443037748 0 -0.183544308
v -0.0316455662 0 -0.183544308
v -0.0189873278 0 -0.183544308
v -0.0063290894 0 -0.183544308
v 0.00632911921 0 -0.183544308
v 0.0189873576 0 -0.183544308
v 0.031645596 0 -0.183544308
v 0.0443038344 0 -0.183544308
v 0.0569620132 0 -0.183544308
v 0.0696202517 0 -0.183544308
v 0.0822784901 0 -0.183544308
v 0.0949367285 0 -0.183544308
v 0.107594967 0 -0.183544308
v 0.120253205 0 -0.183544308
v 0.132911384 0 -0.183544308
v 0.145569623 0 -0.183544308
v 0.158227861 0 -0.183544308
v 0.170886099 0 -0.183544308
v 0.183544338 0 -0.183544308
v 0.196202576 0 -0.183544308
v 0.208860755 0 -0.183544308
v 0.221518993 0 -0.183544308
v 0.234177232 0 -0.183544308
v 0.24683547 0 -0.183544308
v 0.259493709 0 -0.183544308
v 0.272151947 0 -0.183544308
v 0.284810126 0 -0.183544308
v 0.297468364 0 -0.183544308
v 0.310126603 0 -0.183544308
v 0.322784841 0 -0.183544308
v 0.335443079 0 -0.183544308
v 0.348101258 0 -0.183544308
v 0.360759497 0 -0.183544308
v 0.373417735 0 -0.183544308
v 0.386075974 0 -0.183544308
v 0.398734212 0 -0.183544308
v 0.41139245 0 -0.183544308
v 0.424050629 0 -0.183544308
v 0.436708868 0 -0.183544308
v 0.449367106 0 -0.183544308
v 0.462025344 0 -0.183544308
v 0.474683583 0 -0.183544308
v 0.487341821 0 -0.183544308
v 0.5 0 -0.183544308
v -0.5 0 -0.17088607
v -0.487341762 0 -0.17088607
v -0.474683553 0 -0.17088607
v -0.462025315 0 -0.17088607
v -0.449367076 0 -0.17088607
v -0.436708868 0 -0.17088607
v -0.424050629 0 -0.17088607
v -0.411392391 0 -0.17088607
v -0.398734182 0 -0.17088607
v -0.386075944 0 -0.17088607
v -0.373417735 0 -0.17088607
v -0.360759497 0 -0.17088607
v -0.348101258 0 -0.17088607
v -0.33544302 0 -0.17088607
v -0.322784811 0 -0.17088607
v -0.310126573 0 -0.17088607
v -0.297468364 0 -0.17088607
v -0.284810126 0 -0.17088607
v -0.272151887 0 -0.17088607
v -0.259493649 0 -0.17088607
v -0.24683544 0 -0.17088607
v -0.234177202 0 -0.17088607
v -0.221518993 0 -0.17088607
v -0.208860755 0 -0.17088607
v -0.196202517 0 -0.17088607
v -0.183544308 0 -0.17088607
v -0.17088607 0 -0.17088607
v -0.158227831 0 -0.17088607
v -0.145569623 0 -0.17088607
v -0.132911384 0 -0.17088607
v -0.120253146 0 -0.17088607
v -0.107594937 0 -0.17088607
v -0.0949366987 0 -0.17088607
v -0.0822784603 0 -0.17088607
v -0.0696202517 0 -0.17088607
v -0.0569620132 0 -0.17088607
v -0.0443037748 0 -0.17088607
v -0.0316455662 0 -0.17088607
v -0.0189873278 0 -0.17088607
v -0.0063290894 0 -0.17088607
v 0.00632911921 0 -0.17088607
v 0.0189873576 0 -0.17088607
v 0.031645596 0 -0.17088607
v 0.0443038344 0 -0.17088607
v 0.0569620132 0 -0.17088607
v 0.0696202517 0 -0.17088607
v 0.0822784901 0 -0.17088607
v 0.0949367285 0 -0.17088607
v 0.107594967 0 -0.17088607
v 0.120253205 0 -0.17088607
v 0.132911384 0 -0.17088607
v 0.145569623 0 -0.17088607
v 0.158227861 0 -0.17088607
v 0.170886099 0 -0.17088607
v 0.183544338 0 -0.17088607
v 0.196202576 0 -0.17088607
v 0.208860755 0 -0.17088607
v 0.221518993 0 -0.17088607
v 0.234177232 0 -0.17088607
v 0.24683547 0 -0.17088607
v 0.259493709 0 -0.17088607
v 0.272151947 0 -0.17088607
v 0.284810126 0 -0.17088607
v 0.297468364 0 -0.17088607
v 0.310126603 0 -0.17088607
v 0.322784841 0 -0.17088607
v 0.335443079 0 -0.17088607
v 0.348101258 0 -0.17088607
v 0.360759497 0 -0.17088607
v 0.373417735 0 -0.17088607
v 0.386075974 0 -0.17088607
v 0.398734212 0 -0.17088607
v 0.41139245 0 -0.17088607
v 0.424050629 0 -0.17088607
v 0.436708868 0 -0.17088607
v 0.449367106 0 -0.17088607
v 0.462025344 0 -0.17088607
v 0.474683583 0 -0.17088607
v 0.487341821 0 -0.17088607
v 0.5 0 -0.17088607
v -0.5 0 -0.158227831
v -0.487341762 0 -0.158227831
v -0.474683553 0 -0.158227831
v -0.462025315 0 -0.158227831
v -0.449367076 0 -0.158227831
v -0.436708868 0 -0.158227831
v -0.424050629 0 -0.158227831
v -0.411392391 0 -0.158227831
v -0.398734182 0 -0.158227831
v -0.386075944 0 -0.158227831
v -0.373417735 0 -0.158227831
v -0.360759497 0 -0.158227831
v -0.348101258 0 -0.158227831
v -0.33544302 0 -0.158227831
v -0.322784811 0 -0.158227831
v -0.310126573 0 -0.158227831
v -0.297468364 0 -0.158227831
v -0.284810126 0 -0.158227831
v -0.272151887 0 -0.158227831
v -0.259493649 0 -0.158227831
v -0.24683544 0 -0.158227831
v -0.234177202 0 -0.158227831
v -0.221518993 0 -0.158227831
v -0.208860755 0 -0.158227831
v -0.196202517 0 -0.158227831
v -0.183544308 0 -0.158227831
v -0.17088607 0 -0.158227831
v -0.158227831 0 -0.158227831
v -0.145569623 0 -0.158227831
v -0.132911384 0 -0.158227831
v -0.120253146 0 -0.158227831
v -0.107594937 0 -0.158227831
v -0.0949366987 0 -0.158227831
v -0.0822784603 0 -0.158227831
v -0.0696202517 0 -0.158227831
v -0.0569620132 0 -0.158227831
v -0.0443037748 0 -0.158227831
v -0.0316455662 0 -0.158227831
v -0.0189873278 0 -0.158227831
v -0.0063290894 0 -0.158227831
v 0.00632911921 0 -0.158227831
v 0.0189873576 0 -0.158227831
v 0.031645596 0 -0.158227831
v 0.0443038344 0 -0.158227831
v 0.0569620132 0 -0.158227831
v 0.0696202517 0 -0.158227831
v 0.0822784901 0 -0.158227831
v 0.0949367285 0 -0.158227831
v 0.107594967 0 -0.158227831
v 0.120253205 0 -0.158227831
v 0.132911384 0 -0.158227831
v 0.145569623 0 -0.158227831
v 0.158227861 0 -0.158227831
v 0.170886099 0 -0.158227831
v 0.183544338 0 -0.158227831
v 0.196202576 0 -0.158227831
v 0.208860755 0 -0.158227831
v 0.221518993 0 -0.158227831
v 0.234177232 0 -0.158227831
v 0.24683547 0 -0.158227831
v 0.259493709 0 -0.158227831
v 0.272151947 0 -0.158227831
v 0.284810126 0 -0.158227831
v 0.297468364 0 -0.158227831
v 0.310126603 0 -0.158227831
v 0.322784841 0 -0.158227831
v 0.335443079 0 -0.158227831
v 0.348101258 0 -0.158227831
v 0.360759497 0 -0.158227831
v 0.373417735 0 -0.158227831
v 0.386075974 0 -0.158227831
v 0.398734212 0 -0.158227831
v 0.41139245 0 -0.158227831
v 0.424050629 0 -0.158227831
v 0.436708868 0 -0.158227831
v 0.449367106 0 -0.158227831
v 0.462025344 0 -0.158227831
v 0.474683583 0 -0.158227831
v 0.487341821 0 -0.158227831
v 0.5 0 -0.158227831
v -0.5 0 -0.145569623
v -0.487341762 0 -0.145569623
v -0.474683553 0 -0.145569623
v -0.462025315 0 -0.145569623
v -0.449367076 0 -0.145569623
v -0.436708868 0 -0.145569623
v -0.424050629 0 -0.145569623
v -0.411392391 0 -0.145569623
v -0.398734182 0 -0.145569623
v -0.386075944 0 -0.145569623
v -0.373417735 0 -0.145569623
v -0.360759497 0 -0.145569623
v -0.348101258 0 -0.145569623
v -0.33544302 0 -0.145569623
v -0.322784811 0 -0.145569623
v -0.310126573 0 -0.145569623
v -0.297468364 0 -0.145569623
v -0.284810126 0 -0.145569623
v -0.272151887 0 -0.145569623
v -0.259493649 0 -0.145569623
v -0.24683544 0 -0.145569623
v -0.234177202 0 -0.145569623
v -0.221518993 0 -0.145569623
v -0.208860755 0 -0.145569623
v -0.196202517 0 -0.145569623
v -0.183544308 0 -0.145569623
v -0.17088607 0 -0.145569623
v -0.158227831 0 -0.145569623
v -0.145569623 0 -0.145569623
v -0.132911384 0 -0.145569623
v -0.120253146 0 -0.145569623
v -0.107594937 0 -0.145569623
v -0.0949366987 0 -0.145569623
v -0.0822784603 0 -0.145569623
v -0.0696202517 0 -0.145569623
v -0.0569620132 0 -0.145569623
v -0.0443037748 0 -0.145569623
v -0.0316455662 0 -0.145569623
v -0.0189873278 0 -0.145569623
v -0.0063290894 0 -0.145569623
v 0.00632911921 0 -0.145569623
v 0.0189873576 0 -0.145569623
v 0.031645596 0 -0.145569623
v 0.0443038344 0 -0.145569623
v 0.0569620132 0 -0.145569623
v 0.0696202517 0 -0.145569623
v 0.0822784901 0 -0.145569623
v 0.0949367285 0 -0.145569623
v 0.107594967 0 -0.145569623
v 0.120253205 0 -0.145569623
v 0.132911384 0 -0.145569623
v 0.145569623 0 -0.145569623
v 0.158227861 0 -0.145569623
v 0.170886099 0 -0.145569623
v 0.183544338 0 -0.145569623
v 0.196202576 0 -0.145569623
v 0.208860755 0 -0.145569623
v 0.221518993 0 -0.145569623
v 0.234177232 0 -0.145569623
v 0.24683547 0 -0.145569623
v 0.259493709 0 -0.145569623
v 0.272151947 0 -0.145569623
v 0.284810126 0 -0.145569623
v 0.297468364 0 -0.145569623
v 0.310126603 0 -0.145569623
v 0.322784841 0 -0.145569623
v 0.335443079 0 -0.145569623
v 0.348101258 0 -0.145569623
v 0.360759497 0 -0.145569623
v 0.373417735 0 -0.145569623
v 0.386075974 0 -0.145569623
v 0.398734212 0 -0.145569623
v 0.41139245 0 -0.145569623
v 0.424050629 0 -0.145569623
v 0.436708868 0 -0.145569623
v 0.449367106 0 -0.145569623
v 0.462025344 0 -0.145569623
v 0.474683583 0 -0.145569623
v 0.487341821 0 -0.145569623
v 0.5 0 -0.145569623
v -0.5 0 -0.132911384
v -0.487341762 0 -0.132911384
v -0.474683553 0 -0.132911384
v -0.462025315 0 -0.132911384
v -0.449367076 0 -0.132911384
v -0.436708868 0 -0.132911384
v -0.424050629 0 -0.132911384
v -0.411392391 0 -0.132911384
v -0.398734182 0 -0.132911384
v -0.386075944 0 -0.132911384
v -0.373417735 0 -0.132911384
v -0.360759497 0 -0.132911384
v -0.348101258 0 -0.132911384
v -0.33544302 0 -0.132911384
v -0.322784811 0 -0.132911384
v -0.310126573 0 -0.132911384
v -0.297468364 0 -0.132911384
v -0.284810126 0 -0.132911384
v -0.272151887 0 -0.132911384
v -0.259493649 0 -0.132911384
v -0.24683544 0 -0.132911384
v -0.234177202 0 -0.132911384
v -0.221518993 0 -0.132911384
v -0.208860755 0 -0.132911384
v -0.196202517 0 -0.132911384
v -0.183544308 0 -0.132911384
v -0.17088607 0 -0.132911384
v -0.158227831 0 -0.132911384
v -0.145569623 0 -0.132911384
v -0.132911384 0 -0.132911384
v -0.120253146 0 -0.132911384
v -0.107594937 0 -0.132911384
v -0.0949366987 0 -0.132911384
v -0.0822784603 0 -0.132911384
v -0.0696202517 0 -0.132911384
v -0.0569620132 0 -0.132911384
v -0.0443037748 0 -0.132911384
v -0.0316455662 0 -0.132911384
v -0.0189873278 0 -0.132911384
v -0.0063290894 0 -0.132911384
v 0.00632911921 0 -0.132911384
v 0.0189873576 0 -0.132911384
v 0.031645596 0 -0.132911384
v 0.0443038344 0 -0.132911384
v 0.0569620132 0 -0.132911384
v 0.0696202517 0 -0.132911384
v 0.0822784901 0 -0.132911384
v 0.0949367285 0 -0.132911384
v 0.107594967 0 -0.132911384
v 0.120253205 0 -0.132911384
v 0.132911384 0 -0.132911384
v 0.145569623 0 -0.132911384
v 0.158227861 0 -0.132911384
v 0.170886099 0 -0.132911384
v 0.183544338 0 -0.132911384
v 0.196202576 0 -0.132911384
v 0.208860755 0 -0.132911384
v 0.221518993 0 -0.132911384
v 0.234177232 0 -0.132911384
v 0.24683547 0 -0.132911384
v 0.259493709 0 -0.132911384
v 0.272151947 0 -0.132911384
v 0.284810126 0 -0.132911384
v 0.297468364 0 -0.132911384
v 0.310126603 0 -0.132911384
v 0.322784841 0 -0.132911384
v 0.335443079 0 -0.132911384
v 0.348101258 0 -0.132911384
v 0.360759497 0 -0.132911384
v 0.373417735 0 -0.132911384
v 0.386075974 0 -0.132911384
v 0.398734212 0 -0.132911384
v 0.41139245 0 -0.132911384
v 0.424050629 0 -0.132911384
v 0.436708868 0 -0.132911384
v 0.449367106 0 -0.132911384
v 0.462025344 0 -0.132911384
v 0.474683583 0 -0.132911384
v 0.487341821 0 -0.132911384
v 0.5 0 -0.132911384
v -0.5 0 -0.120253146
v -0.487341762 0 -0.120253146
v -0.474683553 0 -0.120253146
v -0.462025315 0 -0.120253146
v -0.449367076 0 -0.120253146
v -0.436708868 0 -0.120253146
v -0.424050629 0 -0.120253146
v -0.411392391 0 -0.120253146
v -0.398734182 0 -0.120253146
v -0.386075944 0 -0.120253146
v -0.373417735 0 -0.120253146
v -0.360759497 0 -0.120253146
v -0.348101258 0 -0.120253146
v -0.33544302 0 -0.120253146
v -0.322784811 0 -0.120253146
v -0.310126573 0 -0.120253146
v -0.297468364 0 -0.120253146
v -0.284810126 0 -0.120253146
v -0.272151887 0 -0.120253146
v -0.259493649 0 -0.120253146
v -0.24683544 0 -0.120253146
v -0.234177202 0 -0.120253146
v -0.221518993 0 -0.120253146
v -0.208860755 0 -0.120253146
v -0.196202517 0 -0.120253146
v -0.183544308 0 -0.120253146
v -0.17088607 0 -0.120253146
v -0.158227831 0 -0.120253146
v -0.145569623 0 -0.120253146
v -0.132911384 0 -0.120253146
v -0.120253146 0 -0.120253146
v -0.107594937 0 -0.120253146
v -0.0949366987 0 -0.120253146
v -0.0822784603 0 -0.120253146
v -0.0696202517 0 -0.120253146
v -0.0569620132 0 -0.120253146
v -0.0443037748 0 -0.120253146
v -0.0316455662 0 -0.120253146
v -0.0189873278 0 -0.120253146
v -0.0063290894 0 -0.120253146
v 0.00632911921 0 -0.120253146
v 0.0189873576 0 -0.120253146
v 0.031645596 0 -0.120253146
v 0.0443038344 0 -0.120253146
v 0.0569620132 0 -0.120253146
v 0.0696202517 0 -0.120253146
v 0.0822784901 0 -0.120253146
v 0.0949367285 0 -0.120253146
v 0.107594967 0 -0.120253146
v 0.120253205 0 -0.120253146
v 0.132911384 0 -0.120253146
v 0.145569623 0 -0.120253146
v 0.158227861 0 -0.120253146
v 0.170886099 0 -0.120253146
v 0.183544338 0 -0.120253146
v 0.196202576 0 -0.120253146
v 0.208860755 0 -0.120253146
v 0.221518993 0 -0.120253146
v 0.234177232 0 -0.120253146
v 0.24683547 0 -0.120253146
v 0.259493709 0 -0.120253146
v 0.272151947 0 -0.120253146
v 0.284810126 0 -0.120253146
v 0.297468364 0 -0.120253146
v 0.310126603 0 -0.120253146
v 0.322784841 0 -0.120253146
v 0.335443079 0 -0.120253146
v 0.348101258 0 -0.120253146
v 0.360759497 0 -0.120253146
v 0.373417735 0 -0.120253146
v 0.386075974 0 -0.120253146
v 0.398734212 0 -0.120253146
v 0.41139245 0 -0.120253146
v 0.424050629 0 -0.120253146
v 0.436708868 0 -0.120253146
v 0.449367106 0 -0.120253146
v 0.462025344 0 -0.120253146
v 0.474683583 0 -0.120253146
v 0.487341821 0 -0.120253146
v 0.5 0 -0.120253146
v -0.5 0 -0.107594937
v -0.487341762 0 -0.107594937
v -0.474683553 0 -0.107594937
v -0.462025315 0 -0.107594937
v -0.449367076 0 -0.107594937
v -0.436708868 0 -0.107594937
v -0.424050629 0 -0.107594937
v -0.411392391 0 -0.107594937
v -0.398734182 0 -0.107594937
v -0.386075944 0 -0.107594937
v -0.373417735 0 -0.107594937
v -0.360759497 0 -0.107594937
v -0.348101258 0 -0.107594937
v -0.33544302 0 -0.107594937
v -0.322784811 0 -0.107594937
v -0.310126573 0 -0.107594937
v -0.297468364 0 -0.107594937
v -0.284810126 0 -0.107594937
v -0.272151887 0 -0.107594937
v -0.259493649 0 -0.107594937
v -0.24683544 0 -0.107594937
v -0.234177202 0 -0.107594937
v -0.221518993 0 -0.107594937
v -0.208860755 0 -0.107594937
v -0.196202517 0 -0.107594937
v -0.183544308 0 -0.107594937
v -0.17088607 0 -0.107594937
v -0.158227831 0 -0.107594937
v -0.145569623 0 -0.107594937
v -0.132911384 0 -0.107594937
v -0.120253146 0 -0.107594937
v -0.107594937 0 -0.107594937
v -0.0949366987 0 -0.107594937
v -0.0822784603 0 -0.107594937
v -0.0696202517 0 -0.107594937
v -0.0569620132 0 -0.107594937
v -0.0443037748 0 -0.107594937
v -0.0316455662 0 -0.107594937
v -0.0189873278 0 -0.107594937
v -0.0063290894 0 -0.107594937
v 0.00632911921 0 -0.107594937
v 0.0189873576 0 -0.107594937
v 0.031645596 0 -0.107594937
v 0.0443038344 0 -0.107594937
v 0.0569620132 0 -0.107594937
v 0.0696202517 0 -0.107594937
v 0.0822784901 0 -0.107594937
v 0.0949367285 0 -0.107594937
v 0.107594967 0 -0.107594937
v 0.120253205 0 -0.107594937
v 0.132911384 0 -0.107594937
v 0.145569623 0 -0.107594937
v 0.158227861 0 -0.107594937
v 0.170886099 0 -0.107594937
v 0.183544338 0 -0.107594937
v 0.196202576 0 -0.107594937
v 0.208860755 0 -0.107594937
v 0.221518993 0 -0.107594937
v 0.234177232 0 -0.107594937
v 0.24683547 0 -0.107594937
v 0.259493709 0 -0.107594937
v 0.272151947 0 -0.107594937
v 0.284810126 0 -0.107594937
v 0.297468364 0 -0.107594937
v 0.310126603 0 -0.107594937
v 0.322784841 0 -0.107594937
v 0.335443079 0 -0.107594937
v 0.348101258 0 -0.107594937
v 0.360759497 0 -0.107594937
v 0.373417735 0 -0.107594937
v 0.386075974 0 -0.107594937
v 0.398734212 0 -0.107594937
v 0.41139245 0 -0.107594937
v 0.424050629 0 -0.107594937
v 0.436708868 0 -0.107594937
v 0.449367106 0 -0.107594937
v 0.462025344 0 -0.107594937
v 0.474683583 0 -0.107594937
v 0.487341821 0 -0.107594937
v 0.5 0 -0.107594937
v -0.5 0 -0.0949366987
v -0.487341762 0 -0.0949366987
v -0.474683553 0 -0.0949366987
v -0.462025315 0 -0.0949366987
v -0.449367076 0 -0.0949366987
v -0.436708868 0 -0.0949366987
v -0.424050629 0 -0.0949366987
v -0.411392391 0 -0.0949366987
v -0.398734182 0 -0.0949366987
v -0.386075944 0 -0.0949366987
v -0.373417735 0 -0.0949366987
v -0.360759497 0 -0.0949366987
v -0.348101258 0 -0.0949366987
v -0.33544302 0 -0.0949366987
v -0.322784811 0 -0.0949366987
v -0.310126573 0 -0.0949366987
v -0.297468364 0 -0.0949366987
v -0.284810126 0 -0.0949366987
v -0.272151887 0 -0.0949366987
v -0.259493649 0 -0.0949366987
v -0.24683544 0 -0.0949366987
v -0.234177202 0 -0.0949366987
v -0.221518993 0 -0.0949366987
v -0.208860755 0 -0.0949366987
v -0.196202517 0 -0.0949366987
v -0.183544308 0 -0.0949366987
v -0.17088607 0 -0.0949366987
v -0.158227831 0 -0.0949366987
v -0.145569623 0 -0.0949366987
v -0.132911384 0 -0.0949366987
v -0.120253146 0 -0.0949366987
v -0.107594937 0 -0.0949366987
v -0.0949366987 0 -0.0949366987
v -0.0822784603 0 -0.0949366987
v -0.0696202517 0 -0.0949366987
v -0.0569620132 0 -0.0949366987
v -0.0443037748 0 -0.0949366987
v -0.0316455662 0 -0.0949366987
v -0.0189873278 0 -0.0949366987
v -0.0063290894 0 -0.0949366987
v 0.00632911921 0 -0.0949366987
v 0.0189873576 0 -0.0949366987
v 0.031645596 0 -0.0949366987
v 0.0443038344 0 -0.0949366987
v 0.0569620132 0 -0.0949366987
v 0.0696202517 0 -0.0949366987
v 0.0822784901 0 -0.0949366987
v 0.0949367285 0 -0.0949366987
v 0.107594967 0 -0.0949366987
v 0.120253205 0 -0.0949366987
v 0.132911384 0 -0.0949366987
v 0.145569623 0 -0.0949366987
v 0.158227861 0 -0.0949366987
v 0.170886099 0 -0.0949366987
v 0.183544338 0 -0.0949366987
v 0.196202576 0 -0.0949366987
v 0.208860755 0 -0.0949366987
v 0.221518993 0 -0.0949366987
v 0.234177232 0 -0.0949366987
v 0.24683547 0 -0.0949366987
v 0.259493709 0 -0.0949366987
v 0.272151947 0 -0.0949366987
v 0.284810126 0 -0.0949366987
v 0.297468364 0 -0.0949366987
v 0.310126603 0 -0.0949366987
v 0.322784841 0 -0.0949366987
v 0.335443079 0 -0.0949366987
v 0.348101258 0 -0.0949366987
v 0.360759497 0 -0.0949366987
v 0.373417735 0 -0.0949366987
v 0.386075974 0 -0.0949366987
v 0.398734212 0 -0.0949366987
v 0.41139245 0 -0.0949366987
v 0.424050629 0 -0.0949366987
v 0.436708868 0 -0.0949366987
v 0.449367106 0 -0.0949366987
v 0.462025344 0 -0.0949366987
v 0.474683583 0 -0.0949366987
v 0.487341821 0 -0.0949366987
v 0.5 0 -0.0949366987
v -0.5 0 -0.0822784603
v -0.487341762 0 -0.0822784603
v -0.474683553 0 -0.0822784603
v -0.462025315 0 -0.0822784603
v -0.449367076 0 -0.0822784603
v -0.436708868 0 -0.0822784603
v -0.424050629 0 -0.0822784603
v -0.411392391 0 -0.0822784603
v -0.398734182 0 -0.0822784603
v -0.386075944 0 -0.0822784603
v -0.373417735 0 -0.0822784603
v -0.360759497 0 -0.0822784603
v -0.348101258 0 -0.0822784603
v -0.33544302 0 -0.0822784603
v -0.322784811 0 -0.0822784603
v -0.310126573 0 -0.0822784603
v -0.297468364 0 -0.0822784603
v -0.284810126 0 -0.0822784603
v -0.272151887 0 -0.0822784603
v -0.259493649 0 -0.0822784603
v -0.24683544 0 -0.0822784603
v -0.234177202 0 -0.0822784603
v -0.221518993 0 -0.0822784603
v -0.208860755 0 -0.0822784603
v -0.196202517 0 -0.0822784603
v -0.183544308 0 -0.0822784603
v -0.17088607 0 -0.0822784603
v -0.158227831 0 -0.0822784603
v -0.145569623 0 -0.0822784603
v -0.132911384 0 -0.0822784603
v -0.120253146 0 -0.0822784603
v -0.107594937 0 -0.0822784603
v -0.0949366987 0 -0.0822784603
v -0.0822784603 0 -0.0822784603
v -0.0696202517 0 -0.0822784603
v -0.0569620132 0 -0.0822784603
v -0.0443037748 0 -0.0822784603
v -0.0316455662 0 -0.0822784603
v -0.0189873278 0 -0.0822784603
v -0.0063290894 0 -0.0822784603
v 0.00632911921 0 -0.0822784603
v 0.0189873576 0 -0.0822784603
v 0.031645596 0 -0.0822784603
v 0.0443038344 0 -0.0822784603
v 0.0569620132 0 -0.0822784603
v 0.0696202517 0 -0.0822784603
v 0.0822784901 0 -0.0822784603
v 0.0949367285 0 -0.0822784603
v 0.107594967 0 -0.0822784603
v 0.120253205 0 -0.0822784603
v 0.132911384 0 -0.0822784603
v 0.145569623 0 -0.0822784603
v 0.158227861 0 -0.0822784603
v 0.170886099 0 -0.0822784603
v 0.183544338 0 -0.0822784603
v 0.196202576 0 -0.0822784603
v 0.208860755 0 -0.0822784603
v 0.221518993 0 -0.0822784603
v 0.234177232 0 -0.0822784603
v 0.24683547 0 -0.0822784603
v 0.259493709 0 -0.0822784603
v 0.272151947 0 -0.0822784603
v 0.284810126 0 -0.0822784603
v 0.297468364 0 -0.0822784603
v 0.310126603 0 -0.0822784603
v 0.322784841 0 -0.0822784603
v 0.335443079 0 -0.0822784603
v 0.348101258 0 -0.0822784603
v 0.360759497 0 -0.0822784603
v 0.373417735 0 -0.0822784603
v 0.386075974 0 -0.0822784603
v 0.398734212 0 -0.0822784603
v 0.41139245 0 -0.0822784603
v 0.424050629 0 -0.0822784603
v 0.436708868 0 -0.0822784603
v 0.449367106 0 -0.0822784603
v 0.462025344 0 -0.0822784603
v 0.474683583 0 -0.0822784603
v 0.487341821 0 -0.0822784603
v 0.5 0 -0.0822784603
v -0.5 0 -0.0696202517
v -0.487341762 0 -0.0696202517
v -0.474683553 0 -0.0696202517
v -0.462025315 0 -0.0696202517
v -0.449367076 0 -0.0696202517
v -0.436708868 0 -0.0696202517
v -0.424050629 0 -0.0696202517
v -0.411392391 0 -0.0696202517
v -0.398734182 0 -0.0696202517
v -0.386075944 0 -0.0696202517
v -0.373417735 0 -0.0696202517
v -0.360759497 0 -0.0696202517
v -0.348101258 0 -0.0696202517
v -0.33544302 0 -0.0696202517
v -0.322784811 0 -0.0696202517
v -0.310126573 0 -0.0696202517
v -0.297468364 0 -0.0696202517
v -0.284810126 0 -0.0696202517
v -0.272151887 0 -0.0696202517
v -0.259493649 0 -0.0696202517
v -0.24683544 0 -0.0696202517
v -0.234177202 0 -0.0696202517
v -0.221518993 0 -0.0696202517
v -0.208860755 0 -0.0696202517
v -0.196202517 0 -0.0696202517
v -0.183544308 0 -0.0696202517
v -0.17088607 0 -0.0696202517
v -0.158227831 0 -0.0696202517
v -0.145569623 0 -0.0696202517
v -0.132911384 0 -0.0696202517
v -0.120253146 0 -0.0696202517
v -0.107594937 0 -0.0696202517
v -0.0949366987 0 -0.0696202517
v -0.0822784603 0 -0.0696202517
v -0.0696202517 0 -0.0696202517
v -0.0569620132 0 -0.0696202517
v -0.0443037748 0 -0.0696202517
v -0.0316455662 0 -0.0696202517
v -0.0189873278 0 -0.0696202517
v -0.0063290894 0 -0.0696202517
v 0.00632911921 0 -0.0696202517
v 0.0189873576 0 -0.0696202517
v 0.031645596 0 -0.0696202517
v 0.0443038344 0 -0.0696202517
v 0.0569620132 0 -0.0696202517
v 0.0696202517 0 -0.0696202517
v 0.0822784901 0 -0.0696202517
v 0.0949367285 0 -0.0696202517
v 0.107594967 0 -0.0696202517
v 0.120253205 0 -0.0696202517
v 0.132911384 0 -0.0696202517
v 0.145569623 0 -0.0696202517
v 0.158227861 0 -0.0696202517
v 0.170886099 0 -0.0696202517
v 0.183544338 0 -0.0696202517
v 0.196202576 0 -0.0696202517
v 0.208860755 0 -0.0696202517
v 0.221518993 0 -0.0696202517
v 0.234177232 0 -0.0696202517
v 0.24683547 0 -0.0696202517
v 0.259493709 0 -0.0696202517
v 0.272151947 0 -0.0696202517
v 0.284810126 0 -0.0696202517
v 0.297468364 0 -0.0696202517
v 0.310126603 0 -0.0696202517
v 0.322784841 0 -0.0696202517
v 0.335443079 0 -0.0696202517
v 0.348101258 0 -0.0696202517
v 0.360759497 0 -0.0696202517
v 0.373417735 0 -0.0696202517
v 0.386075974 0 -0.0696202517
v 0.398734212 0 -0.0696202517
v 0.41139245 0 -0.0696202517
v 0.424050629 0 -0.0696202517
v 0.436708868 0 -0.0696202517
v 0.449367106 0 -0.0696202517
v 0.462025344 0 -0.0696202517
v 0.474683583 0 -0.0696202517
v 0.487341821 0 -0.0696202517
v 0.5 0 -0.0696202517
v -0.5 0 -0.0569620132
v -0.487341762 0 -0.0569620132
v -0.474683553 0 -0.0569620132
v -0.462025315 0 -0.0569620132
v -0.449367076 0 -0.0569620132
v -0.436708868 0 -0.0569620132
v -0.424050629 0 -0.0569620132
v -0.411392391 0 -0.0569620132
v -0.398734182 0 -0.0569620132
v -0.386075944 0 -0.0569620132
v -0.373417735 0 -0.0569620132
v -0.360759497 0 -0.0569620132
v -0.348101258 0 -0.0569620132
v -0.33544302 0 -0.0569620132
v -0.322784811 0 -0.0569620132
v -0.310126573 0 -0.0569620132
v -0.297468364 0 -0.0569620132
v -0.284810126 0 -0.0569620132
v -0.272151887 0 -0.0569620132
v -0.259493649 0 -0.0569620132
v -0.24683544 0 -0.0569620132
v -0.234177202 0 -0.0569620132
v -0.221518993 0 -0.0569620132
v -0.208860755 0 -0.0569620132
v -0.196202517 0 -0.0569620132
v -0.183544308 0 -0.0569620132
v -0.17088607 0 -0.0569620132
v -0.158227831 0 -0.0569620132
v -0.145569623 0 -0.0569620132
v -0.132911384 0 -0.0569620132
v -0.120253146 0 -0.0569620132
v -0.107594937 0 -0.0569620132
v -0.0949366987 0 -0.0569620132
v -0.0822784603 0 -0.0569620132
v -0.0696202517 0 -0.0569620132
v -0.0569620132 0 -0.0569620132
v -0.0443037748 0 -0.0569620132
v -0.0316455662 0 -0.0569620132
v -0.0189873278 0 -0.0569620132
v -0.0063290894 0 -0.0569620132
v 0.00632911921 0 -0.0569620132
v 0.0189873576 0 -0.0569620132
v 0.031645596 0 -0.0569620132
v 0.0443038344 0 -0.0569620132
v 0.0569620132 0 -0.0569620132
v 0.0696202517 0 -0.0569620132
v 0.0822784901 0 -0.0569620132
v 0.0949367285 0 -0.0569620132
v 0.107594967 0 -0.0569620132
v 0.120253205 0 -0.0569620132
v 0.132911384 0 -0.0569620132
v 0.145569623 0 -0.0569620132
v 0.158227861 0 -0.0569620132
v 0.170886099 0 -0.0569620132
v 0.183544338 0 -0.0569620132
v 0.196202576 0 -0.0569620132
v 0.208860755 0 -0.0569620132
v 0.221518993 0 -0.0569620132
v 0.234177232 0 -0.0569620132
v 0.24683547 0 -0.0569620132
v 0.259493709 0 -0.0569620132
v 0.272151947 0 -0.0569620132
v 0.284810126 0 -0.0569620132
v 0.297468364 0 -0.0569620132
v 0.310126603 0 -0.0569620132
v 0.322784841 0 -0.0569620132
v 0.335443079 0 -0.0569620132
v 0.348101258 0 -0.0569620132
v 0.360759497 0 -0.0569620132
v 0.373417735 0 -0.0569620132
v 0.386075974 0 -0.0569620132
v 0.398734212 0 -0.0569620132
v 0.41139245 0 -0.0569620132
v 0.424050629 0 -0.0569620132
v 0.436708868 0 -0.0569620132
v 0.449367106 0 -0.0569620132
v 0.462025344 0 -0.0569620132
v 0.474683583 0 -0.0569620132
v 0.487341821 0 -0.0569620132
v 0.5 0 -0.0569620132
v -0.5 0 -0.0443037748
v -0.487341762 0 -0.0443037748
v -0.474683553 0 -0.0443037748
v -0.462025315 0 -0.0443037748
v -0.449367076 0 -0.0443037748
v -0.436708868 0 -0.0443037748
v -0.424050629 0 -0.0443037748
v -0.411392391 0 -0.0443037748
v -0.398734182 0 -0.0443037748
v -0.386075944 0 -0.0443037748
v -0.373417735 0 -0.0443037748
v -0.360759497 0 -0.0443037748
v -0.348101258 0 -0.0443037748
v -0.33544302 0 -0.0443037748
v -0.322784811 0 -0.0443037748
v -0.310126573 0 -0.0443037748
v -0.297468364 0 -0.0443037748
v -0.284810126 0 -0.0443037748
v -0.272151887 0 -0.0443037748
v -0.259493649 0 -0.0443037748
v -0.24683544 0 -0.0443037748
v -0.234177202 0 -0.0443037748
v -0.221518993 0 -0.0443037748
v -0.208860755 0 -0.0443037748
v -0.196202517 0 -0.0443037748
v -0.183544308 0 -0.0443037748
v -0.17088607 0 -0.0443037748
v -0.158227831 0 -0.0443037748
v -0.145569623 0 -0.0443037748
v -0.132911384 0 -0.0443037748
v -0.120253146 0 -0.0443037748
v -0.107594937 0 -0.0443037748
v -0.0949366987 0 -0.0443037748
v -0.0822784603 0 -0.0443037748
v -0.0696202517 0 -0.0443037748
v -0.0569620132 0 -0.0443037748
v -0.0443037748 0 -0.0443037748
v -0.0316455662 0 -0.0443037748
v -0.0189873278 0 -0.0443037748
v -0.0063290894 0 -0.0443037748
v 0.00632911921 0 -0.0443037748
v 0.0189873576 0 -0.0443037748
v 0.031645596 0 -0.0443037748
v 0.0443038344 0 -0.0443037748
v 0.0569620132 0 -0.0443037748
v 0.0696202517 0 -0.0443037748
v 0.0822784901 0 -0.0443037748
v 0.0949367285 0 -0.0443037748
v 0.107594967 0 -0.0443037748
v 0.120253205 0 -0.0443037748
v 0.132911384 0 -0.0443037748
v 0.145569623 0 -0.0443037748
v 0.158227861 0 -0.0443037748
v 0.170886099 0 -0.0443037748
v 0.183544338 0 -0.0443037748
v 0.196202576 0 -0.0443037748
v 0.208860755 0 -0.0443037748
v 0.221518993 0 -0.0443037748
v 0.234177232 0 -0.0443037748
v 0.24683547 0 -0.0443037748
v 0.259493709 0 -0.0443037748
v 0.272151947 0 -0.0443037748
v 0.284810126 0 -0.0443037748
v 0.297468364 0 -0.0443037748
v 0.310126603 0 -0.0443037748
v 0.322784841 0 -0.0443037748
v 0.335443079 0 -0.0443037748
v 0.348101258 0 -0.0443037748
v 0.360759497 0 -0.0443037748
v 0.373417735 0 -0.0443037748
v 0.386075974 0 -0.0443037748
v 0.398734212 0 -0.0443037748
v 0.41139245 0 -0.0443037748
v 0.424050629 0 -0.0443037748
v 0.436708868 0 -0.0443037748
v 0.449367106 0 -0.0443037748
v 0.462025344 0 -0.0443037748
v 0.474683583 0 -0.0443037748
v 0.487341821 0 -0.0443037748
v 0.5 0 -0.0443037748
v -0.5 0 -0.0316455662
v -0.487341762 0 -0.0316455662
v -0.474683553 0 -0.0316455662
v -0.462025315 0 -0.0316455662
v -0.449367076 0 -0.0316455662
v -0.436708868 0 -0.0316455662
v -0.424050629 0 -0.0316455662
v -0.411392391 0 -0.0316455662
v -0.398734182 0 -0.0316455662
v -0.386075944 0 -0.0316455662
v -0.373417735 0 -0.0316455662
v -0.360759497 0 -0.0316455662
v -0.348101258 0 -0.0316455662
v -0.33544302 0 -0.0316455662
v -0.322784811 0 -0.0316455662
v -0.310126573 0 -0.0316455662
v -0.297468364 0 -0.0316455662
v -0.284810126 0 -0.0316455662
v -0.272151887 0 -0.0316455662
v -0.259493649 0 -0.0316455662
v -0.24683544 0 -0.0316455662
v -0.234177202 0 -0.0316455662
v -0.221518993 0 -0.0316455662
v -0.208860755 0 -0.0316455662
v -0.196202517 0 -0.0316455662
v -0.183544308 0 -0.0316455662
v -0.17088607 0 -0.0316455662
v -0.158227831 0 -0.0316455662
v -0.145569623 0 -0.0316455662
v -0.132911384 0 -0.0316455662
v -0.120253146 0 -0.0316455662
v -0.107594937 0 -0.0316455662
v -0.0949366987 0 -0.0316455662
v -0.0822784603 0 -0.0316455662
v -0.0696202517 0 -0.0316455662
v -0.0569620132 0 -0.0316455662
v -0.0443037748 0 -0.0316455662
v -0.0316455662 0 -0.0316455662
v -0.0189873278 0 -0.0316455662
v -0.0063290894 0 -0.0316455662
v 0.00632911921 0 -0.0316455662
v 0.0189873576 0 -0.0316455662
v 0.031645596 0 -0.0316455662
v 0.0443038344 0 -0.0316455662
v 0.0569620132 0 -0.0316455662
v 0.0696202517 0 -0.0316455662
v 0.0822784901 0 -0.0316455662
v 0.0949367285 0 -0.0316455662
v 0.107594967 0 -0.0316455662
v 0.120253205 0 -0.0316455662
v 0.132911384 0 -0.0316455662
v 0.145569623 0 -0.0316455662
v 0.158227861 0 -0.0316455662
v 0.170886099 0 -0.0316455662
v 0.183544338 0 -0.0316455662
v 0.196202576 0 -0.0316455662
v 0.208860755 0 -0.0316455662
v 0.221518993 0 -0.0316455662
v 0.234177232 0 -0.0316455662
v 0.24683547 0 -0.0316455662
v 0.259493709 0 -0.0316455662
v 0.272151947 0 -0.0316455662
v 0.284810126 0 -0.0316455662
v 0.297468364 0 -0.0316455662
v 0.310126603 0 -0.0316455662
v 0.322784841 0 -0.0316455662
v 0.335443079 0 -0.0316455662
v 0.348101258 0 -0.0316455662
v 0.360759497 0 -0.0316455662
v 0.373417735 0 -0.0316455662
v 0.386075974 0 -0.0316455662
v 0.398734212 0 -0.0316455662
v 0.41139245 0 -0.0316455662
v 0.424050629 0 -0.0316455662
v 0.436708868 0 -0.0316455662
v 0.449367106 0 -0.0316455662
v 0.462025344 0 -0.0316455662
v 0.474683583 0 -0.0316455662
v 0.487341821 0 -0.0316455662
v 0.5 0 -0.0316455662
v -0.5 0 -0.0189873278
v -0.487341762 0 -0.0189873278
v -0.474683553 0 -0.0189873278
v -0.462025315 0 -0.0189873278
v -0.449367076 0 -0.0189873278
v -0.436708868 0 -0.0189873278
v -0.424050629 0 -0.0189873278
v -0.411392391 0 -0.0189873278
v -0.398734182 0 -0.0189873278
v -0.386075944 0 -0.0189873278
v -0.373417735 0 -0.0189873278
v -0.360759497 0 -0.0189873278
v -0.348101258 0 -0.0189873278
v -0.33544302 0 -0.0189873278
v -0.322784811 0 -0.0189873278
v -0.310126573 0 -0.0189873278
v -0.297468364 0 -0.0189873278
v -0.284810126 0 -0.0189873278
v -0.272151887 0 -0.0189873278
v -0.259493649 0 -0.0189873278
v -0.24683544 0 -0.0189873278
v -0.234177202 0 -0.0189873278
v -0.221518993 0 -0.0189873278
v -0.208860755 0 -0.0189873278
v -0.196202517 0 -0.0189873278
v -0.183544308 0 -0.0189873278
v -0.17088607 0 -0.0189873278
v -0.158227831 0 -0.0189873278
v -0.145569623 0 -0.0189873278
v -0.132911384 0 -0.0189873278
v -0.120253146 0 -0.0189873278
v -0.107594937 0 -0.0189873278
v -0.0949366987 0 -0.0189873278
v -0.0822784603 0 -0.0189873278
v -0.0696202517 0 -0.0189873278
v -0.0569620132 0 -0.0189873278
v -0.0443037748 0 -0.0189873278
v -0.0316455662 0 -0.0189873278
v -0.0189873278 0 -0.0189873278
v -0.0063290894 0 -0.0189873278
v 0.00632911921 0 -0.0189873278
v 0.0189873576 0 -0.0189873278
v 0.031645596 0 -0.0189873278
v 0.0443038344 0 -0.0189873278
v 0.0569620132 0 -0.0189873278
v 0.0696202517 0 -0.0189873278
v 0.0822784901 0 -0.0189873278
v 0.0949367285 0 -0.0189873278
v 0.107594967 0 -0.0189873278
v 0.120253205 0 -0.0189873278
v 0.132911384 0 -0.0189873278
v 0.145569623 0 -0.0189873278
v 0.158227861 0 -0.0189873278
v 0.170886099 0 -0.0189873278
v 0.183544338 0 -0.0189873278
v 0.196202576 0 -0.0189873278
v 0.208860755 0 -0.0189873278
v 0.221518993 0 -0.0189873278
v 0.234177232 0 -0.0189873278
v 0.24683547 0 -0.0189873278
v 0.259493709 0 -0.0189873278
v 0.272151947 0 -0.0189873278
v 0.284810126 0 -0.0189873278
v 0.297468364 0 -0.0189873278
v 0.310126603 0 -0.0189873278
v 0.322784841 0 -0.0189873278
v 0.335443079 0 -0.0189873278
v 0.348101258 0 -0.0189873278
v 0.360759497 0 -0.0189873278
v 0.373417735 0 -0.0189873278
v 0.386075974 0 -0.0189873278
v 0.398734212 0 -0.0189873278
v 0.41139245 0 -0.0189873278
v 0.424050629 0 -0.0189873278
v 0.436708868 0 -0.0189873278
v 0.449367106 0 -0.0189873278
v 0.462025344 0 -0.0189873278
v 0.474683583 0 -0.0189873278
v 0.487341821 0 -0.0189873278
v 0.5 0 -0.0189873278
v -0.5 0 -0.0063290894
v -0.487341762 0 -0.0063290894
v -0.474683553 0 -0.0063290894
v -0.462025315 0 -0.0063290894
v -0.449367076 0 -0.0063290894
v -0.436708868 0 -0.0063290894
v -0.424050629 0 -0.0063290894
v -0.411392391 0 -0.0063290894
v -0.398734182 0 -0.0063290894
v -0.386075944 0 -0.0063290894
v -0.373417735 0 -0.0063290894
v -0.360759497 0 -0.0063290894
v -0.348101258 0 -0.0063290894
v -0.33544302 0 -0.0063290894
v -0.322784811 0 -0.0063290894
v -0.310126573 0 -0.0063290894
v -0.297468364 0 -0.0063290894
v -0.284810126 0 -0.0063290894
v -0.272151887 0 -0.0063290894
v -0.259493649 0 -0.0063290894
v -0.24683544 0 -0.0063290894
v -0.234177202 0 -0.0063290894
v -0.221518993 0 -0.0063290894
v -0.208860755 0 -0.0063290894
v -0.196202517 0 -0.0063290894
v -0.183544308 0 -0.0063290894
v -0.17088607 0 -0.0063290894
v -0.158227831 0 -0.0063290894
v -0.145569623 0 -0.0063290894
v -0.132911384 0 -0.0063290894
v -0.120253146 0 -0.0063290894
v -0.107594937 0 -0.0063290894
v -0.0949366987 0 -0.0063290894
v -0.0822784603 0 -0.0063290894
v -0.0696202517 0 -0.0063290894
v -0.0569620132 0 -0.0063290894
v -0.0443037748 0 -0.0063290894
v -0.0316455662 0 -0.0063290894
v -0.0189873278 0 -0.0063290894
v -0.0063290894 0 -0.0063290894
v 0.00632911921 0 -0.0063290894
v 0.0189873576 0 -0.0063290894
v 0.031645596 0 -0.0063290894
v 0.0443038344 0 -0.0063290894
v 0.0569620132 0 -0.0063290894
v 0.0696202517 0 -0.0063290894
v 0.0822784901 0 -0.0063290894
v 0.0949367285 0 -0.0063290894
v 0.107594967 0 -0.0063290894
v 0.120253205 0 -0.0063290894
v 0.132911384 0 -0.0063290894
v 0.145569623 0 -0.0063290894
v 0.158227861 0 -0.0063290894
v 0.170886099 0 -0.0063290894
v 0.183544338 0 -0.0063290894
v 0.196202576 0 -0.0063290894
v 0.208860755 0 -0.0063290894
v 0.221518993 0 -0.0063290894
v 0.234177232 0 -0.0063290894
v 0.24683547 0 -0.0063290894
v 0.259493709 0 -0.0063290894
v 0.272151947 0 -0.0063290894
v 0.284810126 0 -0.0063290894
v 0.297468364 0 -0.0063290894
v 0.310126603 0 -0.0063290894
v 0.322784841 0 -0.0063290894
v 0.335443079 0 -0.0063290894
v 0.348101258 0 -0.0063290894
v 0.360759497 0 -0.0063290894
v 0.373417735 0 -0.0063290894
v 0.386075974 0 -0.0063290894
v 0.398734212 0 -0.0063290894
v 0.41139245 0 -0.0063290894
v 0.424050629 0 -0.0063290894
v 0.436708868 0 -0.0063290894
v 0.449367106 0 -0.0063290894
v 0.462025344 0 -0.0063290894
v 0.474683583 0 -0.0063290894
v 0.487341821 0 -0.0063290894
v 0.5 0 -0.0063290894
v -0.5 0 0.00632911921
v -0.487341762 0 0.00632911921
v -0.474683553 0 0.00632911921
v -0.462025315 0 0.00632911921
v -0.449367076 0 0.00632911921
v -0.436708868 0 0.00632911921
v -0.424050629 0 0.00632911921
v -0.411392391 0 0.00632911921
v -0.398734182 0 0.00632911921
v -0.386075944 0 0.00632911921
v -0.373417735 0 0.00632911921
v -0.360759497 0 0.00632911921
v -0.348101258 0 0.00632911921
v -0.33544302 0 0.00632911921
v -0.322784811 0 0.00632911921
v -0.310126573 0 0.00632911921
v -0.297468364 0 0.00632911921
v -0.284810126 0 0.00632911921
v -0.272151887 0 0.00632911921
v -0.259493649 0 0.00632911921
v -0.24683544 0 0.00632911921
v -0.234177202 0 0.00632911921
v -0.221518993 0 0.00632911921
v -0.208860755 0 0.00632911921
v -0.196202517 0 0.00632911921
v -0.183544308 0 0.00632911921
v -0.17088607 0 0.00632911921
v -0.158227831 0 0.00632911921
v -0.145569623 0 0.00632911921
v -0.132911384 0 0.00632911921
v -0.120253146 0 0.00632911921
v -0.107594937 0 0.00632911921
v -0.0949366987 0 0.00632911921
v -0.0822784603 0 0.00632911921
v -0.0696202517 0 0.00632911921
v -0.0569620132 0 0.00632911921
v -0.0443037748 0 0.00632911921
v -0.0316455662 0 0.00632911921
v -0.0189873278 0 0.00632911921
v -0.0063290894 0 0.00632911921
v 0.00632911921 0 0.00632911921
v 0.0189873576 0 0.00632911921
v 0.031645596 0 0.00632911921
v 0.0443038344 0 0.00632911921
v 0.0569620132 0 0.00632911921
v 0.0696202517 0 0.00632911921
v 0.0822784901 0 0.00632911921
v 0.0949367285 0 0.00632911921
v 0.107594967 0 0.00632911921
v 0.120253205 0 0.00632911921
v 0.132911384 0 0.00632911921
v 0.145569623 0 0.00632911921
v 0.158227861 0 0.00632911921
v 0.170886099 0 0.00632911921
v 0.183544338 0 0.00632911921
v 0.196202576 0 0.00632911921
v 0.208860755 0 0.00632911921
v 0.221518993 0 0.00632911921
v 0.234177232 0 0.00632911921
v 0.24683547 0 0.00632911921
v 0.259493709 0 0.00632911921
v 0.272151947 0 0.00632911921
v 0.284810126 0 0.00632911921
v 0.297468364 0 0.00632911921
v 0.310126603 0 0.00632911921
v 0.322784841 0 0.00632911921
v 0.335443079 0 0.00632911921
v 0.348101258 0 0.00632911921
v 0.360759497 0 0.00632911921
v 0.373417735 0 0.00632911921
v 0.386075974 0 0.00632911921
v 0.398734212 0 0.00632911921
v 0.41139245 0 0.00632911921
v 0.424050629 0 0.00632911921
v 0.436708868 0 0.00632911921
v 0.449367106 0 0.00632911921
v 0.462025344 0 0.00632911921
v 0.474683583 0 0.00632911921
v 0.487341821 0 0.00632911921
v 0.5 0 0.00632911921
v -0.5 0 0.0189873576
v -0.487341762 0 0.0189873576
v -0.474683553 0 0.0189873576
v -0.462025315 0 0.0189873576
v -0.449367076 0 0.0189873576
v -0.436708868 0 0.0189873576
v -0.424050629 0 0.0189873576
v -0.411392391 0 0.0189873576
v -0.398734182 0 0.0189873576
v -0.386075944 0 0.0189873576
v -0.373417735 0 0.0189873576
v -0.360759497 0 0.0189873576
v -0.348101258 0 0.0189873576
v -0.33544302 0 0.0189873576
v -0.322784811 0 0.0189873576
v -0.310126573 0 0.0189873576
v -0.297468364 0 0.0189873576
v -0.284810126 0 0.0189873576
v -0.272151887 0 0.0189873576
v -0.259493649 0 0.0189873576
v -0.24683544 0 0.0189873576
v -0.234177202 0 0.0189873576
v -0.221518993 0 0.0189873576
v -0.208860755 0 0.0189873576
v -0.196202517 0 0.0189873576
v -0.183544308 0 0.0189873576
v -0.17088607 0 0.0189873576
v -0.158227831 0 0.0189873576
v -0.145569623 0 0.0189873576
v -0.132911384 0 0.0189873576
v -0.120253146 0 0.0189873576
v -0.107594937 0 0.0189873576
v -0.0949366987 0 0.0189873576
v -0.0822784603 0 0.0189873576
v -0.0696202517 0 0.0189873576
v -0.0569620132 0 0.0189873576
v -0.0443037748 0 0.0189873576
v -0.0316455662 0 0.0189873576
v -0.0189873278 0 0.0189873576
v -0.0063290894 0 0.0189873576
v 0.00632911921 0 0.0189873576
v 0.0189873576 0 0.0189873576
v 0.031645596 0 0.0189873576
v 0.0443038344 0 0.0189873576
v 0.0569620132 0 0.0189873576
v 0.0696202517 0 0.0189873576
v 0.0822784901 0 0.0189873576
v 0.0949367285 0 0.0189873576
v 0.107594967 0 0.0189873576
v 0.120253205 0 0.0189873576
v 0.132911384 0 0.0189873576
v 0.145569623 0 0.0189873576
v 0.158227861 0 0.0189873576
v 0.170886099 0 0.0189873576
v 0.183544338 0 0.0189873576
v 0.196202576 0 0.0189873576
v 0.208860755 0 0.0189873576
v 0.221518993 0 0.0189873576
v 0.234177232 0 0.0189873576
v 0.24683547 0 0.0189873576
v 0.259493709 0 0.0189873576
v 0.272151947 0 0.0189873576
v 0.284810126 0 0.0189873576
v 0.297468364 0 0.0189873576
v 0.310126603 0 0.0189873576
v 0.322784841 0 0.0189873576
v 0.335443079 0 0.0189873576
v 0.348101258 0 0.0189873576
v 0.360759497 0 0.0189873576
v 0.373417735 0 0.0189873576
v 0.386075974 0 0.0189873576
v 0.398734212 0 0.0189873576
v 0.41139245 0 0.0189873576
v 0.424050629 0 0.0189873576
v 0.436708868 0 0.0189873576
v 0.449367106 0 0.0189873576
v 0.462025344 0 0.0189873576
v 0.474683583 0 0.0189873576
v 0.487341821 0 0.0189873576
v 0.5 0 0.0189873576
v -0.5 0 0.031645596
v -0.487341762 0 0.031645596
v -0.474683553 0 0.031645596
v -0.462025315 0 0.031645596
v -0.449367076 0 0.031645596
v -0.436708868 0 0.031645596
v -0.424050629 0 0.031645596
v -0.411392391 0 0.031645596
v -0.398734182 0 0.031645596
v -0.386075944 0 0.031645596
v -0.373417735 0 0.031645596
v -0.360759497 0 0.031645596
v -0.348101258 0 0.031645596
v -0.33544302 0 0.031645596
v -0.322784811 0 0.031645596
v -0.310126573 0 0.031645596
v -0.297468364 0 0.031645596
v -0.284810126 0 0.031645596
v -0.272151887 0 0.031645596
v -0.259493649 0 0.031645596
v -0.24683544 0 0.031645596
v -0.234177202 0 0.031645596
v -0.221518993 0 0.031645596
v -0.208860755 0 0.031645596
v -0.196202517 0 0.031645596
v -0.183544308 0 0.031645596
v -0.17088607 0 0.031645596
v -0.158227831 0 0.031645596
v -0.145569623 0 0.031645596
v -0.132911384 0 0.031645596
v -0.120253146 0 0.031645596
v -0.107594937 0 0.031645596
v -0.0949366987 0 0.031645596
v -0.0822784603 0 0.031645596
v -0.0696202517 0 0.031645596
v -0.0569620132 0 0.031645596
v -0.0443037748 0 0.031645596
v -0.0316455662 0 0.031645596
v -0.0189873278 0 0.031645596
v -0.0063290894 0 0.031645596
v 0.00632911921 0 0.031645596
v 0.0189873576 0 0.031645596
v 0.031645596 0 0.031645596
v 0.0443038344 0 0.031645596
v 0.0569620132 0 0.031645596
v 0.0696202517 0 0.031645596
v 0.0822784901 0 0.031645596
v 0.0949367285 0 0.031645596
v 0.107594967 0 0.031645596
v 0.120253205 0 0.031645596
v 0.132911384 0 0.031645596
v 0.145569623 0 0.031645596
v 0.158227861 0 0.031645596
v 0.170886099 0 0.031645596
v 0.183544338 0 0.031645596
v 0.196202576 0 0.031645596
v 0.208860755 0 0.031645596
v 0.221518993 0 0.031645596
v 0.234177232 0 0.031645596
v 0.24683547 0 0.031645596
v 0.259493709 0 0.031645596
v 0.272151947 0 0.031645596
v 0.284810126 0 0.031645596
v 0.297468364 0 0.031645596
v 0.310126603 0 0.031645596
v 0.322784841 0 0.031645596
v 0.335443079 0 0.031645596
v 0.348101258 0 0.031645596
v 0.360759497 0 0.031645596
v 0.373417735 0 0.031645596
v 0.386075974 0 0.031645596
v 0.398734212 0 0.031645596
v 0.41139245 0 0.031645596
v 0.424050629 0 0.031645596
v 0.436708868 0 0.031645596
v 0.449367106 0 0.031645596
v 0.462025344 0 0.031645596
v 0.474683583 0 0.031645596
v 0.487341821 0 0.031645596
v 0.5 0 0.031645596
v -0.5 0 0.0443038344
v -0.487341762 0 0.0443038344
v -0.474683553 0 0.0443038344
v -0.462025315 0 0.0443038344
v -0.449367076 0 0.0443038344
v -0.436708868 0 0.0443038344
v -0.424050629 0 0.0443038344
v -0.411392391 0 0.0443038344
v -0.398734182 0 0.0443038344
v -0.386075944 0 0.0443038344
v -0.373417735 0 0.0443038344
v -0.360759497 0 0.0443038344
v -0.348101258 0 0.0443038344
v -0.33544302 0 0.0443038344
v -0.322784811 0 0.0443038344
v -0.310126573 0 0.0443038344
v -0.297468364 0 0.0443038344
v -0.284810126 0 0.0443038344
v -0.272151887 0 0.0443038344
v -0.259493649 0 0.0443038344
v -0.24683544 0 0.0443038344
v -0.234177202 0 0.0443038344
v -0.221518993 0 0.0443038344
v -0.208860755 0 0.0443038344
v -0.196202517 0 0.0443038344
v -0.183544308 0 0.0443038344
v -0.17088607 0 0.0443038344
v -0.158227831 0 0.0443038344
v -0.145569623 0 0.0443038344
v -0.132911384 0 0.0443038344
v -0.120253146 0 0.0443038344
v -0.107594937 0 0.0443038344
v -0.0949366987 0 0.0443038344
v -0.0822784603 0 0.0443038344
v -0.0696202517 0 0.0443038344
v -0.0569620132 0 0.0443038344
v -0.0443037748 0 0.0443038344
v -0.0316455662 0 0.0443038344
v -0.0189873278 0 0.0443038344
v -0.0063290894 0 0.0443038344
v 0.00632911921 0 0.0443038344
v 0.0189873576 0 0.0443038344
v 0.031645596 0 0.0443038344
v 0.0443038344 0 0.0443038344
v 0.0569620132 0 0.0443038344
v 0.0696202517 0 0.0443038344
v 0.0822784901 0 0.0443038344
v 0.0949367285 0 0.0443038344
v 0.107594967 0 0.0443038344
v 0.120253205 0 0.0443038344
v 0.132911384 0 0.0443038344
v 0.145569623 0 0.0443038344
v 0.158227861 0 0.0443038344
v 0.170886099 0 0.0443038344
v 0.183544338 0 0.0443038344
v 0.196202576 0 0.0443038344
v 0.208860755 0 0.0443038344
v 0.221518993 0 0.0443038344
v 0.234177232 0 0.0443038344
v 0.24683547 0 0.0443038344
v 0.259493709 0 0.0443038344
v 0.272151947 0 0.0443038344
v 0.284810126 0 0.0443038344
v 0.297468364 0 0.0443038344
v 0.310126603 0 0.0443038344
v 0.322784841 0 0.0443038344
v 0.335443079 0 0.0443038344
v 0.348101258 0 0.0443038344
v 0.360759497 0 0.0443038344
v 0.373417735 0 0.0443038344
v 0.386075974 0 0.0443038344
v 0.398734212 0 0.0443038344
v 0.41139245 0 0.0443038344
v 0.424050629 0 0.0443038344
v 0.436708868 0 0.0443038344
v 0.449367106 0 0.0443038344
v 0.462025344 0 0.0443038344
v 0.474683583 0 0.0443038344
v 0.487341821 0 0.0443038344
v 0.5 0 0.0443038344
v -0.5 0 0.0569620132
v -0.487341762 0 0.0569620132
v -0.474683553 0 0.0569620132
v -0.462025315 0 0.0569620132
v -0.449367076 0 0.0569620132
v -0.436708868 0 0.0569620132
v -0.424050629 0 0.0569620132
v -0.411392391 0 0.0569620132
v -0.398734182 0 0.0569620132
v -0.386075944 0 0.0569620132
v -0.373417735 0 0.0569620132
v -0.360759497 0 0.0569620132
v -0.348101258 0 0.0569620132
v -0.33544302 0 0.0569620132
v -0.322784811 0 0.0569620132
v -0.310126573 0 0.0569620132
v -0.297468364 0 0.0569620132
v -0.284810126 0 0.0569620132
v -0.272151887 0 0.0569620132
v -0.259493649 0 0.0569620132
v -0.24683544 0 0.0569620132
v -0.234177202 0 0.0569620132
v -0.221518993 0 0.0569620132
v -0.208860755 0 0.0569620132
v -0.196202517 0 0.0569620132
v -0.183544308 0 0.0569620132
v -0.17088607 0 0.0569620132
v -0.158227831 0 0.0569620132
v -0.145569623 0 0.0569620132
v -0.132911384 0 0.0569620132
v -0.120253146 0 0.0569620132
v -0.107594937 0 0.0569620132
v -0.0949366987 0 0.0569620132
v -0.0822784603 0 0.0569620132
v -0.0696202517 0 0.0569620132
v -0.0569620132 0 0.0569620132
v -0.0443037748 0 0.0569620132
v -0.0316455662 0 0.0569620132
v -0.0189873278 0 0.0569620132
v -0.0063290894 0 0.0569620132
v 0.00632911921 0 0.0569620132
v 0.0189873576 0 0.0569620132
v 0.031645596 0 0.0569620132
v 0.0443038344 0 0.0569620132
v 0.0569620132 0 0.0569620132
v 0.0696202517 0 0.0569620132
v 0.0822784901 0 0.0569620132
v 0.0949367285 0 0.0569620132
v 0.107594967 0 0.0569620132
v 0.120253205 0 0.0569620132
v 0.132911384 0 0.0569620132
v 0.145569623 0 0.0569620132
v 0.158227861 0 0.0569620132
v 0.170886099 0 0.0569620132
v 0.183544338 0 0.0569620132
v 0.196202576 0 0.0569620132
v 0.208860755 0 0.0569620132
v 0.221518993 0 0.0569620132
v 0.234177232 0 0.0569620132
v 0.24683547 0 0.0569620132
v 0.259493709 0 0.0569620132
v 0.272151947 0 0.0569620132
v 0.284810126 0 0.0569620132
v 0.297468364 0 0.0569620132
v 0.310126603 0 0.0569620132
v 0.322784841 0 0.0569620132
v 0.335443079 0 0.0569620132
v 0.348101258 0 0.0569620132
v 0.360759497 0 0.0569620132
v 0.373417735 0 0.0569620132
v 0.386075974 0 0.0569620132
v 0.398734212 0 0.0569620132
v 0.41139245 0 0.0569620132
v 0.424050629 0 0.0569620132
v 0.436708868 0 0.0569620132
v 0.449367106 0 0.0569620132
v 0.462025344 0 0.0569620132
v 0.474683583 0 0.0569620132
v 0.487341821 0 0.0569620132
v 0.5 0 0.0569620132
v -0.5 0 0.0696202517
v -0.487341762 0 0.0696202517
v -0.474683553 0 0.0696202517
v -0.462025315 0 0.0696202517
v -0.449367076 0 0.0696202517
v -0.436708868 0 0.0696202517
v -0.424050629 0 0.0696202517
v -0.411392391 0 0.0696202517
v -0.398734182 0 0.0696202517
v -0.386075944 0 0.0696202517
v -0.373417735 0 0.0696202517
v -0.360759497 0 0.0696202517
v -0.348101258 0 0.0696202517
v -0.33544302 0 0.0696202517
v -0.322784811 0 0.0696202517
v -0.310126573 0 0.0696202517
v -0.297468364 0 0.0696202517
v -0.284810126 0 0.0696202517
v -0.272151887 0 0.0696202517
v -0.259493649 0 0.0696202517
v -0.24683544 0 0.0696202517
v -0.234177202 0 0.0696202517
v -0.221518993 0 0.0696202517
v -0.208860755 0 0.0696202517
v -0.196202517 0 0.0696202517
v -0.183544308 0 0.0696202517
v -0.17088607 0 0.0696202517
v -0.158227831 0 0.0696202517
v -0.145569623 0 0.0696202517
v -0.132911384 0 0.0696202517
v -0.120253146 0 0.0696202517
v -0.107594937 0 0.0696202517
v -0.0949366987 0 0.0696202517
v -0.0822784603 0 0.0696202517
v -0.0696202517 0 0.0696202517
v -0.0569620132 0 0.0696202517
v -0.0443037748 0 0.0696202517
v -0.0316455662 0 0.0696202517
v -0.0189873278 0 0.0696202517
v -0.0063290894 0 0.0696202517
v 0.00632911921 0 0.0696202517
v 0.0189873576 0 0.0696202517
v 0.031645596 0 0.0696202517
v 0.0443038344 0 0.0696202517
v 0.0569620132 0 0.0696202517
v 0.0696202517 0 0.0696202517
v 0.0822784901 0 0.0696202517
v 0.0949367285 0 0.0696202517
v 0.107594967 0 0.0696202517
v 0.120253205 0 0.0696202517
v 0.132911384 0 0.0696202517
v 0.145569623 0 0.0696202517
v 0.158227861 0 0.0696202517
v 0.170886099 0 0.0696202517
v 0.183544338 0 0.0696202517
v 0.196202576 0 0.0696202517
v 0.208860755 0 0.0696202517
v 0.221518993 0 0.0696202517
v 0.234177232 0 0.0696202517
v 0.24683547 0 0.0696202517
v 0.259493709 0 0.0696202517
v 0.272151947 0 0.0696202517
v 0.284810126 0 0.0696202517
v 0.297468364 0 0.0696202517
v 0.310126603 0 0.0696202517
v 0.322784841 0 0.0696202517
v 0.335443079 0 0.0696202517
v 0.348101258 0 0.0696202517
v 0.360759497 0 0.0696202517
v 0.373417735 0 0.0696202517
v 0.386075974 0 0.0696202517
v 0.398734212 0 0.0696202517
v 0.41139245 0 0.0696202517
v 0.424050629 0 0.0696202517
v 0.436708868 0 0.0696202517
v 0.449367106 0 0.0696202517
v 0.462025344 0 0.0696202517
v 0.474683583 0 0.0696202517
v 0.487341821 0 0.0696202517
v 0.5 0 0.0696202517
v -0.5 0 0.0822784901
v -0.487341762 0 0.0822784901
v -0.474683553 0 0.0822784901
v -0.462025315 0 0.0822784901
v -0.449367076 0 0.0822784901
v -0.436708868 0 0.0822784901
v -0.424050629 0 0.0822784901
v -0.411392391 0 0.0822784901
v -0.398734182 0 0.0822784901
v -0.386075944 0 0.0822784901
v -0.373417735 0 0.0822784901
v -0.360759497 0 0.0822784901
v -0.348101258 0 0.0822784901
v -0.33544302 0 0.0822784901
v -0.322784811 0 0.0822784901
v -0.310126573 0 0.0822784901
v -0.297468364 0 0.0822784901
v -0.284810126 0 0.0822784901
v -0.272151887 0 0.0822784901
v -0.259493649 0 0.0822784901
v -0.24683544 0 0.0822784901
v -0.234177202 0 0.0822784901
v -0.221518993 0 0.0822784901
v -0.208860755 0 0.0822784901
v -0.196202517 0 0.0822784901
v -0.183544308 0 0.0822784901
v -0.17088607 0 0.0822784901
v -0.158227831 0 0.0822784901
v -0.145569623 0 0.0822784901
v -0.132911384 0 0.0822784901
v -0.120253146 0 0.0822784901
v -0.107594937 0 0.0822784901
v -0.0949366987 0 0.0822784901
v -0.0822784603 0 0.0822784901
v -0.0696202517 0 0.0822784901
v -0.0569620132 0 0.0822784901
v -0.0443037748 0 0.0822784901
v -0.0316455662 0 0.0822784901
v -0.0189873278 0 0.0822784901
v -0.0063290894 0 0.0822784901
v 0.00632911921 0 0.0822784901
v 0.0189873576 0 0.0822784901
v 0.031645596 0 0.0822784901
v 0.0443038344 0 0.0822784901
v 0.0569620132 0 0.0822784901
v 0.0696202517 0 0.0822784901
v 0.0822784901 0 0.0822784901
v 0.0949367285 0 0.0822784901
v 0.107594967 0 0.0822784901
v 0.120253205 0 0.0822784901
v 0.132911384 0 0.0822784901
v 0.145569623 0 0.0822784901
v 0.158227861 0 0.0822784901
v 0.170886099 0 0.0822784901
v 0.183544338 0 0.0822784901
v 0.196202576 0 0.0822784901
v 0.208860755 0 0.0822784901
v 0.221518993 0 0.0822784901
v 0.234177232 0 0.0822784901
v 0.24683547 0 0.0822784901
v 0.259493709 0 0.0822784901
v 0.272151947 0 0.0822784901
v 0.284810126 0 0.0822784901
v 0.297468364 0 0.0822784901
v 0.310126603 0 0.0822784901
v 0.322784841 0 0.0822784901
v 0.335443079 0 0.0822784901
v 0.348101258 0 0.0822784901
v 0.360759497 0 0.0822784901
v 0.373417735 0 0.0822784901
v 0.386075974 0 0.0822784901
v 0.398734212 0 0.0822784901
v 0.41139245 0 0.0822784901
v 0.424050629 0 0.0822784901
v 0.436708868 0 0.0822784901
v 0.449367106 0 0.0822784901
v 0.462025344 0 0.0822784901
v 0.474683583 0 0.0822784901
v 0.487341821 0 0.0822784901
v 0.5 0 0.0822784901
v -0.5 0 0.0949367285
v -0.487341762 0 0.0949367285
v -0.474683553 0 0.0949367285
v -0.462025315 0 0.0949367285
v -0.449367076 0 0.0949367285
v -0.436708868 0 0.0949367285
v -0.424050629 0 0.0949367285
v -0.411392391 0 0.0949367285
v -0.398734182 0 0.0949367285
v -0.386075944 0 0.0949367285
v -0.373417735 0 0.0949367285
v -0.360759497 0 0.0949367285
v -0.348101258 0 0.0949367285
v -0.33544302 0 0.0949367285
v -0.322784811 0 0.0949367285
v -0.310126573 0 0.0949367285
v -0.297468364 0 0.0949367285
v -0.284810126 0 0.0949367285
v -0.272151887 0 0.0949367285
v -0.259493649 0 0.0949367285
v -0.24683544 0 0.0949367285
v -0.234177202 0 0.0949367285
v -0.221518993 0 0.0949367285
v -0.208860755 0 0.0949367285
v -0.196202517 0 0.0949367285
v -0.183544308 0 0.0949367285
v -0.17088607 0 0.0949367285
v -0.158227831 0 0.0949367285
v -0.145569623 0 0.0949367285
v -0.132911384 0 0.0949367285
v -0.120253146 0 0.0949367285
v -0.107594937 0 0.0949367285
v -0.0949366987 0 0.0949367285
v -0.0822784603 0 0.0949367285
v -0.0696202517 0 0.0949367285
v -0.0569620132 0 0.0949367285
v -0.0443037748 0 0.0949367285
v -0.0316455662 0 0.0949367285
v -0.0189873278 0 0.0949367285
v -0.0063290894 0 0.0949367285
v 0.00632911921 0 0.0949367285
v 0.0189873576 0 0.0949367285
v 0.031645596 0 0.0949367285
v 0.0443038344 0 0.0949367285
v 0.0569620132 0 0.0949367285
v 0.0696202517 0 0.0949367285
v 0.0822784901 0 0.0949367285
v 0.0949367285 0 0.0949367285
v 0.107594967 0 0.0949367285
v 0.120253205 0 0.0949367285
v 0.132911384 0 0.0949367285
v 0.145569623 0 0.0949367285
v 0.158227861 0 0.0949367285
v 0.170886099 0 0.0949367285
v 0.183544338 0 0.0949367285
v 0.196202576 0 0.0949367285
v 0.208860755 0 0.0949367285
v 0.221518993 0 0.0949367285
v 0.234177232 0 0.0949367285
v 0.24683547 0 0.0949367285
v 0.259493709 0 0.0949367285
v 0.272151947 0 0.0949367285
v 0.284810126 0 0.0949367285
v 0.297468364 0 0.0949367285
v 0.310126603 0 0.0949367285
v 0.322784841 0 0.0949367285
v 0.335443079 0 0.0949367285
v 0.348101258 0 0.0949367285
v 0.360759497 0 0.0949367285
v 0.373417735 0 0.0949367285
v 0.386075974 0 0.0949367285
v 0.398734212 0 0.0949367285
v 0.41139245 0 0.0949367285
v 0.424050629 0 0.0949367285
v 0.436708868 0 0.0949367285
v 0.449367106 0 0.0949367285
v 0.462025344 0 0.0949367285
v 0.474683583 0 0.0949367285
v 0.487341821 0 0.0949367285
v 0.5 0 0.0949367285
v -0.5 0 0.107594967
v -0.487341762 0 0.107594967
v -0.474683553 0 0.107594967
v -0.462025315 0 0.107594967
v -0.449367076 0 0.107594967
v -0.436708868 0 0.107594967
v -0.424050629 0 0.107594967
v -0.411392391 0 0.107594967
v -0.398734182 0 0.107594967
v -0.386075944 0 0.107594967
v -0.373417735 0 0.107594967
v -0.360759497 0 0.107594967
v -0.348101258 0 0.107594967
v -0.33544302 0 0.107594967
v -0.322784811 0 0.107594967
v -0.310126573 0 0.107594967
v -0.297468364 0 0.107594967
v -0.284810126 0 0.107594967
v -0.272151887 0 0.107594967
v -0.259493649 0 0.107594967
v -0.24683544 0 0.107594967
v -0.234177202 0 0.107594967
v -0.221518993 0 0.107594967
v -0.208860755 0 0.107594967
v -0.196202517 0 0.107594967
v -0.183544308 0 0.107594967
v -0.17088607 0 0.107594967
v -0.158227831 0 0.107594967
v -0.145569623 0 0.107594967
v -0.132911384 0 0.107594967
v -0.120253146 0 0.107594967
v -0.107594937 0 0.107594967
v -0.0949366987 0 0.107594967
v -0.0822784603 0 0.107594967
v -0.0696202517 0 0.107594967
v -0.0569620132 0 0.107594967
v -0.0443037748 0 0.107594967
v -0.0316455662 0 0.107594967
v -0.0189873278 0 0.107594967
v -0.0063290894 0 0.107594967
v 0.00632911921 0 0.107594967
v 0.0189873576 0 0.107594967
v 0.031645596 0 0.107594967
v 0.0443038344 0 0.107594967
v 0.0569620132 0 0.107594967
v 0.0696202517 0 0.107594967
v 0.0822784901 0 0.107594967
v 0.0949367285 0 0.107594967
v 0.107594967 0 0.107594967
v 0.120253205 0 0.107594967
v 0.132911384 0 0.107594967
v 0.145569623 0 0.107594967
v 0.158227861 0 0.107594967
v 0.170886099 0 0.107594967
v 0.183544338 0 0.107594967
v 0.196202576 0 0.107594967
v 0.208860755 0 0.107594967
v 0.221518993 0 0.107594967
v 0.234177232 0 0.107594967
v 0.24683547 0 0.107594967
v 0.259493709 0 0.107594967
v 0.272151947 0 0.107594967
v 0.284810126 0 0.107594967
v 0.297468364 0 0.107594967
v 0.310126603 0 0.107594967
v 0.322784841 0 0.107594967
v 0.335443079 0 0.107594967
v 0.348101258 0 0.107594967
v 0.360759497 0 0.107594967
v 0.373417735 0 0.107594967
v 0.386075974 0 0.107594967
v 0.398734212 0 0.107594967
v 0.41139245 0 0.107594967
v 0.424050629 0 0.107594967
v 0.436708868 0 0.107594967
v 0.449367106 0 0.107594967
v 0.462025344 0 0.107594967
v 0.474683583 0 0.107594967
v 0.487341821 0 0.107594967
v 0.5 0 0.107594967
v -0.5 0 0.120253205
v -0.487341762 0 0.120253205
v -0.474683553 0 0.120253205
v -0.462025315 0 0.120253205
v -0.449367076 0 0.120253205
v -0.436708868 0 0.120253205
v -0.424050629 0 0.120253205
v -0.411392391 0 0.120253205
v -0.398734182 0 0.120253205
v -0.386075944 0 0.120253205
v -0.373417735 0 0.120253205
v -0.360759497 0 0.120253205
v -0.348101258 0 0.120253205
v -0.33544302 0 0.120253205
v -0.322784811 0 0.120253205
v -0.310126573 0 0.120253205
v -0.297468364 0 0.120253205
v -0.284810126 0 0.120253205
v -0.272151887 0 0.120253205
v -0.259493649 0 0.120253205
v -0.24683544 0 0.120253205
v -0.234177202 0 0.120253205
v -0.221518993 0 0.120253205
v -0.208860755 0 0.120253205
v -0.196202517 0 0.120253205
v -0.183544308 0 0.120253205
v -0.17088607 0 0.120253205
v -0.158227831 0 0.120253205
v -0.145569623 0 0.120253205
v -0.132911384 0 0.120253205
v -0.120253146 0 0.120253205
v -0.107594937 0 0.120253205
v -0.0949366987 0 0.120253205
v -0.0822784603 0 0.120253205
v -0.0696202517 0 0.120253205
v -0.0569620132 0 0.120253205
v -0.0443037748 0 0.120253205
v -0.0316455662 0 0.120253205
v -0.0189873278 0 0.120253205
v -0.0063290894 0 0.120253205
v 0.00632911921 0 0.120253205
v 0.0189873576 0 0.120253205
v 0.031645596 0 0.120253205
v 0.0443038344 0 0.120253205
v 0.0569620132 0 0.120253205
v 0.0696202517 0 0.120253205
v 0.0822784901 0 0.120253205
v 0.0949367285 0 0.120253205
v 0.107594967 0 0.120253205
v 0.120253205 0 0.120253205
v 0.132911384 0 0.120253205
v 0.145569623 0 0.120253205
v 0.158227861 0 0.120253205
v 0.170886099 0 0.120253205
v 0.183544338 0 0.120253205
v 0.196202576 0 0.120253205
v 0.208860755 0 0.120253205
v 0.221518993 0 0.120253205
v 0.234177232 0 0.120253205
v 0.24683547 0 0.120253205
v 0.259493709 0 0.120253205
v 0.272151947 0 0.120253205
v 0.284810126 0 0.120253205
v 0.297468364 0 0.120253205
v 0.310126603 0 0.120253205
v 0.322784841 0 0.120253205
v 0.335443079 0 0.120253205
v 0.348101258 0 0.120253205
v 0.360759497 0 0.120253205
v 0.373417735 0 0.120253205
v 0.386075974 0 0.120253205
v 0.398734212 0 0.120253205
v 0.41139245 0 0.120253205
v 0.424050629 0 0.120253205
v 0.436708868 0 0.120253205
v 0.449367106 0 0.120253205
v 0.462025344 0 0.120253205
v 0.474683583 0 0.120253205
v 0.487341821 0 0.120253205
v 0.5 0 0.120253205
v -0.5 0 0.132911384
v -0.487341762 0 0.132911384
v -0.474683553 0 0.132911384
v -0.462025315 0 0.132911384
v -0.449367076 0 0.132911384
v -0.436708868 0 0.132911384
v -0.424050629 0 0.132911384
v -0.411392391 0 0.132911384
v -0.398734182 0 0.132911384
v -0.386075944 0 0.132911384
v -0.373417735 0 0.132911384
v -0.360759497 0 0.132911384
v -0.348101258 0 0.132911384
v -0.33544302 0 0.132911384
v -0.322784811 0 0.132911384
v -0.310126573 0 0.132911384
v -0.297468364 0 0.132911384
v -0.284810126 0 0.132911384
v -0.272151887 0 0.132911384
v -0.259493649 0 0.132911384
v -0.24683544 0 0.132911384
v -0.234177202 0 0.132911384
v -0.221518993 0 0.132911384
v -0.208860755 0 0.132911384
v -0.196202517 0 0.132911384
v -0.183544308 0 0.132911384
v -0.17088607 0 0.132911384
v -0.158227831 0 0.132911384
v -0.145569623 0 0.132911384
v -0.132911384 0 0.132911384
v -0.120253146 0 0.132911384
v -0.107594937 0 0.132911384
v -0.0949366987 0 0.132911384
v -0.0822784603 0 0.132911384
v -0.0696202517 0 0.132911384
v -0.0569620132 0 0.132911384
v -0.0443037748 0 0.132911384
v -0.0316455662 0 0.132911384
v -0.0189873278 0 0.132911384
v -0.0063290894 0 0.132911384
v 0.00632911921 0 0.132911384
v 0.0189873576 0 0.132911384
v 0.031645596 0 0.132911384
v 0.0443038344 0 0.132911384
v 0.0569620132 0 0.132911384
v 0.0696202517 0 0.132911384
v 0.0822784901 0 0.132911384
v 0.0949367285 0 0.132911384
v 0.107594967 0 0.132911384
v 0.120253205 0 0.132911384
v 0.132911384 0 0.132911384
v 0.145569623 0 0.132911384
v 0.158227861 0 0.132911384
v 0.170886099 0 0.132911384
v 0.183544338 0 0.132911384
v 0.196202576 0 0.132911384
v 0.208860755 0 0.132911384
v 0.221518993 0 0.132911384
v 0.234177232 0 0.132911384
v 0.24683547 0 0.132911384
v 0.259493709 0 0.132911384
v 0.272151947 0 0.132911384
v 0.284810126 0 0.132911384
v 0.297468364 0 0.132911384
v 0.310126603 0 0.132911384
v 0.322784841 0 0.132911384
v 0.335443079 0 0.132911384
v 0.348101258 0 0.132911384
v 0.360759497 0 0.132911384
v 0.373417735 0 0.132911384
v 0.386075974 0 0.132911384
v 0.398734212 0 0.132911384
v 0.41139245 0 0.132911384
v 0.424050629 0 0.132911384
v 0.436708868 0 0.132911384
v 0.449367106 0 0.132911384
v 0.462025344 0 0.132911384
v 0.474683583 0 0.132911384
v 0.487341821 0 0.132911384
v 0.5 0 0.132911384
v -0.5 0 0.145569623
v -0.487341762 0 0.145569623
v -0.474683553 0 0.145569623
v -0.462025315 0 0.145569623
v -0.449367076 0 0.145569623
v -0.436708868 0 0.145569623
v -0.424050629 0 0.145569623
v -0.411392391 0 0.145569623
v -0.398734182 0 0.145569623
v -0.386075944 0 0.145569623
v -0.373417735 0 0.145569623
v -0.360759497 0 0.145569623
v -0.348101258 0 0.145569623
v -0.33544302 0 0.145569623
v -0.322784811 0 0.145569623
v -0.310126573 0 0.145569623
v -0.297468364 0 0.145569623
v -0.284810126 0 0.145569623
v -0.272151887 0 0.145569623
v -0.259493649 0 0.145569623
v -0.24683544 0 0.145569623
v -0.234177202 0 0.145569623
v -0.221518993 0 0.145569623
v -0.208860755 0 0.145569623
v -0.196202517 0 0.145569623
v -0.183544308 0 0.145569623
v -0.17088607 0 0.145569623
v -0.158227831 0 0.145569623
v -0.145569623 0 0.145569623
v -0.132911384 0 0.145569623
v -0.120253146 0 0.145569623
v -0.107594937 0 0.145569623
v -0.0949366987 0 0.145569623
v -0.0822784603 0 0.145569623
v -0.0696202517 0 0.145569623
v -0.0569620132 0 0.145569623
v -0.0443037748 0 0.145569623
v -0.0316455662 0 0.145569623
v -0.0189873278 0 0.145569623
v -0.0063290894 0 0.145569623
v 0.00632911921 0 0.145569623
v 0.0189873576 0 0.145569623
v 0.031645596 0 0.145569623
v 0.0443038344 0 0.145569623
v 0.0569620132 0 0.145569623
v 0.0696202517 0 0.145569623
v 0.0822784901 0 0.145569623
v 0.0949367285 0 0.145569623
v 0.107594967 0 0.145569623
v 0.120253205 0 0.145569623
v 0.132911384 0 0.145569623
v 0.145569623 0 0.145569623
v 0.158227861 0 0.145569623
v 0.170886099 0 0.145569623
v 0.183544338 0 0.145569623
v 0.196202576 0 0.145569623
v 0.208860755 0 0.145569623
v 0.221518993 0 0.145569623
v 0.234177232 0 0.145569623
v 0.24683547 0 0.145569623
v 0.259493709 0 0.145569623
v 0.272151947 0 0.145569623
v 0.284810126 0 0.145569623
v 0.297468364 0 0.145569623
v 0.310126603 0 0.145569623
v 0.322784841 0 0.145569623
v 0.335443079 0 0.145569623
v 0.348101258 0 0.145569623
v 0.360759497 0 0.145569623
v 0.373417735 0 0.145569623
v 0.386075974 0 0.145569623
v 0.398734212 0 0.145569623
v 0.41139245 0 0.145569623
v 0.424050629 0 0.145569623
v 0.436708868 0 0.145569623
v 0.449367106 0 0.145569623
v 0.462025344 0 0.145569623
v 0.474683583 0 0.145569623
v 0.487341821 0 0.145569623
v 0.5 0 0.145569623
v -0.5 0 0.158227861
v -0.487341762 0 0.158227861
v -0.474683553 0 0.158227861
v -0.462025315 0 0.158227861
v -0.449367076 0 0.158227861
v -0.436708868 0 0.158227861
v -0.424050629 0 0.158227861
v -0.411392391 0 0.158227861
v -0.398734182 0 0.158227861
v -0.386075944 0 0.158227861
v -0.373417735 0 0.158227861
v -0.360759497 0 0.158227861
v -0.348101258 0 0.158227861
v -0.33544302 0 0.158227861
v -0.322784811 0 0.158227861
v -0.310126573 0 0.158227861
v -0.297468364 0 0.158227861
v -0.284810126 0 0.158227861
v -0.272151887 0 0.158227861
v -0.259493649 0 0.158227861
v -0.24683544 0 0.158227861
v -0.234177202 0 0.158227861
v -0.221518993 0 0.158227861
v -0.208860755 0 0.158227861
v -0.196202517 0 0.158227861
v -0.183544308 0 0.158227861
v -0.17088607 0 0.158227861
v -0.158227831 0 0.158227861
v -0.145569623 0 0.158227861
v -0.132911384 0 0.158227861
v -0.120253146 0 0.158227861
v -0.107594937 0 0.158227861
v -0.0949366987 0 0.158227861
v -0.0822784603 0 0.158227861
v -0.0696202517 0 0.158227861
v -0.0569620132 0 0.158227861
v -0.0443037748 0 0.158227861
v -0.0316455662 0 0.158227861
v -0.0189873278 0 0.158227861
v -0.0063290894 0 0.158227861
v 0.00632911921 0 0.158227861
v 0.0189873576 0 0.158227861
v 0.031645596 0 0.158227861
v 0.0443038344 0 0.158227861
v 0.0569620132 0 0.158227861
v 0.0696202517 0 0.158227861
v 0.0822784901 0 0.158227861
v 0.0949367285 0 0.158227861
v 0.107594967 0 0.158227861
v 0.120253205 0 0.158227861
v 0.132911384 0 0.158227861
v 0.145569623 0 0.158227861
v 0.158227861 0 0.158227861
v 0.170886099 0 0.158227861
v 0.183544338 0 0.158227861
v 0.196202576 0 0.158227861
v 0.208860755 0 0.158227861
v 0.221518993 0 0.158227861
v 0.234177232 0 0.158227861
v 0.24683547 0 0.158227861
v 0.259493709 0 0.158227861
v 0.272151947 0 0.158227861
v 0.284810126 0 0.158227861
v 0.297468364 0 0.158227861
v 0.310126603 0 0.158227861
v 0.322784841 0 0.158227861
v 0.335443079 0 0.158227861
v 0.348101258 0 0.158227861
v 0.360759497 0 0.158227861
v 0.373417735 0 0.158227861
v 0.386075974 0 0.158227861
v 0.398734212 0 0.158227861
v 0.41139245 0 0.158227861
v 0.424050629 0 0.158227861
v 0.436708868 0 0.158227861
v 0.449367106 0 0.158227861
v 0.462025344 0 0.158227861
v 0.474683583 0 0.158227861
v 0.487341821 0 0.158227861
v 0.5 0 0.158227861
v -0.5 0 0.170886099
v -0.487341762 0 0.170886099
v -0.474683553 0 0.170886099
v -0.462025315 0 0.170886099
v -0.449367076 0 0.170886099
v -0.436708868 0 0.170886099
v -0.424050629 0 0.170886099
v -0.411392391 0 0.170886099
v -0.398734182 0 0.170886099
v -0.386075944 0 0.170886099
v -0.373417735 0 0.170886099
v -0.360759497 0 0.170886099
v -0.348101258 0 0.170886099
v -0.33544302 0 0.170886099
v -0.322784811 0 0.170886099
v -0.310126573 0 0.170886099
v -0.297468364 0 0.170886099
v -0.284810126 0 0.170886099
v -0.272151887 0 0.170886099
v -0.259493649 0 0.170886099
v -0.24683544 0 0.170886099
v -0.234177202 0 0.170886099
v -0.221518993 0 0.170886099
v -0.208860755 0 0.170886099
v -0.196202517 0 0.170886099
v -0.183544308 0 0.170886099
v -0.17088607 0 0.170886099
v -0.158227831 0 0.170886099
v -0.145569623 0 0.170886099
v -0.132911384 0 0.170886099
v -0.120253146 0 0.170886099
v -0.107594937 0 0.170886099
v -0.0949366987 0 0.170886099
v -0.0822784603 0 0.170886099
v -0.0696202517 0 0.170886099
v -0.0569620132 0 0.170886099
v -0.0443037748 0 0.170886099
v -0.0316455662 0 0.170886099
v -0.0189873278 0 0.170886099
v -0.0063290894 0 0.170886099
v 0.00632911921 0 0.170886099
v 0.0189873576 0 0.170886099
v 0.031645596 0 0.170886099
v 0.0443038344 0 0.170886099
v 0.0569620132 0 0.170886099
v 0.0696202517 0 0.170886099
v 0.0822784901 0 0.170886099
v 0.0949367285 0 0.170886099
v 0.107594967 0 0.170886099
v 0.120253205 0 0.170886099
v 0.132911384 0 0.170886099
v 0.145569623 0 0.170886099
v 0.158227861 0 0.170886099
v 0.170886099 0 0.170886099
v 0.183544338 0 0.170886099
v 0.196202576 0 0.170886099
v 0.208860755 0 0.170886099
v 0.221518993 0 0.170886099
v 0.234177232 0 0.170886099
v 0.24683547 0 0.170886099
v 0.259493709 0 0.170886099
v 0.272151947 0 0.170886099
v 0.284810126 0 0.170886099
v 0.297468364 0 0.170886099
v 0.310126603 0 0.170886099
v 0.322784841 0 0.170886099
v 0.335443079 0 0.170886099
v 0.348101258 0 0.170886099
v 0.360759497 0 0.170886099
v 0.373417735 0 0.170886099
v 0.386075974 0 0.170886099
v 0.398734212 0 0.170886099
v 0.41139245 0 0.170886099
v 0.424050629 0 0.170886099
v 0.436708868 0 0.170886099
v 0.449367106 0 0.170886099
v 0.462025344 0 0.170886099
v 0.474683583 0 0.170886099
v 0.487341821 0 0.170886099
v 0.5 0 0.170886099
v -0.5 0 0.183544338
v -0.487341762 0 0.183544338
v -0.474683553 0 0.183544338
v -0.462025315 0 0.183544338
v -0.449367076 0 0.183544338
v -0.436708868 0 0.183544338
v -0.424050629 0 0.183544338
v -0.411392391 0 0.183544338
v -0.398734182 0 0.183544338
v -0.386075944 0 0.183544338
v -0.373417735 0 0.183544338
v -0.360759497 0 0.183544338
v -0.348101258 0 0.183544338
v -0.33544302 0 0.183544338
v -0.322784811 0 0.183544338
v -0.310126573 0 0.183544338
v -0.297468364 0 0.183544338
v -0.284810126 0 0.183544338
v -0.272151887 0 0.183544338
v -0.259493649 0 0.183544338
v -0.24683544 0 0.183544338
v -0.234177202 0 0.183544338
v -0.221518993 0 0.183544338
v -0.208860755 0 0.183544338
v -0.196202517 0 0.183544338
v -0.183544308 0 0.183544338
v -0.17088607 0 0.183544338
v -0.158227831 0 0.183544338
v -0.145569623 0 0.183544338
v -0.132911384 0 0.183544338
v -0.120253146 0 0.183544338
v -0.107594937 0 0.183544338
v -0.0949366987 0 0.183544338
v -0.0822784603 0 0.183544338
v -0.0696202517 0 0.183544338
v -0.0569620132 0 0.183544338
v -0.0443037748 0 0.183544338
v -0.0316455662 0 0.183544338
v -0.0189873278 0 0.183544338
v -0.0063290894 0 0.183544338
v 0.00632911921 0 0.183544338
v 0.0189873576 0 0.183544338
v 0.031645596 0 0.183544338
v 0.0443038344 0 0.183544338
v 0.0569620132 0 0.183544338
v 0.0696202517 0 0.183544338
v 0.0822784901 0 0.183544338
v 0.0949367285 0 0.183544338
v 0.107594967 0 0.183544338
v 0.120253205 0 0.183544338
v 0.132911384 0 0.183544338
v 0.145569623 0 0.183544338
v 0.158227861 0 0.183544338
v 0.170886099 0 0.183544338
v 0.183544338 0 0.183544338
v 0.196202576 0 0.183544338
v 0.208860755 0 0.183544338
v 0.221518993 0 0.183544338
v 0.234177232 0 0.183544338
v 0.24683547 0 0.183544338
v 0.259493709 0 0.183544338
v 0.272151947 0 0.183544338
v 0.284810126 0 0.183544338
v 0.297468364 0 0.183544338
v 0.310126603 0 0.183544338
v 0.322784841 0 0.183544338
v 0.335443079 0 0.183544338
v 0.348101258 0 0.183544338
v 0.360759497 0 0.183544338
v 0.373417735 0 0.183544338
v 0.386075974 0 0.183544338
v 0.398734212 0 0.183544338
v 0.41139245 0 0.183544338
v 0.424050629 0 0.183544338
v 0.436708868 0 0.183544338
v 0.449367106 0 0.183544338
v 0.462025344 0 0.183544338
v 0.474683583 0 0.183544338
v 0.487341821 0 0.183544338
v 0.5 0 0.183544338
v -0.5 0 0.196202576
v -0.487341762 0 0.196202576
v -0.474683553 0 0.196202576
v -0.462025315 0 0.196202576
v -0.449367076 0 0.196202576
v -0.436708868 0 0.196202576
v -0.424050629 0 0.196202576
v -0.411392391 0 0.196202576
v -0.398734182 0 0.196202576
v -0.386075944 0 0.196202576
v -0.373417735 0 0.196202576
v -0.360759497 0 0.196202576
v -0.348101258 0 0.196202576
v -0.33544302 0 0.196202576
v -0.322784811 0 0.196202576
v -0.310126573 0 0.196202576
v -0.297468364 0 0.196202576
v -0.284810126 0 0.196202576
v -0.272151887 0 0.196202576
v -0.259493649 0 0.196202576
v -0.24683544 0 0.196202576
v -0.234177202 0 0.196202576
v -0.221518993 0 0.196202576
v -0.208860755 0 0.196202576
v -0.196202517 0 0.196202576
v -0.183544308 0 0.196202576
v -0.17088607 0 0.196202576
v -0.158227831 0 0.196202576
v -0.145569623 0 0.196202576
v -0.132911384 0 0.196202576
v -0.120253146 0 0.196202576
v -0.107594937 0 0.196202576
v -0.0949366987 0 0.196202576
v -0.0822784603 0 0.196202576
v -0.0696202517 0 0.196202576
v -0.0569620132 0 0.196202576
v -0.0443037748 0 0.196202576
v -0.0316455662 0 0.196202576
v -0.0189873278 0 0.196202576
v -0.0063290894 0 0.196202576
v 0.00632911921 0 0.196202576
v 0.0189873576 0 0.196202576
v 0.031645596 0 0.196202576
v 0.0443038344 0 0.196202576
v 0.0569620132 0 0.196202576
v 0.0696202517 0 0.196202576
v 0.0822784901 0 0.196202576
v 0.0949367285 0 0.196202576
v 0.107594967 0 0.196202576
v 0.120253205 0 0.196202576
v 0.132911384 0 0.196202576
v 0.145569623 0 0.196202576
v 0.158227861 0 0.196202576
v 0.170886099 0 0.196202576
v 0.183544338 0 0.196202576
v 0.196202576 0 0.196202576
v 0.208860755 0 0.196202576
v 0.221518993 0 0.196202576
v 0.234177232 0 0.196202576
v 0.24683547 0 0.196202576
v 0.259493709 0 0.196202576
v 0.272151947 0 0.196202576
v 0.284810126 0 0.196202576
v 0.297468364 0 0.196202576
v 0.310126603 0 0.196202576
v 0.322784841 0 0.196202576
v 0.335443079 0 0.196202576
v 0.348101258 0 0.196202576
v 0.360759497 0 0.196202576
v 0.373417735 0 0.196202576
v 0.386075974 0 0.196202576
v 0.398734212 0 0.196202576
v 0.41139245 0 0.196202576
v 0.424050629 0 0.196202576
v 0.436708868 0 0.196202576
v 0.449367106 0 0.196202576
v 0.462025344 0 0.196202576
v 0.474683583 0 0.196202576
v 0.487341821 0 0.196202576
v 0.5 0 0.196202576
v -0.5 0 0.208860755
v -0.487341762 0 0.208860755
v -0.474683553 0 0.208860755
v -0.462025315 0 0.208860755
v -0.449367076 0 0.208860755
v -0.436708868 0 0.208860755
v -0.424050629 0 0.208860755
v -0.411392391 0 0.208860755
v -0.398734182 0 0.208860755
v -0.386075944 0 0.208860755
v -0.373417735 0 0.208860755
v -0.360759497 0 0.208860755
v -0.348101258 0 0.208860755
v -0.33544302 0 0.208860755
v -0.322784811 0 0.208860755
v -0.310126573 0 0.208860755
v -0.297468364 0 0.208860755
v -0.284810126 0 0.208860755
v -0.272151887 0 0.208860755
v -0.259493649 0 0.208860755
v -0.24683544 0 0.208860755
v -0.234177202 0 0.208860755
v -0.221518993 0 0.208860755
v -0.208860755 0 0.208860755
v -0.196202517 0 0.208860755
v -0.183544308 0 0.208860755
v -0.17088607 0 0.208860755
v -0.158227831 0 0.208860755
v -0.145569623 0 0.208860755
v -0.132911384 0 0.208860755
v -0.120253146 0 0.208860755
v -0.107594937 0 0.208860755
v -0.0949366987 0 0.208860755
v -0.0822784603 0 0.208860755
v -0.0696202517 0 0.208860755
v -0.0569620132 0 0.208860755
v -0.0443037748 0 0.208860755
v -0.0316455662 0 0.208860755
v -0.0189873278 0 0.208860755
v -0.0063290894 0 0.208860755
v 0.00632911921 0 0.208860755
v 0.0189873576 0 0.208860755
v 0.031645596 0 0.208860755
v 0.0443038344 0 0.208860755
v 0.0569620132 0 0.208860755
v 0.0696202517 0 0.208860755
v 0.0822784901 0 0.208860755
v 0.0949367285 0 0.208860755
v 0.107594967 0 0.208860755
v 0.120253205 0 0.208860755
v 0.132911384 0 0.208860755
v 0.145569623 0 0.208860755
v 0.158227861 0 0.208860755
v 0.170886099 0 0.208860755
v 0.183544338 0 0.208860755
v 0.196202576 0 0.208860755
v 0.208860755 0 0.208860755
v 0.221518993 0 0.208860755
v 0.234177232 0 0.208860755
v 0.24683547 0 0.208860755
v 0.259493709 0 0.208860755
v 0.272151947 0 0.208860755
v 0.284810126 0 0.208860755
v 0.297468364 0 0.208860755
v 0.310126603 0 0.208860755
v 0.322784841 0 0.208860755
v 0.335443079 0 0.208860755
v 0.348101258 0 0.208860755
v 0.360759497 0 0.208860755
v 0.373417735 0 0.208860755
v 0.386075974 0 0.208860755
v 0.398734212 0 0.208860755
v 0.41139245 0 0.208860755
v 0.424050629 0 0.208860755
v 0.436708868 0 0.208860755
v 0.449367106 0 0.208860755
v 0.462025344 0 0.208860755
v 0.474683583 0 0.208860755
v 0.487341821 0 0.208860755
v 0.5 0 0.208860755
v -0.5 0 0.221518993
v -0.487341762 0 0.221518993
v -0.474683553 0 0.221518993
v -0.462025315 0 0.221518993
v -0.449367076 0 0.221518993
v -0.436708868 0 0.221518993
v -0.424050629 0 0.221518993
v -0.411392391 0 0.221518993
v -0.398734182 0 0.221518993
v -0.386075944 0 0.221518993
v -0.373417735 0 0.221518993
v -0.360759497 0 0.221518993
v -0.348101258 0 0.221518993
v -0.33544302 0 0.221518993
v -0.322784811 0 0.221518993
v -0.310126573 0 0.221518993
v -0.297468364 0 0.221518993
v -0.284810126 0 0.221518993
v -0.272151887 0 0.221518993
v -0.259493649 0 0.221518993
v -0.24683544 0 0.221518993
v -0.234177202 0 0.221518993
v -0.221518993 0 0.221518993
v -0.208860755 0 0.221518993
v -0.196202517 0 0.221518993
v -0.183544308 0 0.221518993
v -0.17088607 0 0.221518993
v -0.158227831 0 0.221518993
v -0.145569623 0 0.221518993
v -0.132911384 0 0.221518993
v -0.120253146 0 0.221518993
v -0.107594937 0 0.221518993
v -0.0949366987 0 0.221518993
v -0.0822784603 0 0.221518993
v -0.0696202517 0 0.221518993
v -0.0569620132 0 0.221518993
v -0.0443037748 0 0.221518993
v -0.0316455662 0 0.221518993
v -0.0189873278 0 0.221518993
v -0.0063290894 0 0.221518993
v 0.00632911921 0 0.221518993
v 0.0189873576 0 0.221518993
v 0.031645596 0 0.221518993
v 0.0443038344 0 0.221518993
v 0.0569620132 0 0.221518993
v 0.0696202517 0 0.221518993
v 0.0822784901 0 0.221518993
v 0.0949367285 0 0.221518993
v 0.107594967 0 0.221518993
v 0.120253205 0 0.221518993
v 0.132911384 0 0.221518993
v 0.145569623 0 0.221518993
v 0.158227861 0 0.221518993
v 0.170886099 0 0.221518993
v 0.183544338 0 0.221518993
v 0.196202576 0 0.221518993
v 0.208860755 0 0.221518993
v 0.221518993 0 0.221518993
v 0.234177232 0 0.221518993
v 0.24683547 0 0.221518993
v 0.259493709 0 0.221518993
v 0.272151947 0 0.221518993
v 0.284810126 0 0.221518993
v 0.297468364 0 0.221518993
v 0.310126603 0 0.221518993
v 0.322784841 0 0.221518993
v 0.335443079 0 0.221518993
v 0.348101258 0 0.221518993
v 0.360759497 0 0.221518993
v 0.373417735 0 0.221518993
v 0.386075974 0 0.221518993
v 0.398734212 0 0.221518993
v 0.41139245 0 0.221518993
v 0.424050629 0 0.221518993
v 0.436708868 0 0.221518993
v 0.449367106 0 0.221518993
v 0.462025344 0 0.221518993
v 0.474683583 0 0.221518993
v 0.487341821 0 0.221518993
v 0.5 0 0.221518993
v -0.5 0 0.234177232
v -0.487341762 0 0.234177232
v -0.474683553 0 0.234177232
v -0.462025315 0 0.234177232
v -0.449367076 0 0.234177232
v -0.436708868 0 0.234177232
v -0.424050629 0 0.234177232
v -0.411392391 0 0.234177232
v -0.398734182 0 0.234177232
v -0.386075944 0 0.234177232
v -0.373417735 0 0.234177232
v -0.360759497 0 0.234177232
v -0.348101258 0 0.234177232
v -0.33544302 0 0.234177232
v -0.322784811 0 0.234177232
v -0.310126573 0 0.234177232
v -0.297468364 0 0.234177232
v -0.284810126 0 0.234177232
v -0.272151887 0 0.234177232
v -0.259493649 0 0.234177232
v -0.24683544 0 0.234177232
v -0.234177202 0 0.234177232
v -0.221518993 0 0.234177232
v -0.208860755 0 0.234177232
v -0.196202517 0 0.234177232
v -0.183544308 0 0.234177232
v -0.17088607 0 0.234177232
v -0.158227831 0 0.234177232
v -0.145569623 0 0.234177232
v -0.132911384 0 0.234177232
v -0.120253146 0 0.234177232
v -0.107594937 0 0.234177232
v -0.0949366987 0 0.234177232
v -0.0822784603 0 0.234177232
v -0.0696202517 0 0.234177232
v -0.0569620132 0 0.234177232
v -0.0443037748 0 0.234177232
v -0.0316455662 0 0.234177232
v -0.0189873278 0 0.234177232
v -0.0063290894 0 0.234177232
v 0.00632911921 0 0.234177232
v 0.0189873576 0 0.234177232
v 0.031645596 0 0.234177232
v 0.0443038344 0 0.234177232
v 0.0569620132 0 0.234177232
v 0.0696202517 0 0.234177232
v 0.0822784901 0 0.234177232
v 0.0949367285 0 0.234177232
v 0.107594967 0 0.234177232
v 0.120253205 0 0.234177232
v 0.132911384 0 0.234177232
v 0.145569623 0 0.234177232
v 0.158227861 0 0.234177232
v 0.170886099 0 0.234177232
v 0.183544338 0 0.234177232
v 0.196202576 0 0.234177232
v 0.208860755 0 0.234177232
v 0.221518993 0 0.234177232
v 0.234177232 0 0.234177232
v 0.24683547 0 0.234177232
v 0.259493709 0 0.234177232
v 0.272151947 0 0.234177232
v 0.284810126 0 0.234177232
v 0.297468364 0 0.234177232
v 0.310126603 0 0.234177232
v 0.322784841 0 0.234177232
v 0.335443079 0 0.234177232
v 0.348101258 0 0.234177232
v 0.360759497 0 0.234177232
v 0.373417735 0 0.234177232
v 0.386075974 0 0.234177232
v 0.398734212 0 0.234177232
v 0.41139245 0 0.234177232
v 0.424050629 0 0.234177232
v 0.436708868 0 0.234177232
v 0.449367106 0 0.234177232
v 0.462025344 0 0.234177232
v 0.474683583 0 0.234177232
v 0.487341821 0 0.234177232
v 0.5 0 0.234177232
v -0.5 0 0.24683547
v -0.487341762 0 0.24683547
v -0.474683553 0 0.24683547
v -0.462025315 0 0.24683547
v -0.449367076 0 0.24683547
v -0.436708868 0 0.24683547
v -0.424050629 0 0.24683547
v -0.411392391 0 0.24683547
v -0.398734182 0 0.24683547
v -0.386075944 0 0.24683547
v -0.373417735 0 0.24683547
v -0.360759497 0 0.24683547
v -0.348101258 0 0.24683547
v -0.33544302 0 0.24683547
v -0.322784811 0 0.24683547
v -0.310126573 0 0.24683547
v -0.297468364 0 0.24683547
v -0.284810126 0 0.24683547
v -0.272151887 0 0.24683547
v -0.259493649 0 0.24683547
v -0.24683544 0 0.24683547
v -0.234177202 0 0.24683547
v -0.221518993 0 0.24683547
v -0.208860755 0 0.24683547
v -0.196202517 0 0.24683547
v -0.183544308 0 0.24683547
v -0.17088607 0 0.24683547
v -0.158227831 0 0.24683547
v -0.145569623 0 0.24683547
v -0.132911384 0 0.24683547
v -0.120253146 0 0.24683547
v -0.107594937 0 0.24683547
v -0.0949366987 0 0.24683547
v -0.0822784603 0 0.24683547
v -0.0696202517 0 0.24683547
v -0.0569620132 0 0.24683547
v -0.0443037748 0 0.24683547
v -0.0316455662 0 0.24683547
v -0.0189873278 0 0.24683547
v -0.0063290894 0 0.24683547
v 0.00632911921 0 0.24683547
v 0.0189873576 0 0.24683547
v 0.031645596 0 0.24683547
v 0.0443038344 0 0.24683547
v 0.0569620132 0 0.24683547
v 0.0696202517 0 0.24683547
v 0.0822784901 0 0.24683547
v 0.0949367285 0 0.24683547
v 0.107594967 0 0.24683547
v 0.120253205 0 0.24683547
v 0.132911384 0 0.24683547
v 0.145569623 0 0.24683547
v 0.158227861 0 0.24683547
v 0.170886099 0 0.24683547
v 0.183544338 0 0.24683547
v 0.196202576 0 0.24683547
v 0.208860755 0 0.24683547
v 0.221518993 0 0.24683547
v 0.234177232 0 0.24683547
v 0.24683547 0 0.24683547
v 0.259493709 0 0.24683547
v 0.272151947 0 0.24683547
v 0.284810126 0 0.24683547
v 0.297468364 0 0.24683547
v 0.310126603 0 0.24683547
v 0.322784841 0 0.24683547
v 0.335443079 0 0.24683547
v 0.348101258 0 0.24683547
v 0.360759497 0 0.24683547
v 0.373417735 0 0.24683547
v 0.386075974 0 0.24683547
v 0.398734212 0 0.24683547
v 0.41139245 0 0.24683547
v 0.424050629 0 0.24683547
v 0.436708868 0 0.24683547
v 0.449367106 0 0.24683547
v 0.462025344 0 0.24683547
v 0.474683583 0 0.24683547
v 0.487341821 0 0.24683547
v 0.5 0 0.24683547
v -0.5 0 0.259493709
v -0.487341762 0 0.259493709
v -0.474683553 0 0.259493709
v -0.462025315 0 0.259493709
v -0.449367076 0 0.259493709
v -0.436708868 0 0.259493709
v -0.424050629 0 0.259493709
v -0.411392391 0 0.259493709
v -0.398734182 0 0.259493709
v -0.386075944 0 0.259493709
v -0.373417735 0 0.259493709
v -0.360759497 0 0.259493709
v -0.348101258 0 0.259493709
v -0.33544302 0 0.259493709
v -0.322784811 0 0.259493709
v -0.310126573 0 0.259493709
v -0.297468364 0 0.259493709
v -0.284810126 0 0.259493709
v -0.272151887 0 0.259493709
v -0.259493649 0 0.259493709
v -0.24683544 0 0.259493709
v -0.234177202 0 0.259493709
v -0.221518993 0 0.259493709
v -0.208860755 0 0.259493709
v -0.196202517 0 0.259493709
v -0.183544308 0 0.259493709
v -0.17088607 0 0.259493709
v -0.158227831 0 0.259493709
v -0.145569623 0 0.259493709
v -0.132911384 0 0.259493709
v -0.120253146 0 0.259493709
v -0.107594937 0 0.259493709
v -0.0949366987 0 0.259493709
v -0.0822784603 0 0.259493709
v -0.0696202517 0 0.259493709
v -0.0569620132 0 0.259493709
v -0.0443037748 0 0.259493709
v -0.0316455662 0 0.259493709
v -0.0189873278 0 0.259493709
v -0.0063290894 0 0.259493709
v 0.00632911921 0 0.259493709
v 0.0189873576 0 0.259493709
v 0.031645596 0 0.259493709
v 0.0443038344 0 0.259493709
v 0.0569620132 0 0.259493709
v 0.0696202517 0 0.259493709
v 0.0822784901 0 0.259493709
v 0.0949367285 0 0.259493709
v 0.107594967 0 0.259493709
v 0.120253205 0 0.259493709
v 0.132911384 0 0.259493709
v 0.145569623 0 0.259493709
v 0.158227861 0 0.259493709
v 0.170886099 0 0.259493709
v 0.183544338 0 0.259493709
v 0.196202576 0 0.259493709
v 0.208860755 0 0.259493709
v 0.221518993 0 0.259493709
v 0.234177232 0 0.259493709
v 0.24683547 0 0.259493709
v 0.259493709 0 0.259493709
v 0.272151947 0 0.259493709
v 0.284810126 0 0.259493709
v 0.297468364 0 0.259493709
v 0.310126603 0 0.259493709
v 0.322784841 0 0.259493709
v 0.335443079 0 0.259493709
v 0.348101258 0 0.259493709
v 0.360759497 0 0.259493709
v 0.373417735 0 0.259493709
v 0.386075974 0 0.259493709
v 0.398734212 0 0.259493709
v 0.41139245 0 0.259493709
v 0.424050629 0 0.259493709
v 0.436708868 0 0.259493709
v 0.449367106 0 0.259493709
v 0.462025344 0 0.259493709
v 0.474683583 0 0.259493709
v 0.487341821 0 0.259493709
v 0.5 0 0.259493709
v -0.5 0 0.272151947
v -0.487341762 0 0.272151947
v -0.474683553 0 0.272151947
v -0.462025315 0 0.272151947
v -0.449367076 0 0.272151947
v -0.436708868 0 0.272151947
v -0.424050629 0 0.272151947
v -0.411392391 0 0.272151947
v -0.398734182 0 0.272151947
v -0.386075944 0 0.272151947
v -0.373417735 0 0.272151947
v -0.360759497 0 0.272151947
v -0.348101258 0 0.272151947
v -0.33544302 0 0.272151947
v -0.322784811 0 0.272151947
v -0.310126573 0 0.272151947
v -0.297468364 0 0.272151947
v -0.284810126 0 0.272151947
v -0.272151887 0 0.272151947
v -0.259493649 0 0.272151947
v -0.24683544 0 0.272151947
v -0.234177202 0 0.272151947
v -0.221518993 0 0.272151947
v -0.208860755 0 0.272151947
v -0.196202517 0 0.272151947
v -0.183544308 0 0.272151947
v -0.17088607 0 0.272151947
v -0.158227831 0 0.272151947
v -0.145569623 0 0.272151947
v -0.132911384 0 0.272151947
v -0.120253146 0 0.272151947
v -0.107594937 0 0.272151947
v -0.0949366987 0 0.272151947
v -0.0822784603 0 0.272151947
v -0.0696202517 0 0.272151947
v -0.0569620132 0 0.272151947
v -0.0443037748 0 0.272151947
v -0.0316455662 0 0.272151947
v -0.0189873278 0 0.272151947
v -0.0063290894 0 0.272151947
v 0.00632911921 0 0.272151947
v 0.0189873576 0 0.272151947
v 0.031645596 0 0.272151947
v 0.0443038344 0 0.272151947
v 0.0569620132 0 0.272151947
v 0.0696202517 0 0.272151947
v 0.0822784901 0 0.272151947
v 0.0949367285 0 0.272151947
v 0.107594967 0 0.272151947
v 0.120253205 0 0.272151947
v 0.132911384 0 0.272151947
v 0.145569623 0 0.272151947
v 0.158227861 0 0.272151947
v 0.170886099 0 0.272151947
v 0.183544338 0 0.272151947
v 0.196202576 0 0.272151947
v 0.208860755 0 0.272151947
v 0.221518993 0 0.272151947
v 0.234177232 0 0.272151947
v 0.24683547 0 0.272151947
v 0.259493709 0 0.272151947
v 0.272151947 0 0.272151947
v 0.284810126 0 0.272151947
v 0.297468364 0 0.272151947
v 0.310126603 0 0.272151947
v 0.322784841 0 0.272151947
v 0.335443079 0 0.272151947
v 0.348101258 0 0.272151947
v 0.360759497 0 0.272151947
v 0.373417735 0 0.272151947
v 0.386075974 0 0.272151947
v 0.398734212 0 0.272151947
v 0.41139245 0 0.272151947
v 0.424050629 0 0.272151947
v 0.436708868 0 0.272151947
v 0.449367106 0 0.272151947
v 0.462025344 0 0.272151947
v 0.474683583 0 0.272151947
v 0.487341821 0 0.272151947
v 0.5 0 0.272151947
v -0.5 0 0.284810126
v -0.487341762 0 0.284810126
v -0.474683553 0 0.284810126
v -0.462025315 0 0.284810126
v -0.449367076 0 0.284810126
v -0.436708868 0 0.284810126
v -0.424050629 0 0.284810126
v -0.411392391 0 0.284810126
v -0.398734182 0 0.284810126
v -0.386075944 0 0.284810126
v -0.373417735 0 0.284810126
v -0.360759497 0 0.284810126
v -0.348101258 0 0.284810126
v -0.33544302 0 0.284810126
v -0.322784811 0 0.284810126
v -0.310126573 0 0.284810126
v -0.297468364 0 0.284810126
v -0.284810126 0 0.284810126
v -0.272151887 0 0.284810126
v -0.259493649 0 0.284810126
v -0.24683544 0 0.284810126
v -0.234177202 0 0.284810126
v -0.221518993 0 0.284810126
v -0.208860755 0 0.284810126
v -0.196202517 0 0.284810126
v -0.183544308 0 0.284810126
v -0.17088607 0 0.284810126
v -0.158227831 0 0.284810126
v -0.145569623 0 0.284810126
v -0.132911384 0 0.284810126
v -0.120253146 0 0.284810126
v -0.107594937 0 0.284810126
v -0.0949366987 0 0.284810126
v -0.0822784603 0 0.284810126
v -0.0696202517 0 0.284810126
v -0.0569620132 0 0.284810126
v -0.0443037748 0 0.284810126
v -0.0316455662 0 0.284810126
v -0.0189873278 0 0.284810126
v -0.0063290894 0 0.284810126
v 0.00632911921 0 0.284810126
v 0.0189873576 0 0.284810126
v 0.031645596 0 0.284810126
v 0.0443038344 0 0.284810126
v 0.0569620132 0 0.284810126
v 0.0696202517 0 0.284810126
v 0.0822784901 0 0.284810126
v 0.0949367285 0 0.284810126
v 0.107594967 0 0.284810126
v 0.120253205 0 0.284810126
v 0.132911384 0 0.284810126
v 0.145569623 0 0.284810126
v 0.158227861 0 0.284810126
v 0.170886099 0 0.284810126
v 0.183544338 0 0.284810126
v 0.196202576 0 0.284810126
v 0.208860755 0 0.284810126
v 0.221518993 0 0.284810126
v 0.234177232 0 0.284810126
v 0.24683547 0 0.284810126
v 0.259493709 0 0.284810126
v 0.272151947 0 0.284810126
v 0.284810126 0 0.284810126
v 0.297468364 0 0.284810126
v 0.310126603 0 0.284810126
v 0.322784841 0 0.284810126
v 0.335443079 0 0.284810126
v 0.348101258 0 0.284810126
v 0.360759497 0 0.284810126
v 0.373417735 0 0.284810126
v 0.386075974 0 0.284810126
v 0.398734212 0 0.284810126
v 0.41139245 0 0.284810126
v 0.424050629 0 0.284810126
v 0.436708868 0 0.284810126
v 0.449367106 0 0.284810126
v 0.462025344 0 0.284810126
v 0.474683583 0 0.284810126
v 0.487341821 0 0.284810126
v 0.5 0 0.284810126
v -0.5 0 0.297468364
v -0.487341762 0 0.297468364
v -0.474683553 0 0.297468364
v -0.462025315 0 0.297468364
v -0.449367076 0 0.297468364
v -0.436708868 0 0.297468364
v -0.424050629 0 0.297468364
v -0.411392391 0 0.297468364
v -0.398734182 0 0.297468364
v -0.386075944 0 0.297468364
v -0.373417735 0 0.297468364
v -0.360759497 0 0.297468364
v -0.348101258 0 0.297468364
v -0.33544302 0 0.297468364
v -0.322784811 0 0.297468364
v -0.310126573 0 0.297468364
v -0.297468364 0 0.297468364
v -0.284810126 0 0.297468364
v -0.272151887 0 0.297468364
v -0.259493649 0 0.297468364
v -0.24683544 0 0.297468364
v -0.234177202 0 0.297468364
v -0.221518993 0 0.297468364
v -0.208860755 0 0.297468364
v -0.196202517 0 0.297468364
v -0.183544308 0 0.297468364
v -0.17088607 0 0.297468364
v -0.158227831 0 0.297468364
v -0.145569623 0 0.297468364
v -0.132911384 0 0.297468364
v -0.120253146 0 0.297468364
v -0.107594937 0 0.297468364
v -0.0949366987 0 0.297468364
v -0.0822784603 0 0.297468364
v -0.0696202517 0 0.297468364
v -0.0569620132 0 0.297468364
v -0.0443037748 0 0.297468364
v -0.0316455662 0 0.297468364
v -0.0189873278 0 0.297468364
v -0.0063290894 0 0.297468364
v 0.00632911921 0 0.297468364
v 0.0189873576 0 0.297468364
v 0.031645596 0 0.297468364
v 0.0443038344 0 0.297468364
v 0.0569620132 0 0.297468364
v 0.0696202517 0 0.297468364
v 0.0822784901 0 0.297468364
v 0.0949367285 0 0.297468364
v 0.107594967 0 0.297468364
v 0.120253205 0 0.297468364
v 0.132911384 0 0.297468364
v 0.145569623 0 0.297468364
v 0.158227861 0 0.297468364
v 0.170886099 0 0.297468364
v 0.183544338 0 0.297468364
v 0.196202576 0 0.297468364
v 0.208860755 0 0.297468364
v 0.221518993 0 0.297468364
v 0.234177232 0 0.297468364
v 0.24683547 0 0.297468364
v 0.259493709 0 0.297468364
v 0.272151947 0 0.297468364
v 0.284810126 0 0.297468364
v 0.297468364 0 0.297468364
v 0.310126603 0 0.297468364
v 0.322784841 0 0.297468364
v 0.335443079 0 0.297468364
v 0.348101258 0 0.297468364
v 0.360759497 0 0.297468364
v 0.373417735 0 0.297468364
v 0.386075974 0 0.297468364
v 0.398734212 0 0.297468364
v 0.41139245 0 0.297468364
v 0.424050629 0 0.297468364
v 0.436708868 0 0.297468364
v 0.449367106 0 0.297468364
v 0.462025344 0 0.297468364
v 0.474683583 0 0.297468364
v 0.487341821 0 0.297468364
v 0.5 0 0.297468364
v -0.5 0 0.310126603
v -0.487341762 0 0.310126603
v -0.474683553 0 0.310126603
v -0.462025315 0 0.310126603
v -0.449367076 0 0.310126603
v -0.436708868 0 0.310126603
v -0.424050629 0 0.310126603
v -0.411392391 0 0.310126603
v -0.398734182 0 0.310126603
v -0.386075944 0 0.310126603
v -0.373417735 0 0.310126603
v -0.360759497 0 0.310126603
v -0.348101258 0 0.310126603
v -0.33544302 0 0.310126603
v -0.322784811 0 0.310126603
v -0.310126573 0 0.310126603
v -0.297468364 0 0.310126603
v -0.284810126 0 0.310126603
v -0.272151887 0 0.310126603
v -0.259493649 0 0.310126603
v -0.24683544 0 0.310126603
v -0.234177202 0 0.310126603
v -0.221518993 0 0.310126603
v -0.208860755 0 0.310126603
v -0.196202517 0 0.310126603
v -0.183544308 0 0.310126603
v -0.17088607 0 0.310126603
v -0.158227831 0 0.310126603
v -0.145569623 0 0.310126603
v -0.132911384 0 0.310126603
v -0.120253146 0 0.310126603
v -0.107594937 0 0.310126603
v -0.0949366987 0 0.310126603
v -0.0822784603 0 0.310126603
v -0.0696202517 0 0.310126603
v -0.0569620132 0 0.310126603
v -0.0443037748 0 0.310126603
v -0.0316455662 0 0.310126603
v -0.0189873278 0 0.310126603
v -0.0063290894 0 0.310126603
v 0.00632911921 0 0.310126603
v 0.0189873576 0 0.310126603
v 0.031645596 0 0.310126603
v 0.0443038344 0 0.310126603
v 0.0569620132 0 0.310126603
v 0.0696202517 0 0.310126603
v 0.0822784901 0 0.310126603
v 0.0949367285 0 0.310126603
v 0.107594967 0 0.310126603
v 0.120253205 0 0.310126603
v 0.132911384 0 0.310126603
v 0.145569623 0 0.310126603
v 0.158227861 0 0.310126603
v 0.170886099 0 0.310126603
v 0.183544338 0 0.310126603
v 0.196202576 0 0.310126603
v 0.208860755 0 0.310126603
v 0.221518993 0 0.310126603
v 0.234177232 0 0.310126603
v 0.24683547 0 0.310126603
v 0.259493709 0 0.310126603
v 0.272151947 0 0.310126603
v 0.284810126 0 0.310126603
v 0.297468364 0 0.310126603
v 0.310126603 0 0.310126603
v 0.322784841 0 0.310126603
v 0.335443079 0 0.310126603
v 0.348101258 0 0.310126603
v 0.360759497 0 0.310126603
v 0.373417735 0 0.310126603
v 0.386075974 0 0.310126603
v 0.398734212 0 0.310126603
v 0.41139245 0 0.310126603
v 0.424050629 0 0.310126603
v 0.436708868 0 0.310126603
v 0.449367106 0 0.310126603
v 0.462025344 0 0.310126603
v 0.474683583 0 0.310126603
v 0.487341821 0 0.310126603
v 0.5 0 0.310126603
v -0.5 0 0.322784841
v -0.487341762 0 0.322784841
v -0.474683553 0 0.322784841
v -0.462025315 0 0.322784841
v -0.449367076 0 0.322784841
v -0.436708868 0 0.322784841
v -0.424050629 0 0.322784841
v -0.411392391 0 0.322784841
v -0.398734182 0 0.322784841
v -0.386075944 0 0.322784841
v -0.373417735 0 0.322784841
v -0.360759497 0 0.322784841
v -0.348101258 0 0.322784841
v -0.33544302 0 0.322784841
v -0.322784811 0 0.322784841
v -0.310126573 0 0.322784841
v -0.297468364 0 0.322784841
v -0.284810126 0 0.322784841
v -0.272151887 0 0.322784841
v -0.259493649 0 0.322784841
v -0.24683544 0 0.322784841
v -0.234177202 0 0.322784841
v -0.221518993 0 0.322784841
v -0.208860755 0 0.322784841
v -0.196202517 0 0.322784841
v -0.183544308 0 0.322784841
v -0.17088607 0 0.322784841
v -0.158227831 0 0.322784841
v -0.145569623 0 0.322784841
v -0.132911384 0 0.322784841
v -0.120253146 0 0.322784841
v -0.107594937 0 0.322784841
v -0.0949366987 0 0.322784841
v -0.0822784603 0 0.322784841
v -0.0696202517 0 0.322784841
v -0.0569620132 0 0.322784841
v -0.0443037748 0 0.322784841
v -0.0316455662 0 0.322784841
v -0.0189873278 0 0.322784841
v -0.0063290894 0 0.322784841
v 0.00632911921 0 0.322784841
v 0.0189873576 0 0.322784841
v 0.031645596 0 0.322784841
v 0.0443038344 0 0.322784841
v 0.0569620132 0 0.322784841
v 0.0696202517 0 0.322784841
v 0.0822784901 0 0.322784841
v 0.0949367285 0 0.322784841
v 0.107594967 0 0.322784841
v 0.120253205 0 0.322784841
v 0.132911384 0 0.322784841
v 0.145569623 0 0.322784841
v 0.158227861 0 0.322784841
v 0.170886099 0 0.322784841
v 0.183544338 0 0.322784841
v 0.196202576 0 0.322784841
v 0.208860755 0 0.322784841
v 0.221518993 0 0.322784841
v 0.234177232 0 0.322784841
v 0.24683547 0 0.322784841
v 0.259493709 0 0.322784841
v 0.272151947 0 0.322784841
v 0.284810126 0 0.322784841
v 0.297468364 0 0.322784841
v 0.310126603 0 0.322784841
v 0.322784841 0 0.322784841
v 0.335443079 0 0.322784841
v 0.348101258 0 0.322784841
v 0.360759497 0 0.322784841
v 0.373417735 0 0.322784841
v 0.386075974 0 0.322784841
v 0.398734212 0 0.322784841
v 0.41139245 0 0.322784841
v 0.424050629 0 0.322784841
v 0.436708868 0 0.322784841
v 0.449367106 0 0.322784841
v 0.462025344 0 0.322784841
v 0.474683583 0 0.322784841
v 0.487341821 0 0.322784841
v 0.5 0 0.322784841
v -0.5 0 0.335443079
v -0.487341762 0 0.335443079
v -0.474683553 0 0.335443079
v -0.462025315 0 0.335443079
v -0.449367076 0 0.335443079
v -0.436708868 0 0.335443079
v -0.424050629 0 0.335443079
v -0.411392391 0 0.335443079
v -0.398734182 0 0.335443079
v -0.386075944 0 0.335443079
v -0.373417735 0 0.335443079
v -0.360759497 0 0.335443079
v -0.348101258 0 0.335443079
v -0.33544302 0 0.335443079
v -0.322784811 0 0.335443079
v -0.310126573 0 0.335443079
v -0.297468364 0 0.335443079
v -0.284810126 0 0.335443079
v -0.272151887 0 0.335443079
v -0.259493649 0 0.335443079
v -0.24683544 0 0.335443079
v -0.234177202 0 0.335443079
v -0.221518993 0 0.335443079
v -0.208860755 0 0.335443079
v -0.196202517 0 0.335443079
v -0.183544308 0 0.335443079
v -0.17088607 0 0.335443079
v -0.158227831 0 0.335443079
v -0.145569623 0 0.335443079
v -0.132911384 0 0.335443079
v -0.120253146 0 0.335443079
v -0.107594937 0 0.335443079
v -0.0949366987 0 0.335443079
v -0.0822784603 0 0.335443079
v -0.0696202517 0 0.335443079
v -0.0569620132 0 0.335443079
v -0.0443037748 0 0.335443079
v -0.0316455662 0 0.335443079
v -0.0189873278 0 0.335443079
v -0.0063290894 0 0.335443079
v 0.00632911921 0 0.335443079
v 0.0189873576 0 0.335443079
v 0.031645596 0 0.335443079
v 0.0443038344 0 0.335443079
v 0.0569620132 0 0.335443079
v 0.0696202517 0 0.335443079
v 0.0822784901 0 0.335443079
v 0.0949367285 0 0.335443079
v 0.107594967 0 0.335443079
v 0.120253205 0 0.335443079
v 0.132911384 0 0.335443079
v 0.145569623 0 0.335443079
v 0.158227861 0 0.335443079
v 0.170886099 0 0.335443079
v 0.183544338 0 0.335443079
v 0.196202576 0 0.335443079
v 0.208860755 0 0.335443079
v 0.221518993 0 0.335443079
v 0.234177232 0 0.335443079
v 0.24683547 0 0.335443079
v 0.259493709 0 0.335443079
v 0.272151947 0 0.335443079
v 0.284810126 0 0.335443079
v 0.297468364 0 0.335443079
v 0.310126603 0 0.335443079
v 0.322784841 0 0.335443079
v 0.335443079 0 0.335443079
v 0.348101258 0 0.335443079
v 0.360759497 0 0.335443079
v 0.373417735 0 0.335443079
v 0.386075974 0 0.335443079
v 0.398734212 0 0.335443079
v 0.41139245 0 0.335443079
v 0.424050629 0 0.335443079
v 0.436708868 0 0.335443079
v 0.449367106 0 0.335443079
v 0.462025344 0 0.335443079
v 0.474683583 0 0.335443079
v 0.487341821 0 0.335443079
v 0.5 0 0.335443079
v -0.5 0 0.348101258
v -0.487341762 0 0.348101258
v -0.474683553 0 0.348101258
v -0.462025315 0 0.348101258
v -0.449367076 0 0.348101258
v -0.436708868 0 0.348101258
v -0.424050629 0 0.348101258
v -0.411392391 0 0.348101258
v -0.398734182 0 0.348101258
v -0.386075944 0 0.348101258
v -0.373417735 0 0.348101258
v -0.360759497 0 0.348101258
v -0.348101258 0 0.348101258
v -0.33544302 0 0.348101258
v -0.322784811 0 0.348101258
v -0.310126573 0 0.348101258
v -0.297468364 0 0.348101258
v -0.284810126 0 0.348101258
v -0.272151887 0 0.348101258
v -0.259493649 0 0.348101258
v -0.24683544 0 0.348101258
v -0.234177202 0 0.348101258
v -0.221518993 0 0.348101258
v -0.208860755 0 0.348101258
v -0.196202517 0 0.348101258
v -0.183544308 0 0.348101258
v -0.17088607 0 0.348101258
v -0.158227831 0 0.348101258
v -0.145569623 0 0.348101258
v -0.132911384 0 0.348101258
v -0.120253146 0 0.348101258
v -0.107594937 0 0.348101258
v -0.0949366987 0 0.348101258
v -0.0822784603 0 0.348101258
v -0.0696202517 0 0.348101258
v -0.0569620132 0 0.348101258
v -0.0443037748 0 0.348101258
v -0.0316455662 0 0.348101258
v -0.0189873278 0 0.348101258
v -0.0063290894 0 0.348101258
v 0.00632911921 0 0.348101258
v 0.0189873576 0 0.348101258
v 0.031645596 0 0.348101258
v 0.0443038344 0 0.348101258
v 0.0569620132 0 0.348101258
v 0.0696202517 0 0.348101258
v 0.0822784901 0 0.348101258
v 0.0949367285 0 0.348101258
v 0.107594967 0 0.348101258
v 0.120253205 0 0.348101258
v 0.132911384 0 0.348101258
v 0.145569623 0 0.348101258
v 0.158227861 0 0.348101258
v 0.170886099 0 0.348101258
v 0.183544338 0 0.348101258
v 0.196202576 0 0.348101258
v 0.208860755 0 0.348101258
v 0.221518993 0 0.348101258
v 0.234177232 0 0.348101258
v 0.24683547 0 0.348101258
v 0.259493709 0 0.348101258
v 0.272151947 0 0.348101258
v 0.284810126 0 0.348101258
v 0.297468364 0 0.348101258
v 0.310126603 0 0.348101258
v 0.322784841 0 0.348101258
v 0.335443079 0 0.348101258
v 0.348101258 0 0.348101258
v 0.360759497 0 0.348101258
v 0.373417735 0 0.348101258
v 0.386075974 0 0.348101258
v 0.398734212 0 0.348101258
v 0.41139245 0 0.348101258
v 0.424050629 0 0.348101258
v 0.436708868 0 0.348101258
v 0.449367106 0 0.348101258
v 0.462025344 0 0.348101258
v 0.474683583 0 0.348101258
v 0.487341821 0 0.348101258
v 0.5 0 0.348101258
v -0.5 0 0.360759497
v -0.487341762 0 0.360759497
v -0.474683553 0 0.360759497
v -0.462025315 0 0.360759497
v -0.449367076 0 0.360759497
v -0.436708868 0 0.360759497
v -0.424050629 0 0.360759497
v -0.411392391 0 0.360759497
v -0.398734182 0 0.360759497
v -0.386075944 0 0.360759497
v -0.373417735 0 0.360759497
v -0.360759497 0 0.360759497
v -0.348101258 0 0.360759497
v -0.33544302 0 0.360759497
v -0.322784811 0 0.360759497
v -0.310126573 0 0.360759497
v -0.297468364 0 0.360759497
v -0.284810126 0 0.360759497
v -0.272151887 0 0.360759497
v -0.259493649 0 0.360759497
v -0.24683544 0 0.360759497
v -0.234177202 0 0.360759497
v -0.221518993 0 0.360759497
v -0.208860755 0 0.360759497
v -0.196202517 0 0.360759497
v -0.183544308 0 0.360759497
v -0.17088607 0 0.360759497
v -0.158227831 0 0.360759497
v -0.145569623 0 0.360759497
v -0.132911384 0 0.360759497
v -0.120253146 0 0.360759497
v -0.107594937 0 0.360759497
v -0.0949366987 0 0.360759497
v -0.0822784603 0 0.360759497
v -0.0696202517 0 0.360759497
v -0.0569620132 0 0.360759497
v -0.0443037748 0 0.360759497
v -0.0316455662 0 0.360759497
v -0.0189873278 0 0.360759497
v -0.0063290894 0 0.360759497
v 0.00632911921 0 0.360759497
v 0.0189873576 0 0.360759497
v 0.031645596 0 0.360759497
v 0.0443038344 0 0.360759497
v 0.0569620132 0 0.360759497
v 0.0696202517 0 0.360759497
v 0.0822784901 0 0.360759497
v 0.0949367285 0 0.360759497
v 0.107594967 0 0.360759497
v 0.120253205 0 0.360759497
v 0.132911384 0 0.360759497
v 0.145569623 0 0.360759497
v 0.158227861 0 0.360759497
v 0.170886099 0 0.360759497
v 0.183544338 0 0.360759497
v 0.196202576 0 0.360759497
v 0.208860755 0 0.360759497
v 0.221518993 0 0.360759497
v 0.234177232 0 0.360759497
v 0.24683547 0 0.360759497
v 0.259493709 0 0.360759497
v 0.272151947 0 0.360759497
v 0.284810126 0 0.360759497
v 0.297468364 0 0.360759497
v 0.310126603 0 0.360759497
v 0.322784841 0 0.360759497
v 0.335443079 0 0.360759497
v 0.348101258 0 0.360759497
v 0.360759497 0 0.360759497
v 0.373417735 0 0.360759497
v 0.386075974 0 0.360759497
v 0.398734212 0 0.360759497
v 0.41139245 0 0.360759497
v 0.424050629 0 0.360759497
v 0.436708868 0 0.360759497
v 0.449367106 0 0.360759497
v 0.462025344 0 0.360759497
v 0.474683583 0 0.360759497
v 0.487341821 0 0.360759497
v 0.5 0 0.360759497
v -0.5 0 0.373417735
v -0.487341762 0 0.373417735
v -0.474683553 0 0.373417735
v -0.462025315 0 0.373417735
v -0.449367076 0 0.373417735
v -0.436708868 0 0.373417735
v -0.424050629 0 0.373417735
v -0.411392391 0 0.373417735
v -0.398734182 0 0.373417735
v -0.386075944 0 0.373417735
v -0.373417735 0 0.373417735
v -0.360759497 0 0.373417735
v -0.348101258 0 0.373417735
v -0.33544302 0 0.373417735
v -0.322784811 0 0.373417735
v -0.310126573 0 0.373417735
v -0.297468364 0 0.373417735
v -0.284810126 0 0.373417735
v -0.272151887 0 0.373417735
v -0.259493649 0 0.373417735
v -0.24683544 0 0.373417735
v -0.234177202 0 0.373417735
v -0.221518993 0 0.373417735
v -0.208860755 0 0.373417735
v -0.196202517 0 0.373417735
v -0.183544308 0 0.373417735
v -0.17088607 0 0.373417735
v -0.158227831 0 0.373417735
v -0.145569623 0 0.373417735
v -0.132911384 0 0.373417735
v -0.120253146 0 0.373417735
v -0.107594937 0 0.373417735
v -0.0949366987 0 0.373417735
v -0.0822784603 0 0.373417735
v -0.0696202517 0 0.373417735
v -0.0569620132 0 0.373417735
v -0.0443037748 0 0.373417735
v -0.0316455662 0 0.373417735
v -0.0189873278 0 0.373417735
v -0.0063290894 0 0.373417735
v 0.00632911921 0 0.373417735
v 0.0189873576 0 0.373417735
v 0.031645596 0 0.373417735
v 0.0443038344 0 0.373417735
v 0.0569620132 0 0.373417735
v 0.0696202517 0 0.373417735
v 0.0822784901 0 0.373417735
v 0.0949367285 0 0.373417735
v 0.107594967 0 0.373417735
v 0.120253205 0 0.373417735
v 0.132911384 0 0.373417735
v 0.145569623 0 0.373417735
v 0.158227861 0 0.373417735
v 0.170886099 0 0.373417735
v 0.183544338 0 0.373417735
v 0.196202576 0 0.373417735
v 0.208860755 0 0.373417735
v 0.221518993 0 0.373417735
v 0.234177232 0 0.373417735
v 0.24683547 0 0.373417735
v 0.259493709 0 0.373417735
v 0.272151947 0 0.373417735
v 0.284810126 0 0.373417735
v 0.297468364 0 0.373417735
v 0.310126603 0 0.373417735
v 0.322784841 0 0.373417735
v 0.335443079 0 0.373417735
v 0.348101258 0 0.373417735
v 0.360759497 0 0.373417735
v 0.373417735 0 0.373417735
v 0.386075974 0 0.373417735
v 0.398734212 0 0.373417735
v 0.41139245 0 0.373417735
v 0.424050629 0 0.373417735
v 0.436708868 0 0.373417735
v 0.449367106 0 0.373417735
v 0.462025344 0 0.373417735
v 0.474683583 0 0.373417735
v 0.487341821 0 0.373417735
v 0.5 0 0.373417735
v -0.5 0 0.386075974
v -0.487341762 0 0.386075974
v -0.474683553 0 0.386075974
v -0.462025315 0 0.386075974
v -0.449367076 0 0.386075974
v -0.436708868 0 0.386075974
v -0.424050629 0 0.386075974
v -0.411392391 0 0.386075974
v -0.398734182 0 0.386075974
v -0.386075944 0 0.386075974
v -0.373417735 0 0.386075974
v -0.360759497 0 0.386075974
v -0.348101258 0 0.386075974
v -0.33544302 0 0.386075974
v -0.322784811 0 0.386075974
v -0.310126573 0 0.386075974
v -0.297468364 0 0.386075974
v -0.284810126 0 0.386075974
v -0.272151887 0 0.386075974
v -0.259493649 0 0.386075974
v -0.24683544 0 0.386075974
v -0.234177202 0 0.386075974
v -0.221518993 0 0.386075974
v -0.208860755 0 0.386075974
v -0.196202517 0 0.386075974
v -0.183544308 0 0.386075974
v -0.17088607 0 0.386075974
v -0.158227831 0 0.386075974
v -0.145569623 0 0.386075974
v -0.132911384 0 0.386075974
v -0.120253146 0 0.386075974
v -0.107594937 0 0.386075974
v -0.0949366987 0 0.386075974
v -0.0822784603 0 0.386075974
v -0.0696202517 0 0.386075974
v -0.0569620132 0 0.386075974
v -0.0443037748 0 0.386075974
v -0.0316455662 0 0.386075974
v -0.0189873278 0 0.386075974
v -0.0063290894 0 0.386075974
v 0.00632911921 0 0.386075974
v 0.0189873576 0 0.386075974
v 0.031645596 0 0.386075974
v 0.0443038344 0 0.386075974
v 0.0569620132 0 0.386075974
v 0.0696202517 0 0.386075974
v 0.0822784901 0 0.386075974
v 0.0949367285 0 0.386075974
v 0.107594967 0 0.386075974
v 0.120253205 0 0.386075974
v 0.132911384 0 0.386075974
v 0.145569623 0 0.386075974
v 0.158227861 0 0.386075974
v 0.170886099 0 0.386075974
v 0.183544338 0 0.386075974
v 0.196202576 0 0.386075974
v 0.208860755 0 0.386075974
v 0.221518993 0 0.386075974
v 0.234177232 0 0.386075974
v 0.24683547 0 0.386075974
v 0.259493709 0 0.386075974
v 0.272151947 0 0.386075974
v 0.284810126 0 0.386075974
v 0.297468364 0 0.386075974
v 0.310126603 0 0.386075974
v 0.322784841 0 0.386075974
v 0.335443079 0 0.386075974
v 0.348101258 0 0.386075974
v 0.360759497 0 0.386075974
v 0.373417735 0 0.386075974
v 0.386075974 0 0.386075974
v 0.398734212 0 0.386075974
v 0.41139245 0 0.386075974
v 0.424050629 0 0.386075974
v 0.436708868 0 0.386075974
v 0.449367106 0 0.386075974
v 0.462025344 0 0.386075974
v 0.474683583 0 0.386075974
v 0.487341821 0 0.386075974
v 0.5 0 0.386075974
v -0.5 0 0.398734212
v -0.487341762 0 0.398734212
v -0.474683553 0 0.398734212
v -0.462025315 0 0.398734212
v -0.449367076 0 0.398734212
v -0.436708868 0 0.398734212
v -0.424050629 0 0.398734212
v -0.411392391 0 0.398734212
v -0.398734182 0 0.398734212
v -0.386075944 0 0.398734212
v -0.373417735 0 0.398734212
v -0.360759497 0 0.398734212
v -0.348101258 0 0.398734212
v -0.33544302 0 0.398734212
v -0.322784811 0 0.398734212
v -0.310126573 0 0.398734212
v -0.297468364 0 0.398734212
v -0.284810126 0 0.398734212
v -0.272151887 0 0.398734212
v -0.259493649 0 0.398734212
v -0.24683544 0 0.398734212
v -0.234177202 0 0.398734212
v -0.221518993 0 0.398734212
v -0.208860755 0 0.398734212
v -0.196202517 0 0.398734212
v -0.183544308 0 0.398734212
v -0.17088607 0 0.398734212
v -0.158227831 0 0.398734212
v -0.145569623 0 0.398734212
v -0.132911384 0 0.398734212
v -0.120253146 0 0.398734212
v -0.107594937 0 0.398734212
v -0.0949366987 0 0.398734212
v -0.0822784603 0 0.398734212
v -0.0696202517 0 0.398734212
v -0.0569620132 0 0.398734212
v -0.0443037748 0 0.398734212
v -0.0316455662 0 0.398734212
v -0.0189873278 0 0.398734212
v -0.0063290894 0 0.398734212
v 0.00632911921 0 0.398734212
v 0.0189873576 0 0.398734212
v 0.031645596 0 0.398734212
v 0.0443038344 0 0.398734212
v 0.0569620132 0 0.398734212
v 0.0696202517 0 0.398734212
v 0.0822784901 0 0.398734212
v 0.0949367285 0 0.398734212
v 0.107594967 0 0.398734212
v 0.120253205 0 0.398734212
v 0.132911384 0 0.398734212
v 0.145569623 0 0.398734212
v 0.158227861 0 0.398734212
v 0.170886099 0 0.398734212
v 0.183544338 0 0.398734212
v 0.196202576 0 0.398734212
v 0.208860755 0 0.398734212
v 0.221518993 0 0.398734212
v 0.234177232 0 0.398734212
v 0.24683547 0 0.398734212
v 0.259493709 0 0.398734212
v 0.272151947 0 0.398734212
v 0.284810126 0 0.398734212
v 0.297468364 0 0.398734212
v 0.310126603 0 0.398734212
v 0.322784841 0 0.398734212
v 0.335443079 0 0.398734212
v 0.348101258 0 0.398734212
v 0.360759497 0 0.398734212
v 0.373417735 0 0.398734212
v 0.386075974 0 0.398734212
v 0.398734212 0 0.398734212
v 0.41139245 0 0.398734212
v 0.424050629 0 0.398734212
v 0.436708868 0 0.398734212
v 0.449367106 0 0.398734212
v 0.462025344 0 0.398734212
v 0.474683583 0 0.398734212
v 0.487341821 0 0.398734212
v 0.5 0 0.398734212
v -0.5 0 0.41139245
v -0.487341762 0 0.41139245
v -0.474683553 0 0.41139245
v -0.462025315 0 0.41139245
v -0.449367076 0 0.41139245
v -0.436708868 0 0.41139245
v -0.424050629 0 0.41139245
v -0.411392391 0 0.41139245
v -0.398734182 0 0.41139245
v -0.386075944 0 0.41139245
v -0.373417735 0 0.41139245
v -0.360759497 0 0.41139245
v -0.348101258 0 0.41139245
v -0.33544302 0 0.41139245
v -0.322784811 0 0.41139245
v -0.310126573 0 0.41139245
v -0.297468364 0 0.41139245
v -0.284810126 0 0.41139245
v -0.272151887 0 0.41139245
v -0.259493649 0 0.41139245
v -0.24683544 0 0.41139245
v -0.234177202 0 0.41139245
v -0.221518993 0 0.41139245
v -0.208860755 0 0.41139245
v -0.196202517 0 0.41139245
v -0.183544308 0 0.41139245
v -0.17088607 0 0.41139245
v -0.158227831 0 0.41139245
v -0.145569623 0 0.41139245
v -0.132911384 0 0.41139245
v -0.120253146 0 0.41139245
v -0.107594937 0 0.41139245
v -0.0949366987 0 0.41139245
v -0.0822784603 0 0.41139245
v -0.0696202517 0 0.41139245
v -0.0569620132 0 0.41139245
v -0.0443037748 0 0.41139245
v -0.0316455662 0 0.41139245
v -0.0189873278 0 0.41139245
v -0.0063290894 0 0.41139245
v 0.00632911921 0 0.41139245
v 0.0189873576 0 0.41139245
v 0.031645596 0 0.41139245
v 0.0443038344 0 0.41139245
v 0.0569620132 0 0.41139245
v 0.0696202517 0 0.41139245
v 0.0822784901 0 0.41139245
v 0.0949367285 0 0.41139245
v 0.107594967 0 0.41139245
v 0.120253205 0 0.41139245
v 0.132911384 0 0.41139245
v 0.145569623 0 0.41139245
v 0.158227861 0 0.41139245
v 0.170886099 0 0.41139245
v 0.183544338 0 0.41139245
v 0.196202576 0 0.41139245
v 0.208860755 0 0.41139245
v 0.221518993 0 0.41139245
v 0.234177232 0 0.41139245
v 0.24683547 0 0.41139245
v 0.259493709 0 0.41139245
v 0.272151947 0 0.41139245
v 0.284810126 0 0.41139245
v 0.297468364 0 0.41139245
v 0.310126603 0 0.41139245
v 0.322784841 0 0.41139245
v 0.335443079 0 0.41139245
v 0.348101258 0 0.41139245
v 0.360759497 0 0.41139245
v 0.373417735 0 0.41139245
v 0.386075974 0 0.41139245
v 0.398734212 0 0.41139245
v 0.41139245 0 0.41139245
v 0.424050629 0 0.41139245
v 0.436708868 0 0.41139245
v 0.449367106 0 0.41139245
v 0.462025344 0 0.41139245
v 0.474683583 0 0.41139245
v 0.487341821 0 0.41139245
v 0.5 0 0.41139245
v -0.5 0 0.424050629
v -0.487341762 0 0.424050629
v -0.474683553 0 0.424050629
v -0.462025315 0 0.424050629
v -0.449367076 0 0.424050629
v -0.436708868 0 0.424050629
v -0.424050629 0 0.424050629
v -0.411392391 0 0.424050629
v -0.398734182 0 0.424050629
v -0.386075944 0 0.424050629
v -0.373417735 0 0.424050629
v -0.360759497 0 0.424050629
v -0.348101258 0 0.424050629
v -0.33544302 0 0.424050629
v -0.322784811 0 0.424050629
v -0.310126573 0 0.424050629
v -0.297468364 0 0.424050629
v -0.284810126 0 0.424050629
v -0.272151887 0 0.424050629
v -0.259493649 0 0.424050629
v -0.24683544 0 0.424050629
v -0.234177202 0 0.424050629
v -0.221518993 0 0.424050629
v -0.208860755 0 0.424050629
v -0.196202517 0 0.424050629
v -0.183544308 0 0.424050629
v -0.17088607 0 0.424050629
v -0.158227831 0 0.424050629
v -0.145569623 0 0.424050629
v -0.132911384 0 0.424050629
v -0.120253146 0 0.424050629
v -0.107594937 0 0.424050629
v -0.0949366987 0 0.424050629
v -0.0822784603 0 0.424050629
v -0.0696202517 0 0.424050629
v -0.0569620132 0 0.424050629
v -0.0443037748 0 0.424050629
v -0.0316455662 0 0.424050629
v -0.0189873278 0 0.424050629
v -0.0063290894 0 0.424050629
v 0.00632911921 0 0.424050629
v 0.0189873576 0 0.424050629
v 0.031645596 0 0.424050629
v 0.0443038344 0 0.424050629
v 0.0569620132 0 0.424050629
v 0.0696202517 0 0.424050629
v 0.0822784901 0 0.424050629
v 0.0949367285 0 0.424050629
v 0.107594967 0 0.424050629
v 0.120253205 0 0.424050629
v 0.132911384 0 0.424050629
v 0.145569623 0 0.424050629
v 0.158227861 0 0.424050629
v 0.170886099 0 0.424050629
v 0.183544338 0 0.424050629
v 0.196202576 0 0.424050629
v 0.208860755 0 0.424050629
v 0.221518993 0 0.424050629
v 0.234177232 0 0.424050629
v 0.24683547 0 0.424050629
v 0.259493709 0 0.424050629
v 0.272151947 0 0.424050629
v 0.284810126 0 0.424050629
v 0.297468364 0 0.424050629
v 0.310126603 0 0.424050629
v 0.322784841 0 0.424050629
v 0.335443079 0 0.424050629
v 0.348101258 0 0.424050629
v 0.360759497 0 0.424050629
v 0.373417735 0 0.424050629
v 0.386075974 0 0.424050629
v 0.398734212 0 0.424050629
v 0.41139245 0 0.424050629
v 0.424050629 0 0.424050629
v 0.436708868 0 0.424050629
v 0.449367106 0 0.424050629
v 0.462025344 0 0.424050629
v 0.474683583 0 0.424050629
v 0.487341821 0 0.424050629
v 0.5 0 0.424050629
v -0.5 0 0.436708868
v -0.487341762 0 0.436708868
v -0.474683553 0 0.436708868
v -0.462025315 0 0.436708868
v -0.449367076 0 0.436708868
v -0.436708868 0 0.436708868
v -0.424050629 0 0.436708868
v -0.411392391 0 0.436708868
v -0.398734182 0 0.436708868
v -0.386075944 0 0.436708868
v -0.373417735 0 0.436708868
v -0.360759497 0 0.436708868
v -0.348101258 0 0.436708868
v -0.33544302 0 0.436708868
v -0.322784811 0 0.436708868
v -0.310126573 0 0.436708868
v -0.297468364 0 0.436708868
v -0.284810126 0 0.436708868
v -0.272151887 0 0.436708868
v -0.259493649 0 0.436708868
v -0.24683544 0 0.436708868
v -0.234177202 0 0.436708868
v -0.221518993 0 0.436708868
v -0.208860755 0 0.436708868
v -0.196202517 0 0.436708868
v -0.183544308 0 0.436708868
v -0.17088607 0 0.436708868
v -0.158227831 0 0.436708868
v -0.145569623 0 0.436708868
v -0.132911384 0 0.436708868
v -0.120253146 0 0.436708868
v -0.107594937 0 0.436708868
v -0.0949366987 0 0.436708868
v -0.0822784603 0 0.436708868
v -0.0696202517 0 0.436708868
v -0.0569620132 0 0.436708868
v -0.0443037748 0 0.436708868
v -0.0316455662 0 0.436708868
v -0.0189873278 0 0.436708868
v -0.0063290894 0 0.436708868
v 0.00632911921 0 0.436708868
v 0.0189873576 0 0.436708868
v 0.031645596 0 0.436708868
v 0.0443038344 0 0.436708868
v 0.0569620132 0 0.436708868
v 0.0696202517 0 0.436708868
v 0.0822784901 0 0.436708868
v 0.0949367285 0 0.436708868
v 0.107594967 0 0.436708868
v 0.120253205 0 0.436708868
v 0.132911384 0 0.436708868
v 0.145569623 0 0.436708868
v 0.158227861 0 0.436708868
v 0.170886099 0 0.436708868
v 0.183544338 0 0.436708868
v 0.196202576 0 0.436708868
v 0.208860755 0 0.436708868
v 0.221518993 0 0.436708868
v 0.234177232 0 0.436708868
v 0.24683547 0 0.436708868
v 0.259493709 0 0.436708868
v 0.272151947 0 0.436708868
v 0.284810126 0 0.436708868
v 0.297468364 0 0.436708868
v 0.310126603 0 0.436708868
v 0.322784841 0 0.436708868
v 0.335443079 0 0.436708868
v 0.348101258 0 0.436708868
v 0.360759497 0 0.436708868
v 0.373417735 0 0.436708868
v 0.386075974 0 0.436708868
v 0.398734212 0 0.436708868
v 0.41139245 0 0.436708868
v 0.424050629 0 0.436708868
v 0.436708868 0 0.436708868
v 0.449367106 0 0.436708868
v 0.462025344 0 0.436708868
v 0.474683583 0 0.436708868
v 0.487341821 0 0.436708868
v 0.5 0 0.436708868
v -0.5 0 0.449367106
v -0.487341762 0 0.449367106
v -0.474683553 0 0.449367106
v -0.462025315 0 0.449367106
v -0.449367076 0 0.449367106
v -0.436708868 0 0.449367106
v -0.424050629 0 0.449367106
v -0.411392391 0 0.449367106
v -0.398734182 0 0.449367106
v -0.386075944 0 0.449367106
v -0.373417735 0 0.449367106
v -0.360759497 0 0.449367106
v -0.348101258 0 0.449367106
v -0.33544302 0 0.449367106
v -0.322784811 0 0.449367106
v -0.310126573 0 0.449367106
v -0.297468364 0 0.449367106
v -0.284810126 0 0.449367106
v -0.272151887 0 0.449367106
v -0.259493649 0 0.449367106
v -0.24683544 0 0.449367106
v -0.234177202 0 0.449367106
v -0.221518993 0 0.449367106
v -0.208860755 0 0.449367106
v -0.196202517 0 0.449367106
v -0.183544308 0 0.449367106
v -0.17088607 0 0.449367106
v -0.158227831 0 0.449367106
v -0.145569623 0 0.449367106
v -0.132911384 0 0.449367106
v -0.120253146 0 0.449367106
v -0.107594937 0 0.449367106
v -0.0949366987 0 0.449367106
v -0.0822784603 0 0.449367106
v -0.0696202517 0 0.449367106
v -0.0569620132 0 0.449367106
v -0.0443037748 0 0.449367106
v -0.0316455662 0 0.449367106
v -0.0189873278 0 0.449367106
v -0.0063290894 0 0.449367106
v 0.00632911921 0 0.449367106
v 0.0189873576 0 0.449367106
v 0.031645596 0 0.449367106
v 0.0443038344 0 0.449367106
v 0.0569620132 0 0.449367106
v 0.0696202517 0 0.449367106
v 0.0822784901 0 0.449367106
v 0.0949367285 0 0.449367106
v 0.107594967 0 0.449367106
v 0.120253205 0 0.449367106
v 0.132911384 0 0.449367106
v 0.145569623 0 0.449367106
v 0.158227861 0 0.449367106
v 0.170886099 0 0.449367106
v 0.183544338 0 0.449367106
v 0.196202576 0 0.449367106
v 0.208860755 0 0.449367106
v 0.221518993 0 0.449367106
v 0.234177232 0 0.449367106
v 0.24683547 0 0.449367106
v 0.259493709 0 0.449367106
v 0.272151947 0 0.449367106
v 0.284810126 0 0.449367106
v 0.297468364 0 0.449367106
v 0.310126603 0 0.449367106
v 0.322784841 0 0.449367106
v 0.335443079 0 0.449367106
v 0.348101258 0 0.449367106
v 0.360759497 0 0.449367106
v 0.373417735 0 0.449367106
v 0.386075974 0 0.449367106
v 0.398734212 0 0.449367106
v 0.41139245 0 0.449367106
v 0.424050629 0 0.449367106
v 0.436708868 0 0.449367106
v 0.449367106 0 0.449367106
v 0.462025344 0 0.449367106
v 0.474683583 0 0.449367106
v 0.487341821 0 0.449367106
v 0.5 0 0.449367106
v -0.5 0 0.462025344
v -0.487341762 0 0.462025344
v -0.474683553 0 0.462025344
v -0.462025315 0 0.462025344
v -0.449367076 0 0.462025344
v -0.436708868 0 0.462025344
v -0.424050629 0 0.462025344
v -0.411392391 0 0.462025344
v -0.398734182 0 0.462025344
v -0.386075944 0 0.462025344
v -0.373417735 0 0.462025344
v -0.360759497 0 0.462025344
v -0.348101258 0 0.462025344
v -0.33544302 0 0.462025344
v -0.322784811 0 0.462025344
v -0.310126573 0 0.462025344
v -0.297468364 0 0.462025344
v -0.284810126 0 0.462025344
v -0.272151887 0 0.462025344
v -0.259493649 0 0.462025344
v -0.24683544 0 0.462025344
v -0.234177202 0 0.462025344
v -0.221518993 0 0.462025344
v -0.208860755 0 0.462025344
v -0.196202517 0 0.462025344
v -0.183544308 0 0.462025344
v -0.17088607 0 0.462025344
v -0.158227831 0 0.462025344
v -0.145569623 0 0.462025344
v -0.132911384 0 0.462025344
v -0.120253146 0 0.462025344
v -0.107594937 0 0.462025344
v -0.0949366987 0 0.462025344
v -0.0822784603 0 0.462025344
v -0.0696202517 0 0.462025344
v -0.0569620132 0 0.462025344
v -0.0443037748 0 0.462025344
v -0.0316455662 0 0.462025344
v -0.0189873278 0 0.462025344
v -0.0063290894 0 0.462025344
v 0.00632911921 0 0.462025344
v 0.0189873576 0 0.462025344
v 0.031645596 0 0.462025344
v 0.0443038344 0 0.462025344
v 0.0569620132 0 0.462025344
v 0.0696202517 0 0.462025344
v 0.0822784901 0 0.462025344
v 0.0949367285 0 0.462025344
v 0.107594967 0 0.462025344
v 0.120253205 0 0.462025344
v 0.132911384 0 0.462025344
v 0.145569623 0 0.462025344
v 0.158227861 0 0.462025344
v 0.170886099 0 0.462025344
v 0.183544338 0 0.462025344
v 0.196202576 0 0.462025344
v 0.208860755 0 0.462025344
v 0.221518993 0 0.462025344
v 0.234177232 0 0.462025344
v 0.24683547 0 0.462025344
v 0.259493709 0 0.462025344
v 0.272151947 0 0.462025344
v 0.284810126 0 0.462025344
v 0.297468364 0 0.462025344
v 0.310126603 0 0.462025344
v 0.322784841 0 0.462025344
v 0.335443079 0 0.462025344
v 0.348101258 0 0.462025344
v 0.360759497 0 0.462025344
v 0.373417735 0 0.462025344
v 0.386075974 0 0.462025344
v 0.398734212 0 0.462025344
v 0.41139245 0 0.462025344
v 0.424050629 0 0.462025344
v 0.436708868 0 0.462025344
v 0.449367106 0 0.462025344
v 0.462025344 0 0.462025344
v 0.474683583 0 0.462025344
v 0.487341821 0 0.462025344
v 0.5 0 0.462025344
v -0.5 0 0.474683583
v -0.487341762 0 0.474683583
v -0.474683553 0 0.474683583
v -0.462025315 0 0.474683583
v -0.449367076 0 0.474683583
v -0.436708868 0 0.474683583
v -0.424050629 0 0.474683583
v -0.411392391 0 0.474683583
v -0.398734182 0 0.474683583
v -0.386075944 0 0.474683583
v -0.373417735 0 0.474683583
v -0.360759497 0 0.474683583
v -0.348101258 0 0.474683583
v -0.33544302 0 0.474683583
v -0.322784811 0 0.474683583
v -0.310126573 0 0.474683583
v -0.297468364 0 0.474683583
v -0.284810126 0 0.474683583
v -0.272151887 0 0.474683583
v -0.259493649 0 0.474683583
v -0.24683544 0 0.474683583
v -0.234177202 0 0.474683583
v -0.221518993 0 0.474683583
v -0.208860755 0 0.474683583
v -0.196202517 0 0.474683583
v -0.183544308 0 0.474683583
v -0.17088607 0 0.474683583
v -0.158227831 0 0.474683583
v -0.145569623 0 0.474683583
v -0.132911384 0 0.474683583
v -0.120253146 0 0.474683583
v -0.107594937 0 0.474683583
v -0.0949366987 0 0.474683583
v -0.0822784603 0 0.474683583
v -0.0696202517 0 0.474683583
v -0.0569620132 0 0.474683583
v -0.0443037748 0 0.474683583
v -0.0316455662 0 0.474683583
v -0.0189873278 0 0.474683583
v -0.0063290894 0 0.474683583
v 0.00632911921 0 0.474683583
v 0.0189873576 0 0.474683583
v 0.031645596 0 0.474683583
v 0.0443038344 0 0.474683583
v 0.0569620132 0 0.474683583
v 0.0696202517 0 0.474683583
v 0.0822784901 0 0.474683583
v 0.0949367285 0 0.474683583
v 0.107594967 0 0.474683583
v 0.120253205 0 0.474683583
v 0.132911384 0 0.474683583
v 0.145569623 0 0.474683583
v 0.158227861 0 0.474683583
v 0.170886099 0 0.474683583
v 0.183544338 0 0.474683583
v 0.196202576 0 0.474683583
v 0.208860755 0 0.474683583
v 0.221518993 0 0.474683583
v 0.234177232 0 0.474683583
v 0.24683547 0 0.474683583
v 0.259493709 0 0.474683583
v 0.272151947 0 0.474683583
v 0.284810126 0 0.474683583
v 0.297468364 0 0.474683583
v 0.310126603 0 0.474683583
v 0.322784841 0 0.474683583
v 0.335443079 0 0.474683583
v 0.348101258 0 0.474683583
v 0.360759497 0 0.474683583
v 0.373417735 0 0.474683583
v 0.386075974 0 0.474683583
v 0.398734212 0 0.474683583
v 0.41139245 0 0.474683583
v 0.424050629 0 0.474683583
v 0.436708868 0 0.474683583
v 0.449367106 0 0.474683583
v 0.462025344 0 0.474683583
v 0.474683583 0 0.474683583
v 0.487341821 0 0.474683583
v 0.5 0 0.474683583
v -0.5 0 0.487341821
v -0.487341762 0 0.487341821
v -0.474683553 0 0.487341821
v -0.462025315 0 0.487341821
v -0.449367076 0 0.487341821
v -0.436708868 0 0.487341821
v -0.424050629 0 0.487341821
v -0.411392391 0 0.487341821
v -0.398734182 0 0.487341821
v -0.386075944 0 0.487341821
v -0.373417735 0 0.487341821
v -0.360759497 0 0.487341821
v -0.348101258 0 0.487341821
v -0.33544302 0 0.487341821
v -0.322784811 0 0.487341821
v -0.310126573 0 0.487341821
v -0.297468364 0 0.487341821
v -0.284810126 0 0.487341821
v -0.272151887 0 0.487341821
v -0.259493649 0 0.487341821
v -0.24683544 0 0.487341821
v -0.234177202 0 0.487341821
v -0.221518993 0 0.487341821
v -0.208860755 0 0.487341821
v -0.196202517 0 0.487341821
v -0.183544308 0 0.487341821
v -0.17088607 0 0.487341821
v -0.158227831 0 0.487341821
v -0.145569623 0 0.487341821
v -0.132911384 0 0.487341821
v -0.120253146 0 0.487341821
v -0.107594937 0 0.487341821
v -0.0949366987 0 0.487341821
v -0.0822784603 0 0.487341821
v -0.0696202517 0 0.487341821
v -0.0569620132 0 0.487341821
v -0.0443037748 0 0.487341821
v -0.0316455662 0 0.487341821
v -0.0189873278 0 0.487341821
v -0.0063290894 0 0.487341821
v 0.00632911921 0 0.487341821
v 0.0189873576 0 0.487341821
v 0.031645596 0 0.487341821
v 0.0443038344 0 0.487341821
v 0.0569620132 0 0.487341821
v 0.0696202517 0 0.487341821
v 0.0822784901 0 0.487341821
v 0.0949367285 0 0.487341821
v 0.107594967 0 0.487341821
v 0.120253205 0 0.487341821
v 0.132911384 0 0.487341821
v 0.145569623 0 0.487341821
v 0.158227861 0 0.487341821
v 0.170886099 0 0.487341821
v 0.183544338 0 0.487341821
v 0.196202576 0 0.487341821
v 0.208860755 0 0.487341821
v 0.221518993 0 0.487341821
v 0.234177232 0 0.487341821
v 0.24683547 0 0.487341821
v 0.259493709 0 0.487341821
v 0.272151947 0 0.487341821
v 0.284810126 0 0.487341821
v 0.297468364 0 0.487341821
v 0.310126603 0 0.487341821
v 0.322784841 0 0.487341821
v 0.335443079 0 0.487341821
v 0.348101258 0 0.487341821
v 0.360759497 0 0.487341821
v 0.373417735 0 0.487341821
v 0.386075974 0 0.487341821
v 0.398734212 0 0.487341821
v 0.41139245 0 0.487341821
v 0.424050629 0 0.487341821
v 0.436708868 0 0.487341821
v 0.449367106 0 0.487341821
v 0.462025344 0 0.487341821
v 0.474683583 0 0.487341821
v 0.487341821 0 0.487341821
v 0.5 0 0.487341821
v -0.5 0 0.5
v -0.487341762 0 0.5
v -0.474683553 0 0.5
v -0.462025315 0 0.5
v -0.449367076 0 0.5
v -0.436708868 0 0.5
v -0.424050629 0 0.5
v -0.411392391 0 0.5
v -0.398734182 0 0.5
v -0.386075944 0 0.5
v -0.373417735 0 0.5
v -0.360759497 0 0.5
v -0.348101258 0 0.5
v -0.33544302 0 0.5
v -0.322784811 0 0.5
v -0.310126573 0 0.5
v -0.297468364 0 0.5
v -0.284810126 0 0.5
v -0.272151887 0 0.5
v -0.259493649 0 0.5
v -0.24683544 0 0.5
v -0.234177202 0 0.5
v -0.221518993 0 0.5
v -0.208860755 0 0.5
v -0.196202517 0 0.5
v -0.183544308 0 0.5
v -0.17088607 0 0.5
v -0.158227831 0 0.5
v -0.145569623 0 0.5
v -0.132911384 0 0.5
v -0.120253146 0 0.5
v -0.107594937 0 0.5
v -0.0949366987 0 0.5
v -0.0822784603 0 0.5
v -0.0696202517 0 0.5
v -0.0569620132 0 0.5
v -0.0443037748 0 0.5
v -0.0316455662 0 0.5
v -0.0189873278 0 0.5
v -0.0063290894 0 0.5
v 0.00632911921 0 0.5
v 0.0189873576 0 0.5
v 0.031645596 0 0.5
v 0.0443038344 0 0.5
v 0.0569620132 0 0.5
v 0.0696202517 0 0.5
v 0.0822784901 0 0.5
v 0.0949367285 0 0.5
v 0.107594967 0 0.5
v 0.120253205 0 0.5
v 0.132911384 0 0.5
v 0.145569623 0 0.5
v 0.158227861 0 0.5
v 0.170886099 0 0.5
v 0.183544338 0 0.5
v 0.196202576 0 0.5
v 0.208860755 0 0.5
v 0.221518993 0 0.5
v 0.234177232 0 0.5
v 0.24683547 0 0.5
v 0.259493709 0 0.5
v 0.272151947 0 0.5
v 0.284810126 0 0.5
v 0.297468364 0 0.5
v 0.310126603 0 0.5
v 0.322784841 0 0.5
v 0.335443079 0 0.5
v 0.348101258 0 0.5
v 0.360759497 0 0.5
v 0.373417735 0 0.5
v 0.386075974 0 0.5
v 0.398734212 0 0.5
v 0.41139245 0 0.5
v 0.424050629 0 0.5
v 0.436708868 0 0.5
v 0.449367106 0 0.5
v 0.462025344 0 0.5
v 0.474683583 0 0.5
v 0.487341821 0 0.5
v 0.5 0 0.5
g 
f 1 82 2
f 1 81 82
f 2 83 3
f 2 82 83
f 3 84 4
f 3 83 84
f 4 85 5
f 4 84 85
f 5 86 6
f 5 85 86
f 6 87 7
f 6 86 87
f 7 88 8
f 7 87 88
f 8 89 9
f 8 88 89
f 9 90 10
f 9 89 90
f 10 91 11
f 10 90 91
f 11 92 12
f 11 91 92
f 12 93 13
f 12 92 93
f 13 94 14
f 13 93 94
f 14 95 15
f 14 94 95
f 15 96 16
f 15 95 96
f 16 97 17
f 16 96 97
f 17 98 18
f 17 97 98
f 18 99 19
f 18 98 99
f 19 100 20
f 19 99 100
f 20 101 21
f 20 100 101
f 21 102 22
f 21 101 102
f 22 103 23
f 22 102 103
f 23 104 24
f 23 103 104
f 24 105 25
f 24 104 105
f 25 106 26
f 25 105 106
f 26 107 27
f 26 106 107
f 27 108 28
f 27 107 108
f 28 109 29
f 28 108 109
f 29 110 30
f 29 109 110
f 30 111 31
f 30 110 111
f 31 112 32
f 31 111 112
f 32 113 33
f 32 112 113
f 33 114 34
f 33 113 114
f 34 115 35
f 34 114 115
f 35 116 36
f 35 115 116
f 36 117 37
f 36 116 117
f 37 118 38
f 37 117 118
f 38 119 39
f 38 118 119
f 39 120 40
f 39 119 120
f 40 121 41
f 40 120 121
f 41 122 42
f 41 121 122
f 42 123 43
f 42 122 123
f 43 124 44
f 43 123 124
f 44 125 45
f 44 124 125
f 45 126 46
f 45 125 126
f 46 127 47
f 46 126 127
f 47 128 48
f 47 127 128
f 48 129 49
f 48 128 129
f 49 130 50
f 49 129 130
f 50 131 51
f 50 130 131
f 51 132 52
f 51 131 132
f 52 133 53
f 52 132 133
f 53 134 54
f 53 133 134
f 54 135 55
f 54 134 135
f 55 136 56
f 55 135 136
f 56 137 57
f 56 136 137
f 57 138 58
f 57 137 138
f 58 139 59
f 58 138 139
f 59 140 60
f 59 139 140
f 60 141 61
f 60 140 141
f 61 142 62
f 61 141 142
f 62 143 63
f 62 142 143
f 63 144 64
f 63 143 144
f 64 145 65
f 64 144 145
f 65 146 66
f 65 145 146
f 66 147 67
f 66 146 147
f 67 148 68
f 67 147 148
f 68 149 69
f 68 148 149
f 69 150 70
f 69 149 150
f 70 151 71
f 70 150 151
f 71 152 72
f 71 151 152
f 72 153 73
f 72 152 153
f 73 154 74
f 73 153 154
f 74 155 75
f 74 154 155
f 75 156 76
f 75 155 156
f 76 157 77
f 76 156 157
f 77 158 78
f 77 157 158
f 78 159 79
f 78 158 159
f 79 160 80
f 79 159 160
f 81 162 82
f 81 161 162
f 82 163 83
f 82 162 163
f 83 164 84
f 83 163 164
f 84 165 85
f 84 164 165
f 85 166 86
f 85 165 166
f 86 167 87
f 86 166 167
f 87 168 88
f 87 167 168
f 88 169 89
f 88 168 169
f 89 170 90
f 89 169 170
f 90 171 91
f 90 170 171
f 91 172 92
f 91 171 172
f 92 173 93
f 92 172 173
f 93 174 94
f 93 173 174
f 94 175 95
f 94 174 175
f 95 176 96
f 95 175 176
f 96 177 97
f 96 176 177
f 97 178 98
f 97 177 178
f 98 179 99
f 98 178 179
f 99 180 100
f 99 179 180
f 100 181 101
f 100 180 181
f 101 182 102
f 101 181 182
f 102 183 103
f 102 182 183
f 103 184 104
f 103 183 184
f 104 185 105
f 104 184 185
f 105 186 106
f 105 185 186
f 106 187 107
f 106 186 187
f 107 188 108
f 107 187 188
f 108 189 109
f 108 188 189
f 109 190 110
f 109 189 190
f 110 191 111
f 110 190 191
f 111 192 112
f 111 191 192
f 112 193 113
f 112 192 193
f 113 194 114
f 113 193 194
f 114 195 115
f 114 194 195
f 115 196 116
f 115 195 196
f 116 197 117
f 116 196 197
f 117 198 118
f 117 197 198
f 118 199 119
f 118 198 199
f 119 200 120
f 119 199 200
f 120 201 121
f 120 200 201
f 121 202 122
f 121 201 202
f 122 203 123
f 122 202 203
f 123 204 124
f 123 203 204
f 124 205 125
f 124 204 205
f 125 206 126
f 125 205 206
f 126 207 127
f 126 206 207
f 127 208 128
f 127 207 208
f 128 209 129
f 128 208 209
f 129 210 130
f 129 209 210
f 130 211 131
f 130 210 211
f 131 212 132
f 131 211 212
f 132 213 133
f 132 212 213
f 133 214 134
f 133 213 214
f 134 215 135
f 134 214 215
f 135 216 136
f 135 215 216
f 136 217 137
f 136 216 217
f 137 218 138
f 137 217 218
f 138 219 139
f 138 218 219
f 139 220 140
f 139 219 220
f 140 221 141
f 140 220 221
f 141 222 142
f 141 221 222
f 142 223 143
f 142 222 223
f 143 224 144
f 143 223 224
f 144 225 145
f 144 224 225
f 145 226 146
f 145 225 226
f 146 227 147
f 146 226 227
f 147 228 148
f 147 227 228
f 148 229 149
f 148 228 229
f 149 230 150
f 149 229 230
f 150 231 151
f 150 230 231
f 151 232 152
f 151 231 232
f 152 233 153
f 152 232 233
f 153 234 154
f 153 233 234
f 154 235 155
f 154 234 235
f 155 236 156
f 155 235 236
f 156 237 157
f 156 236 237
f 157 238 158
f 157 237 238
f 158 239 159
f 158 238 239
f 159 240 160
f 159 239 240
f 161 242 162
f 161 241 242
f 162 243 163
f 162 242 243
f 163 244 164
f 163 243 244
f 164 245 165
f 164 244 245
f 165 246 166
f 165 245 246
f 166 247 167
f 166 246 247
f 167 248 168
f 167 247 248
f 168 249 169
f 168 248 249
f 169 250 170
f 169 249 250
f 170 251 171
f 170 250 251
f 171 252 172
f 171 251 252
f 172 253 173
f 172 252 253
f 173 254 174
f 173 253 254
f 174 255 175
f 174 254 255
f 175 256 176
f 175 255 256
f 176 257 177
f 176 256 257
f 177 258 178
f 177 257 258
f 178 259 179
f 178 258 259
f 179 260 180
f 179 259 260
f 180 261 181
f 180 260 261
f 181 262 182
f 181 261 262
f 182 263 183
f 182 262 263
f 183 264 184
f 183 263 264
f 184 265 185
f 184 264 265
f 185 266 186
f 185 265 266
f 186 267 187
f 186 266 267
f 187 268 188
f 187 267 268
f 188 269 189
f 188 268 269
f 189 270 190
f 189 269 270
f 190 271 191
f 190 270 271
f 191 272 192
f 191 271 272
f 192 273 193
f 192 272 273
f 193 274 194
f 193 273 274
f 194 275 195
f 194 274 275
f 195 276 196
f 195 275 276
f 196 277 197
f 196 276 277
f 197 278 198
f 197 277 278
f 198 279 199
f 198 278 279
f 199 280 200
f 199 279 280
f 200 281 201
f 200 280 281
f 201 282 202
f 201 281 282
f 202 283 203
f 202 282 283
f 203 284 204
f 203 283 284
f 204 285 205
f 204 284 285
f 205 286 206
f 205 285 286
f 206 287 207
f 206 286 287
f 207 288 208
f 207 287 288
f 208 289 209
f 208 288 289
f 209 290 210
f 209 289 290
f 210 291 211
f 210 290 291
f 211 292 212
f 211 291 292
f 212 293 213
f 212 292 293
f 213 294 214
f 213 293 294
f 214 295 215
f 214 294 295
f 215 296 216
f 215 295 296
f 216 297 217
f 216 296 297
f 217 298 218
f 217 297 298
f 218 299 219
f 218 298 299
f 219 300 220
f 219 299 300
f 220 301 221
f 220 300 301
f 221 302 222
f 221 301 302
f 222 303 223
f 222 302 303
f 223 304 224
f 223 303 304
f 224 305 225
f 224 304 305
f 225 306 226
f 225 305 306
f 226 307 227
f 226 306 307
f 227 308 228
f 227 307 308
f 228 309 229
f 228 308 309
f 229 310 230
f 229 309 310
f 230 311 231
f 230 310 311
f 231 312 232
f 231 311 312
f 232 313 233
f 232 312 313
f 233 314 234
f 233 313 314
f 234 315 235
f 234 314 315
f 235 316 236
f 235 315 316
f 236 317 237
f 236 316 317
f 237 318 238
f 237 317 318
f 238 319 239
f 238 318 319
f 239 320 240
f 239 319 320
f 241 322 242
f 241 321 322
f 242 323 243
f 242 322 323
f 243 324 244
f 243 323 324
f 244 325 245
f 244 324 325
f 245 326 246
f 245 325 326
f 246 327 247
f 246 326 327
f 247 328 248
f 247 327 328
f 248 329 249
f 248 328 329
f 249 330 250
f 249 329 330
f 250 331 251
f 250 330 331
f 251 332 252
f 251 331 332
f 252 333 253
f 252 332 333
f 253 334 254
f 253 333 334
f 254 335 255
f 254 334 335
f 255 336 256
f 255 335 336
f 256 337 257
f 256 336 337
f 257 338 258
f 257 337 338
f 258 339 259
f 258 338 339
f 259 340 260
f 259 339 340
f 260 341 261
f 260 340 341
f 261 342 262
f 261 341 342
f 262 343 263
f 262 342 343
f 263 344 264
f 263 343 344
f 264 345 265
f 264 344 345
f 265 346 266
f 265 345 346
f 266 347 267
f 266 346 347
f 267 348 268
f 267 347 348
f 268 349 269
f 268 348 349
f 269 350 270
f 269 349 350
f 270 351 271
f 270 350 351
f 271 352 272
f 271 351 352
f 272 353 273
f 272 352 353
f 273 354 274
f 273 353 354
f 274 355 275
f 274 354 355
f 275 356 276
f 275 355 356
f 276 357 277
f 276 356 357
f 277 358 278
f 277 357 358
f 278 359 279
f 278 358 359
f 279 360 280
f 279 359 360
f 280 361 281
f 280 360 361
f 281 362 282
f 281 361 362
f 282 363 283
f 282 362 363
f 283 364 284
f 283 363 364
f 284 365 285
f 284 364 365
f 285 366 286
f 285 365 366
f 286 367 287
f 286 366 367
f 287 368 288
f 287 367 368
f 288 369 289
f 288 368 369
f 289 370 290
f 289 369 370
f 290 371 291
f 290 370 371
f 291 372 292
f 291 371 372
f 292 373 293
f 292 372 373
f 293 374 294
f 293 373 374
f 294 375 295
f 294 374 375
f 295 376 296
f 295 375 376
f 296 377 297
f 296 376 377
f 297 378 298
f 297 377 378
f 298 379 299
f 298 378 379
f 299 380 300
f 299 379 380
f 300 381 301
f 300 380 381
f 301 382 302
f 301 381 382
f 302 383 303
f 302 382 383
f 303 384 304
f 303 383 384
f 304 385 305
f 304 384 385
f 305 386 306
f 305 385 386
f 306 387 307
f 306 386 387
f 307 388 308
f 307 387 388
f 308 389 309
f 308 388 389
f 309 390 310
f 309 389 390
f 310 391 311
f 310 390 391
f 311 392 312
f 311 391 392
f 312 393 313
f 312 392 393
f 313 394 314
f 313 393 394
f 314 395 315
f 314 394 395
f 315 396 316
f 315 395 396
f 316 397 317
f 316 396 397
f 317 398 318
f 317 397 398
f 318 399 319
f 318 398 399
f 319 400 320
f 319 399 400
f 321 402 322
f 321 401 402
f 322 403 323
f 322 402 403
f 323 404 324
f 323 403 404
f 324 405 325
f 324 404 405
f 325 406 326
f 325 405 406
f 326 407 327
f 326 406 407
f 327 408 328
f 327 407 408
f 328 409 329
f 328 408 409
f 329 410 330
f 329 409 410
f 330 411 331
f 330 410 411
f 331 412 332
f 331 411 412
f 332 413 333
f 332 412 413
f 333 414 334
f 333 413 414
f 334 415 335
f 334 414 415
f 335 416 336
f 335 415 416
f 336 417 337
f 336 416 417
f 337 418 338
f 337 417 418
f 338 419 339
f 338 418 419
f 339 420 340
f 339 419 420
f 340 421 341
f 340 420 421
f 341 422 342
f 341 421 422
f 342 423 343
f 342 422 423
f 343 424 344
f 343 423 424
f 344 425 345
f 344 424 425
f 345 426 346
f 345 425 426
f 346 427 347
f 346 426 427
f 347 428 348
f 347 427 428
f 348 429 349
f 348 428 429
f 349 430 350
f 349 429 430
f 350 431 351
f 350 430 431
f 351 432 352
f 351 431 432
f 352 433 353
f 352 432 433
f 353 434 354
f 353 433 434
f 354 435 355
f 354 434 435
f 355 436 356
f 355 435 436
f 356 437 357
f 356 436 437
f 357 438 358
f 357 437 438
f 358 439 359
f 358 438 439
f 359 440 360
f 359 439 440
f 360 441 361
f 360 440 441
f 361 442 362
f 361 441 442
f 362 443 363
f 362 442 443
f 363 444 364
f 363 443 444
f 364 445 365
f 364 444 445
f 365 446 366
f 365 445 446
f 366 447 367
f 366 446 447
f 367 448 368
f 367 447 448
f 368 449 369
f 368 448 449
f 369 450 370
f 369 449 450
f 370 451 371
f 370 450 451
f 371 452 372
f 371 451 452
f 372 453 373
f 372 452 453
f 373 454 374
f 373 453 454
f 374 455 375
f 374 454 455
f 375 456 376
f 375 455 456
f 376 457 377
f 376 456 457
f 377 458 378
f 377 457 458
f 378 459 379
f 378 458 459
f 379 460 380
f 379 459 460
f 380 461 381
f 380 460 461
f 381 462 382
f 381 461 462
f 382 463 383
f 382 462 463
f 383 464 384
f 383 463 464
f 384 465 385
f 384 464 465
f 385 466 386
f 385 465 466
f 386 467 387
f 386 466 467
f 387 468 388
f 387 467 468
f 388 469 389
f 388 468 469
f 389 470 390
f 389 469 470
f 390 471 391
f 390 470 471
f 391 472 392
f 391 471 472
f 392 473 393
f 392 472 473
f 393 474 394
f 393 473 474
f 394 475 395
f 394 474 475
f 395 476 396
f 395 475 476
f 396 477 397
f 396 476 477
f 397 478 398
f 397 477 478
f 398 479 399
f 398 478 479
f 399 480 400
f 399 479 480
f 401 482 402
f 401 481 482
f 402 483 403
f 402 482 483
f 403 484 404
f 403 483 484
f 404 485 405
f 404 484 485
f 405 486 406
f 405 485 486
f 406 487 407
f 406 486 487
f 407 488 408
f 407 487 488
f 408 489 409
f 408 488 489
f 409 490 410
f 409 489 490
f 410 491 411
f 410 490 491
f 411 492 412
f 411 491 492
f 412 493 413
f 412 492 493
f 413 494 414
f 413 493 494
f 414 495 415
f 414 494 495
f 415 496 416
f 415 495 496
f 416 497 417
f 416 496 497
f 417 498 418
f 417 497 498
f 418 499 419
f 418 498 499
f 419 500 420
f 419 499 500
f 420 501 421
f 420 500 501
f 421 502 422
f 421 501 502
f 422 503 423
f 422 502 503
f 423 504 424
f 423 503 504
f 424 505 425
f 424 504 505
f 425 506 426
f 425 505 506
f 426 507 427
f 426 506 507
f 427 508 428
f 427 507 508
f 428 509 429
f 428 508 509
f 429 510 430
f 429 509 510
f 430 511 431
f 430 510 511
f 431 512 432
f 431 511 512
f 432 513 433
f 432 512 513
f 433 514 434
f 433 513 514
f 434 515 435
f 434 514 515
f 435 516 436
f 435 515 516
f 436 517 437
f 436 516 517
f 437 518 438
f 437 517 518
f 438 519 439
f 438 518 519
f 439 520 440
f 439 519 520
f 440 521 441
f 440 520 521
f 441 522 442
f 441 521 522
f 442 523 443
f 442 522 523
f 443 524 444
f 443 523 524
f 444 525 445
f 444 524 525
f 445 526 446
f 445 525 526
f 446 527 447
f 446 526 527
f 447 528 448
f 447 527 528
f 448 529 449
f 448 528 529
f 449 530 450
f 449 529 530
f 450 531 451
f 450 530 531
f 451 532 452
f 451 531 532
f 452 533 453
f 452 532 533
f 453 534 454
f 453 533 534
f 454 535 455
f 454 534 535
f 455 536 456
f 455 535 536
f 456 537 457
f 456 536 537
f 457 538 458
f 457 537 538
f 458 539 459
f 458 538 539
f 459 540 460
f 459 539 540
f 460 541 461
f 460 540 541
f 461 542 462
f 461 541 542
f 462 543 463
f 462 542 543
f 463 544 464
f 463 543 544
f 464 545 465
f 464 544 545
f 465 546 466
f 465 545 546
f 466 547 467
f 466 546 547
f 467 548 468
f 467 547 548
f 468 549 469
f 468 548 549
f 469 550 470
f 469 549 550
f 470 551 471
f 470 550 551
f 471 552 472
f 471 551 552
f 472 553 473
f 472 552 553
f 473 554 474
f 473 553 554
f 474 555 475
f 474 554 555
f 475 556 476
f 475 555 556
f 476 557 477
f 476 556 557
f 477 558 478
f 477 557 558
f 478 559 479
f 478 558 559
f 479 560 480
f 479 559 560
f 481 562 482
f 481 561 562
f 482 563 483
f 482 562 563
f 483 564 484
f 483 563 564
f 484 565 485
f 484 564 565
f 485 566 486
f 485 565 566
f 486 567 487
f 486 566 567
f 487 568 488
f 487 567 568
f 488 569 489
f 488 568 569
f 489 570 490
f 489 569 570
f 490 571 491
f 490 570 571
f 491 572 492
f 491 571 572
f 492 573 493
f 492 572 573
f 493 574 494
f 493 573 574
f 494 575 495
f 494 574 575
f 495 576 496
f 495 575 576
f 496 577 497
f 496 576 577
f 497 578 498
f 497 577 578
f 498 579 499
f 498 578 579
f 499 580 500
f 499 579 580
f 500 581 501
f 500 580 581
f 501 582 502
f 501 581 582
f 502 583 503
f 502 582 583
f 503 584 504
f 503 583 584
f 504 585 505
f 504 584 585
f 505 586 506
f 505 585 586
f 506 587 507
f 506 586 587
f 507 588 508
f 507 587 588
f 508 589 509
f 508 588 589
f 509 590 510
f 509 589 590
f 510 591 511
f 510 590 591
f 511 592 512
f 511 591 592
f 512 593 513
f 512 592 593
f 513 594 514
f 513 593 594
f 514 595 515
f 514 594 595
f 515 596 516
f 515 595 596
f 516 597 517
f 516 596 597
f 517 598 518
f 517 597 598
f 518 599 519
f 518 598 599
f 519 600 520
f 519 599 600
f 520 601 521
f 520 600 601
f 521 602 522
f 521 601 602
f 522 603 523
f 522 602 603
f 523 604 524
f 523 603 604
f 524 605 525
f 524 604 605
f 525 606 526
f 525 605 606
f 526 607 527
f 526 606 607
f 527 608 528
f 527 607 608
f 528 609 529
f 528 608 609
f 529 610 530
f 529 609 610
f 530 611 531
f 530 610 611
f 531 612 532
f 531 611 612
f 532 613 533
f 532 612 613
f 533 614 534
f 533 613 614
f 534 615 535
f 534 614 615
f 535 616 536
f 535 615 616
f 536 617 537
f 536 616 617
f 537 618 538
f 537 617 618
f 538 619 539
f 538 618 619
f 539 620 540
f 539 619 620
f 540 621 541
f 540 620 621
f 541 622 542
f 541 621 622
f 542 623 543
f 542 622 623
f 543 624 544
f 543 623 624
f 544 625 545
f 544 624 625
f 545 626 546
f 545 625 626
f 546 627 547
f 546 626 627
f 547 628 548
f 547 627 628
f 548 629 549
f 548 628 629
f 549 630 550
f 549 629 630
f 550 631 551
f 550 630 631
f 551 632 552
f 551 631 632
f 552 633 553
f 552 632 633
f 553 634 554
f 553 633 634
f 554 635 555
f 554 634 635
f 555 636 556
f 555 635 636
f 556 637 557
f 556 636 637
f 557 638 558
f 557 637 638
f 558 639 559
f 558 638 639
f 559 640 560
f 559 639 640
f 561 642 562
f 561 641 642
f 562 643 563
f 562 642 643
f 563 644 564
f 563 643 644
f 564 645 565
f 564 644 645
f 565 646 566
f 565 645 646
f 566 647 567
f 566 646 647
f 567 648 568
f 567 647 648
f 568 649 569
f 568 648 649
f 569 650 570
f 569 649 650
f 570 651 571
f 570 650 651
f 571 652 572
f 571 651 652
f 572 653 573
f 572 652 653
f 573 654 574
f 573 653 654
f 574 655 575
f 574 654 655
f 575 656 576
f 575 655 656
f 576 657 577
f 576 656 657
f 577 658 578
f 577 657 658
f 578 659 579
f 578 658 659
f 579 660 580
f 579 659 660
f 580 661 581
f 580 660 661
f 581 662 582
f 581 661 662
f 582 663 583
f 582 662 663
f 583 664 584
f 583 663 664
f 584 665 585
f 584 664 665
f 585 666 586
f 585 665 666
f 586 667 587
f 586 666 667
f 587 668 588
f 587 667 668
f 588 669 589
f 588 668 669
f 589 670 590
f 589 669 670
f 590 671 591
f 590 670 671
f 591 672 592
f 591 671 672
f 592 673 593
f 592 672 673
f 593 674 594
f 593 673 674
f 594 675 595
f 594 674 675
f 595 676 596
f 595 675 676
f 596 677 597
f 596 676 677
f 597 678 598
f 597 677 678
f 598 679 599
f 598 678 679
f 599 680 600
f 599 679 680
f 600 681 601
f 600 680 681
f 601 682 602
f 601 681 682
f 602 683 603
f 602 682 683
f 603 684 604
f 603 683 684
f 604 685 605
f 604 684 685
f 605 686 606
f 605 685 686
f 606 687 607
f 606 686 687
f 607 688 608
f 607 687 688
f 608 689 609
f 608 688 689
f 609 690 610
f 609 689 690
f 610 691 611
f 610 690 691
f 611 692 612
f 611 691 692
f 612 693 613
f 612 692 693
f 613 694 614
f 613 693 694
f 614 695 615
f 614 694 695
f 615 696 616
f 615 695 696
f 616 697 617
f 616 696 697
f 617 698 618
f 617 697 698
f 618 699 619
f 618 698 699
f 619 700 620
f 619 699 700
f 620 701 621
f 620 700 701
f 621 702 622
f 621 701 702
f 622 703 623
f 622 702 703
f 623 704 624
f 623 703 704
f 624 705 625
f 624 704 705
f 625 706 626
f 625 705 706
f 626 707 627
f 626 706 707
f 627 708 628
f 627 707 708
f 628 709 629
f 628 708 709
f 629 710 630
f 629 709 710
f 630 711 631
f 630 710 711
f 631 712 632
f 631 711 712
f 632 713 633
f 632 712 713
f 633 714 634
f 633 713 714
f 634 715 635
f 634 714 715
f 635 716 636
f 635 715 716
f 636 717 637
f 636 716 717
f 637 718 638
f 637 717 718
f 638 719 639
f 638 718 719
f 639 720 640
f 639 719 720
f 641 722 642
f 641 721 722
f 642 723 643
f 642 722 723
f 643 724 644
f 643 723 724
f 644 725 645
f 644 724 725
f 645 726 646
f 645 725 726
f 646 727 647
f 646 726 727
f 647 728 648
f 647 727 728
f 648 729 649
f 648 728 729
f 649 730 650
f 649 729 730
f 650 731 651
f 650 730 731
f 651 732 652
f 651 731 732
f 652 733 653
f 652 732 733
f 653 734 654
f 653 733 734
f 654 735 655
f 654 734 735
f 655 736 656
f 655 735 736
f 656 737 657
f 656 736 737
f 657 738 658
f 657 737 738
f 658 739 659
f 658 738 739
f 659 740 660
f 659 739 740
f 660 741 661
f 660 740 741
f 661 742 662
f 661 741 742
f 662 743 663
f 662 742 743
f 663 744 664
f 663 743 744
f 664 745 665
f 664 744 745
f 665 746 666
f 665 745 746
f 666 747 667
f 666 746 747
f 667 748 668
f 667 747 748
f 668 749 669
f 668 748 749
f 669 750 670
f 669 749 750
f 670 751 671
f 670 750 751
f 671 752 672
f 671 751 752
f 672 753 673
f 672 752 753
f 673 754 674
f 673 753 754
f 674 755 675
f 674 754 755
f 675 756 676
f 675 755 756
f 676 757 677
f 676 756 757
f 677 758 678
f 677 757 758
f 678 759 679
f 678 758 759
f 679 760 680
f 679 759 760
f 680 761 681
f 680 760 761
f 681 762 682
f 681 761 762
f 682 763 683
f 682 762 763
f 683 764 684
f 683 763 764
f 684 765 685
f 684 764 765
f 685 766 686
f 685 765 766
f 686 767 687
f 686 766 767
f 687 768 688
f 687 767 768
f 688 769 689
f 688 768 769
f 689 770 690
f 689 769 770
f 690 771 691
f 690 770 771
f 691 772 692
f 691 771 772
f 692 773 693
f 692 772 773
f 693 774 694
f 693 773 774
f 694 775 695
f 694 774 775
f 695 776 696
f 695 775 776
f 696 777 697
f 696 776 777
f 697 778 698
f 697 777 778
f 698 779 699
f 698 778 779
f 699 780 700
f 699 779 780
f 700 781 701
f 700 780 781
f 701 782 702
f 701 781 782
f 702 783 703
f 702 782 783
f 703 784 704
f 703 783 784
f 704 785 705
f 704 784 785
f 705 786 706
f 705 785 786
f 706 787 707
f 706 786 787
f 707 788 708
f 707 787 788
f 708 789 709
f 708 788 789
f 709 790 710
f 709 789 790
f 710 791 711
f 710 790 791
f 711 792 712
f 711 791 792
f 712 793 713
f 712 792 793
f 713 794 714
f 713 793 794
f 714 795 715
f 714 794 795
f 715 796 716
f 715 795 796
f 716 797 717
f 716 796 797
f 717 798 718
f 717 797 798
f 718 799 719
f 718 798 799
f 719 800 720
f 719 799 800
f 721 802 722
f 721 801 802
f 722 803 723
f 722 802 803
f 723 804 724
f 723 803 804
f 724 805 725
f 724 804 805
f 725 806 726
f 725 805 806
f 726 807 727
f 726 806 807
f 727 808 728
f 727 807 808
f 728 809 729
f 728 808 809
f 729 810 730
f 729 809 810
f 730 811 731
f 730 810 811
f 731 812 732
f 731 811 812
f 732 813 733
f 732 812 813
f 733 814 734
f 733 813 814
f 734 815 735
f 734 814 815
f 735 816 736
f 735 815 816
f 736 817 737
f 736 816 817
f 737 818 738
f 737 817 818
f 738 819 739
f 738 818 819
f 739 820 740
f 739 819 820
f 740 821 741
f 740 820 821
f 741 822 742
f 741 821 822
f 742 823 743
f 742 822 823
f 743 824 744
f 743 823 824
f 744 825 745
f 744 824 825
f 745 826 746
f 745 825 826
f 746 827 747
f 746 826 827
f 747 828 748
f 747 827 828
f 748 829 749
f 748 828 829
f 749 830 750
f 749 829 830
f 750 831 751
f 750 830 831
f 751 832 752
f 751 831 832
f 752 833 753
f 752 832 833
f 753 834 754
f 753 833 834
f 754 835 755
f 754 834 835
f 755 836 756
f 755 835 836
f 756 837 757
f 756 836 837
f 757 838 758
f 757 837 838
f 758 839 759
f 758 838 839
f 759 840 760
f 759 839 840
f 760 841 761
f 760 840 841
f 761 842 762
f 761 841 842
f 762 843 763
f 762 842 843
f 763 844 764
f 763 843 844
f 764 845 765
f 764 844 845
f 765 846 766
f 765 845 846
f 766 847 767
f 766 846 847
f 767 848 768
f 767 847 848
f 768 849 769
f 768 848 849
f 769 850 770
f 769 849 850
f 770 851 771
f 770 850 851
f 771 852 772
f 771 851 852
f 772 853 773
f 772 852 853
f 773 854 774
f 773 853 854
f 774 855 775
f 774 854 855
f 775 856 776
f 775 855 856
f 776 857 777
f 776 856 857
f 777 858 778
f 777 857 858
f 778 859 779
f 778 858 859
f 779 860 780
f 779 859 860
f 780 861 781
f 780 860 861
f 781 862 782
f 781 861 862
f 782 863 783
f 782 862 863
f 783 864 784
f 783 863 864
f 784 865 785
f 784 864 865
f 785 866 786
f 785 865 866
f 786 867 787
f 786 866 867
f 787 868 788
f 787 867 868
f 788 869 789
f 788 868 869
f 789 870 790
f 789 869 870
f 790 871 791
f 790 870 871
f 791 872 792
f 791 871 872
f 792 873 793
f 792 872 873
f 793 874 794
f 793 873 874
f 794 875 795
f 794 874 875
f 795 876 796
f 795 875 876
f 796 877 797
f 796 876 877
f 797 878 798
f 797 877 878
f 798 879 799
f 798 878 879
f 799 880 800
f 799 879 880
f 801 882 802
f 801 881 882
f 802 883 803
f 802 882 883
f 803 884 804
f 803 883 884
f 804 885 805
f 804 884 885
f 805 886 806
f 805 885 886
f 806 887 807
f 806 886 887
f 807 888 808
f 807 887 888
f 808 889 809
f 808 888 889
f 809 890 810
f 809 889 890
f 810 891 811
f 810 890 891
f 811 892 812
f 811 891 892
f 812 893 813
f 812 892 893
f 813 894 814
f 813 893 894
f 814 895 815
f 814 894 895
f 815 896 816
f 815 895 896
f 816 897 817
f 816 896 897
f 817 898 818
f 817 897 898
f 818 899 819
f 818 898 899
f 819 900 820
f 819 899 900
f 820 901 821
f 820 900 901
f 821 902 822
f 821 901 902
f 822 903 823
f 822 902 903
f 823 904 824
f 823 903 904
f 824 905 825
f 824 904 905
f 825 906 826
f 825 905 906
f 826 907 827
f 826 906 907
f 827 908 828
f 827 907 908
f 828 909 829
f 828 908 909
f 829 910 830
f 829 909 910
f 830 911 831
f 830 910 911
f 831 912 832
f 831 911 912
f 832 913 833
f 832 912 913
f 833 914 834
f 833 913 914
f 834 915 835
f 834 914 915
f 835 916 836
f 835 915 916
f 836 917 837
f 836 916 917
f 837 918 838
f 837 917 918
f 838 919 839
f 838 918 919
f 839 920 840
f 839 919 920
f 840 921 841
f 840 920 921
f 841 922 842
f 841 921 922
f 842 923 843
f 842 922 923
f 843 924 844
f 843 923 924
f 844 925 845
f 844 924 925
f 845 926 846
f 845 925 926
f 846 927 847
f 846 926 927
f 847 928 848
f 847 927 928
f 848 929 849
f 848 928 929
f 849 930 850
f 849 929 930
f 850 931 851
f 850 930 931
f 851 932 852
f 851 931 932
f 852 933 853
f 852 932 933
f 853 934 854
f 853 933 934
f 854 935 855
f 854 934 935
f 855 936 856
f 855 935 936
f 856 937 857
f 856 936 937
f 857 938 858
f 857 937 938
f 858 939 859
f 858 938 939
f 859 940 860
f 859 939 940
f 860 941 861
f 860 940 941
f 861 942 862
f 861 941 942
f 862 943 863
f 862 942 943
f 863 944 864
f 863 943 944
f 864 945 865
f 864 944 945
f 865 946 866
f 865 945 946
f 866 947 867
f 866 946 947
f 867 948 868
f 867 947 948
f 868 949 869
f 868 948 949
f 869 950 870
f 869 949 950
f 870 951 871
f 870 950 951
f 871 952 872
f 871 951 952
f 872 953 873
f 872 952 953
f 873 954 874
f 873 953 954
f 874 955 875
f 874 954 955
f 875 956 876
f 875 955 956
f 876 957 877
f 876 956 957
f 877 958 878
f 877 957 958
f 878 959 879
f 878 958 959
f 879 960 880
f 879 959 960
f 881 962 882
f 881 961 962
f 882 963 883
f 882 962 963
f 883 964 884
f 883 963 964
f 884 965 885
f 884 964 965
f 885 966 886
f 885 965 966
f 886 967 887
f 886 966 967
f 887 968 888
f 887 967 968
f 888 969 889
f 888 968 969
f 889 970 890
f 889 969 970
f 890 971 891
f 890 970 971
f 891 972 892
f 891 971 972
f 892 973 893
f 892 972 973
f 893 974 894
f 893 973 974
f 894 975 895
f 894 974 975
f 895 976 896
f 895 975 976
f 896 977 897
f 896 976 977
f 897 978 898
f 897 977 978
f 898 979 899
f 898 978 979
f 899 980 900
f 899 979 980
f 900 981 901
f 900 980 981
f 901 982 902
f 901 981 982
f 902 983 903
f 902 982 983
f 903 984 904
f 903 983 984
f 904 985 905
f 904 984 985
f 905 986 906
f 905 985 986
f 906 987 907
f 906 986 987
f 907 988 908
f 907 987 988
f 908 989 909
f 908 988 989
f 909 990 910
f 909 989 990
f 910 991 911
f 910 990 991
f 911 992 912
f 911 991 992
f 912 993 913
f 912 992 993
f 913 994 914
f 913 993 994
f 914 995 915
f 914 994 995
f 915 996 916
f 915 995 996
f 916 997 917
f 916 996 997
f 917 998 918
f 917 997 998
f 918 999 919
f 918 998 999
f 919 1000 920
f 919 999 1000
f 920 1001 921
f 920 1000 1001
f 921 1002 922
f 921 1001 1002
f 922 1003 923
f 922 1002 1003
f 923 1004 924
f 923 1003 1004
f 924 1005 925
f 924 1004 1005
f 925 1006 926
f 925 1005 1006
f 926 1007 927
f 926 1006 1007
f 927 1008 928
f 927 1007 1008
f 928 1009 929
f 928 1008 1009
f 929 1010 930
f 929 1009 1010
f 930 1011 931
f 930 1010 1011
f 931 1012 932
f 931 1011 1012
f 932 1013 933
f 932 1012 1013
f 933 1014 934
f 933 1013 1014
f 934 1015 935
f 934 1014 1015
f 935 1016 936
f 935 1015 1016
f 936 1017 937
f 936 1016 1017
f 937 1018 938
f 937 1017 1018
f 938 1019 939
f 938 1018 1019
f 939 1020 940
f 939 1019 1020
f 940 1021 941
f 940 1020 1021
f 941 1022 942
f 941 1021 1022
f 942 1023 943
f 942 1022 1023
f 943 1024 944
f 943 1023 1024
f 944 1025 945
f 944 1024 1025
f 945 1026 946
f 945 1025 1026
f 946 1027 947
f 946 1026 1027
f 947 1028 948
f 947 1027 1028
f 948 1029 949
f 948 1028 1029
f 949 1030 950
f 949 1029 1030
f 950 1031 951
f 950 1030 1031
f 951 1032 952
f 951 1031 1032
f 952 1033 953
f 952 1032 1033
f 953 1034 954
f 953 1033 1034
f 954 1035 955
f 954 1034 1035
f 955 1036 956
f 955 1035 1036
f 956 1037 957
f 956 1036 1037
f 957 1038 958
f 957 1037 1038
f 958 1039 959
f 958 1038 1039
f 959 1040 960
f 959 1039 1040
f 961 1042 962
f 961 1041 1042
f 962 1043 963
f 962 1042 1043
f 963 1044 964
f 963 1043 1044
f 964 1045 965
f 964 1044 1045
f 965 1046 966
f 965 1045 1046
f 966 1047 967
f 966 1046 1047
f 967 1048 968
f 967 1047 1048
f 968 1049 969
f 968 1048 1049
f 969 1050 970
f 969 1049 1050
f 970 1051 971
f 970 1050 1051
f 971 1052 972
f 971 1051 1052
f 972 1053 973
f 972 1052 1053
f 973 1054 974
f 973 1053 1054
f 974 1055 975
f 974 1054 1055
f 975 1056 976
f 975 1055 1056
f 976 1057 977
f 976 1056 1057
f 977 1058 978
f 977 1057 1058
f 978 1059 979
f 978 1058 1059
f 979 1060 980
f 979 1059 1060
f 980 1061 981
f 980 1060 1061
f 981 1062 982
f 981 1061 1062
f 982 1063 983
f 982 1062 1063
f 983 1064 984
f 983 1063 1064
f 984 1065 985
f 984 1064 1065
f 985 1066 986
f 985 1065 1066
f 986 1067 987
f 986 1066 1067
f 987 1068 988
f 987 1067 1068
f 988 1069 989
f 988 1068 1069
f 989 1070 990
f 989 1069 1070
f 990 1071 991
f 990 1070 1071
f 991 1072 992
f 991 1071 1072
f 992 1073 993
f 992 1072 1073
f 993 1074 994
f 993 1073 1074
f 994 1075 995
f 994 1074 1075
f 995 1076 996
f 995 1075 1076
f 996 1077 997
f 996 1076 1077
f 997 1078 998
f 997 1077 1078
f 998 1079 999
f 998 1078 1079
f 999 1080 1000
f 999 1079 1080
f 1000 1081 1001
f 1000 1080 1081
f 1001 1082 1002
f 1001 1081 1082
f 1002 1083 1003
f 1002 1082 1083
f 1003 1084 1004
f 1003 1083 1084
f 1004 1085 1005
f 1004 1084 1085
f 1005 1086 1006
f 1005 1085 1086
f 1006 1087 1007
f 1006 1086 1087
f 1007 1088 1008
f 1007 1087 1088
f 1008 1089 1009
f 1008 1088 1089
f 1009 1090 1010
f 1009 1089 1090
f 1010 1091 1011
f 1010 1090 1091
f 1011 1092 1012
f 1011 1091 1092
f 1012 1093 1013
f 1012 1092 1093
f 1013 1094 1014
f 1013 1093 1094
f 1014 1095 1015
f 1014 1094 1095
f 1015 1096 1016
f 1015 1095 1096
f 1016 1097 1017
f 1016 1096 1097
f 1017 1098 1018
f 1017 1097 1098
f 1018 1099 1019
f 1018 1098 1099
f 1019 1100 1020
f 1019 1099 1100
f 1020 1101 1021
f 1020 1100 1101
f 1021 1102 1022
f 1021 1101 1102
f 1022 1103 1023
f 1022 1102 1103
f 1023 1104 1024
f 1023 1103 1104
f 1024 1105 1025
f 1024 1104 1105
f 1025 1106 1026
f 1025 1105 1106
f 1026 1107 1027
f 1026 1106 1107
f 1027 1108 1028
f 1027 1107 1108
f 1028 1109 1029
f 1028 1108 1109
f 1029 1110 1030
f 1029 1109 1110
f 1030 1111 1031
f 1030 1110 1111
f 1031 1112 1032
f 1031 1111 1112
f 1032 1113 1033
f 1032 1112 1113
f 1033 1114 1034
f 1033 1113 1114
f 1034 1115 1035
f 1034 1114 1115
f 1035 1116 1036
f 1035 1115 1116
f 1036 1117 1037
f 1036 1116 1117
f 1037 1118 1038
f 1037 1117 1118
f 1038 1119 1039
f 1038 1118 1119
f 1039 1120 1040
f 1039 1119 1120
f 1041 1122 1042
f 1041 1121 1122
f 1042 1123 1043
f 1042 1122 1123
f 1043 1124 1044
f 1043 1123 1124
f 1044 1125 1045
f 1044 1124 1125
f 1045 1126 1046
f 1045 1125 1126
f 1046 1127 1047
f 1046 1126 1127
f 1047 1128 1048
f 1047 1127 1128
f 1048 1129 1049
f 1048 1128 1129
f 1049 1130 1050
f 1049 1129 1130
f 1050 1131 1051
f 1050 1130 1131
f 1051 1132 1052
f 1051 1131 1132
f 1052 1133 1053
f 1052 1132 1133
f 1053 1134 1054
f 1053 1133 1134
f 1054 1135 1055
f 1054 1134 1135
f 1055 1136 1056
f 1055 1135 1136
f 1056 1137 1057
f 1056 1136 1137
f 1057 1138 1058
f 1057 1137 1138
f 1058 1139 1059
f 1058 1138 1139
f 1059 1140 1060
f 1059 1139 1140
f 1060 1141 1061
f 1060 1140 1141
f 1061 1142 1062
f 1061 1141 1142
f 1062 1143 1063
f 1062 1142 1143
f 1063 1144 1064
f 1063 1143 1144
f 1064 1145 1065
f 1064 1144 1145
f 1065 1146 1066
f 1065 1145 1146
f 1066 1147 1067
f 1066 1146 1147
f 1067 1148 1068
f 1067 1147 1148
f 1068 1149 1069
f 1068 1148 1149
f 1069 1150 1070
f 1069 1149 1150
f 1070 1151 1071
f 1070 1150 1151
f 1071 1152 1072
f 1071 1151 1152
f 1072 1153 1073
f 1072 1152 1153
f 1073 1154 1074
f 1073 1153 1154
f 1074 1155 1075
f 1074 1154 1155
f 1075 1156 1076
f 1075 1155 1156
f 1076 1157 1077
f 1076 1156 1157
f 1077 1158 1078
f 1077 1157 1158
f 1078 1159 1079
f 1078 1158 1159
f 1079 1160 1080
f 1079 1159 1160
f 1080 1161 1081
f 1080 1160 1161
f 1081 1162 1082
f 1081 1161 1162
f 1082 1163 1083
f 1082 1162 1163
f 1083 1164 1084
f 1083 1163 1164
f 1084 1165 1085
f 1084 1164 1165
f 1085 1166 1086
f 1085 1165 1166
f 1086 1167 1087
f 1086 1166 1167
f 1087 1168 1088
f 1087 1167 1168
f 1088 1169 1089
f 1088 1168 1169
f 1089 1170 1090
f 1089 1169 1170
f 1090 1171 1091
f 1090 1170 1171
f 1091 1172 1092
f 1091 1171 1172
f 1092 1173 1093
f 1092 1172 1173
f 1093 1174 1094
f 1093 1173 1174
f 1094 1175 1095
f 1094 1174 1175
f 1095 1176 1096
f 1095 1175 1176
f 1096 1177 1097
f 1096 1176 1177
f 1097 1178 1098
f 1097 1177 1178
f 1098 1179 1099
f 1098 1178 1179
f 1099 1180 1100
f 1099 1179 1180
f 1100 1181 1101
f 1100 1180 1181
f 1101 1182 1102
f 1101 1181 1182
f 1102 1183 1103
f 1102 1182 1183
f 1103 1184 1104
f 1103 1183 1184
f 1104 1185 1105
f 1104 1184 1185
f 1105 1186 1106
f 1105 1185 1186
f 1106 1187 1107
f 1106 1186 1187
f 1107 1188 1108
f 1107 1187 1188
f 1108 1189 1109
f 1108 1188 1189
f 1109 1190 1110
f 1109 1189 1190
f 1110 1191 1111
f 1110 1190 1191
f 1111 1192 1112
f 1111 1191 1192
f 1112 1193 1113
f 1112 1192 1193
f 1113 1194 1114
f 1113 1193 1194
f 1114 1195 1115
f 1114 1194 1195
f 1115 1196 1116
f 1115 1195 1196
f 1116 1197 1117
f 1116 1196 1197
f 1117 1198 1118
f 1117 1197 1198
f 1118 1199 1119
f 1118 1198 1199
f 1119 1200 1120
f 1119 1199 1200
f 1121 1202 1122
f 1121 1201 1202
f 1122 1203 1123
f 1122 1202 1203
f 1123 1204 1124
f 1123 1203 1204
f 1124 1205 1125
f 1124 1204 1205
f 1125 1206 1126
f 1125 1205 1206
f 1126 1207 1127
f 1126 1206 1207
f 1127 1208 1128
f 1127 1207 1208
f 1128 1209 1129
f 1128 1208 1209
f 1129 1210 1130
f 1129 1209 1210
f 1130 1211 1131
f 1130 1210 1211
f 1131 1212 1132
f 1131 1211 1212
f 1132 1213 1133
f 1132 1212 1213
f 1133 1214 1134
f 1133 1213 1214
f 1134 1215 1135
f 1134 1214 1215
f 1135 1216 1136
f 1135 1215 1216
f 1136 1217 1137
f 1136 1216 1217
f 1137 1218 1138
f 1137 1217 1218
f 1138 1219 1139
f 1138 1218 1219
f 1139 1220 1140
f 1139 1219 1220
f 1140 1221 1141
f 1140 1220 1221
f 1141 1222 1142
f 1141 1221 1222
f 1142 1223 1143
f 1142 1222 1223
f 1143 1224 1144
f 1143 1223 1224
f 1144 1225 1145
f 1144 1224 1225
f 1145 1226 1146
f 1145 1225 1226
f 1146 1227 1147
f 1146 1226 1227
f 1147 1228 1148
f 1147 1227 1228
f 1148 1229 1149
f 1148 1228 1229
f 1149 1230 1150
f 1149 1229 1230
f 1150 1231 1151
f 1150 1230 1231
f 1151 1232 1152
f 1151 1231 1232
f 1152 1233 1153
f 1152 1232 1233
f 1153 1234 1154
f 1153 1233 1234
f 1154 1235 1155
f 1154 1234 1235
f 1155 1236 1156
f 1155 1235 1236
f 1156 1237 1157
f 1156 1236 1237
f 1157 1238 1158
f 1157 1237 1238
f 1158 1239 1159
f 1158 1238 1239
f 1159 1240 1160
f 1159 1239 1240
f 1160 1241 1161
f 1160 1240 1241
f 1161 1242 1162
f 1161 1241 1242
f 1162 1243 1163
f 1162 1242 1243
f 1163 1244 1164
f 1163 1243 1244
f 1164 1245 1165
f 1164 1244 1245
f 1165 1246 1166
f 1165 1245 1246
f 1166 1247 1167
f 1166 1246 1247
f 1167 1248 1168
f 1167 1247 1248
f 1168 1249 1169
f 1168 1248 1249
f 1169 1250 1170
f 1169 1249 1250
f 1170 1251 1171
f 1170 1250 1251
f 1171 1252 1172
f 1171 1251 1252
f 1172 1253 1173
f 1172 1252 1253
f 1173 1254 1174
f 1173 1253 1254
f 1174 1255 1175
f 1174 1254 1255
f 1175 1256 1176
f 1175 1255 1256
f 1176 1257 1177
f 1176 1256 1257
f 1177 1258 1178
f 1177 1257 1258
f 1178 1259 1179
f 1178 1258 1259
f 1179 1260 1180
f 1179 1259 1260
f 1180 1261 1181
f 1180 1260 1261
f 1181 1262 1182
f 1181 1261 1262
f 1182 1263 1183
f 1182 1262 1263
f 1183 1264 1184
f 1183 1263 1264
f 1184 1265 1185
f 1184 1264 1265
f 1185 1266 1186
f 1185 1265 1266
f 1186 1267 1187
f 1186 1266 1267
f 1187 1268 1188
f 1187 1267 1268
f 1188 1269 1189
f 1188 1268 1269
f 1189 1270 1190
f 1189 1269 1270
f 1190 1271 1191
f 1190 1270 1271
f 1191 1272 1192
f 1191 1271 1272
f 1192 1273 1193
f 1192 1272 1273
f 1193 1274 1194
f 1193 1273 1274
f 1194 1275 1195
f 1194 1274 1275
f 1195 1276 1196
f 1195 1275 1276
f 1196 1277 1197
f 1196 1276 1277
f 1197 1278 1198
f 1197 1277 1278
f 1198 1279 1199
f 1198 1278 1279
f 1199 1280 1200
f 1199 1279 1280
f 1201 1282 1202
f 1201 1281 1282
f 1202 1283 1203
f 1202 1282 1283
f 1203 1284 1204
f 1203 1283 1284
f 1204 1285 1205
f 1204 1284 1285
f 1205 1286 1206
f 1205 1285 1286
f 1206 1287 1207
f 1206 1286 1287
f 1207 1288 1208
f 1207 1287 1288
f 1208 1289 1209
f 1208 1288 1289
f 1209 1290 1210
f 1209 1289 1290
f 1210 1291 1211
f 1210 1290 1291
f 1211 1292 1212
f 1211 1291 1292
f 1212 1293 1213
f 1212 1292 1293
f 1213 1294 1214
f 1213 1293 1294
f 1214 1295 1215
f 1214 1294 1295
f 1215 1296 1216
f 1215 1295 1296
f 1216 1297 1217
f 1216 1296 1297
f 1217 1298 1218
f 1217 1297 1298
f 1218 1299 1219
f 1218 1298 1299
f 1219 1300 1220
f 1219 1299 1300
f 1220 1301 1221
f 1220 1300 1301
f 1221 1302 1222
f 1221 1301 1302
f 1222 1303 1223
f 1222 1302 1303
f 1223 1304 1224
f 1223 1303 1304
f 1224 1305 1225
f 1224 1304 1305
f 1225 1306 1226
f 1225 1305 1306
f 1226 1307 1227
f 1226 1306 1307
f 1227 1308 1228
f 1227 1307 1308
f 1228 1309 1229
f 1228 1308 1309
f 1229 1310 1230
f 1229 1309 1310
f 1230 1311 1231
f 1230 1310 1311
f 1231 1312 1232
f 1231 1311 1312
f 1232 1313 1233
f 1232 1312 1313
f 1233 1314 1234
f 1233 1313 1314
f 1234 1315 1235
f 1234 1314 1315
f 1235 1316 1236
f 1235 1315 1316
f 1236 1317 1237
f 1236 1316 1317
f 1237 1318 1238
f 1237 1317 1318
f 1238 1319 1239
f 1238 1318 1319
f 1239 1320 1240
f 1239 1319 1320
f 1240 1321 1241
f 1240 1320 1321
f 1241 1322 1242
f 1241 1321 1322
f 1242 1323 1243
f 1242 1322 1323
f 1243 1324 1244
f 1243 1323 1324
f 1244 1325 1245
f 1244 1324 1325
f 1245 1326 1246
f 1245 1325 1326
f 1246 1327 1247
f 1246 1326 1327
f 1247 1328 1248
f 1247 1327 1328
f 1248 1329 1249
f 1248 1328 1329
f 1249 1330 1250
f 1249 1329 1330
f 1250 1331 1251
f 1250 1330 1331
f 1251 1332 1252
f 1251 1331 1332
f 1252 1333 1253
f 1252 1332 1333
f 1253 1334 1254
f 1253 1333 1334
f 1254 1335 1255
f 1254 1334 1335
f 1255 1336 1256
f 1255 1335 1336
f 1256 1337 1257
f 1256 1336 1337
f 1257 1338 1258
f 1257 1337 1338
f 1258 1339 1259
f 1258 1338 1339
f 1259 1340 1260
f 1259 1339 1340
f 1260 1341 1261
f 1260 1340 1341
f 1261 1342 1262
f 1261 1341 1342
f 1262 1343 1263
f 1262 1342 1343
f 1263 1344 1264
f 1263 1343 1344
f 1264 1345 1265
f 1264 1344 1345
f 1265 1346 1266
f 1265 1345 1346
f 1266 1347 1267
f 1266 1346 1347
f 1267 1348 1268
f 1267 1347 1348
f 1268 1349 1269
f 1268 1348 1349
f 1269 1350 1270
f 1269 1349 1350
f 1270 1351 1271
f 1270 1350 1351
f 1271 1352 1272
f 1271 1351 1352
f 1272 1353 1273
f 1272 1352 1353
f 1273 1354 1274
f 1273 1353 1354
f 1274 1355 1275
f 1274 1354 1355
f 1275 1356 1276
f 1275 1355 1356
f 1276 1357 1277
f 1276 1356 1357
f 1277 1358 1278
f 1277 1357 1358
f 1278 1359 1279
f 1278 1358 1359
f 1279 1360 1280
f 1279 1359 1360
f 1281 1362 1282
f 1281 1361 1362
f 1282 1363 1283
f 1282 1362 1363
f 1283 1364 1284
f 1283 1363 1364
f 1284 1365 1285
f 1284 1364 1365
f 1285 1366 1286
f 1285 1365 1366
f 1286 1367 1287
f 1286 1366 1367
f 1287 1368 1288
f 1287 1367 1368
f 1288 1369 1289
f 1288 1368 1369
f 1289 1370 1290
f 1289 1369 1370
f 1290 1371 1291
f 1290 1370 1371
f 1291 1372 1292
f 1291 1371 1372
f 1292 1373 1293
f 1292 1372 1373
f 1293 1374 1294
f 1293 1373 1374
f 1294 1375 1295
f 1294 1374 1375
f 1295 1376 1296
f 1295 1375 1376
f 1296 1377 1297
f 1296 1376 1377
f 1297 1378 1298
f 1297 1377 1378
f 1298 1379 1299
f 1298 1378 1379
f 1299 1380 1300
f 1299 1379 1380
f 1300 1381 1301
f 1300 1380 1381
f 1301 1382 1302
f 1301 1381 1382
f 1302 1383 1303
f 1302 1382 1383
f 1303 1384 1304
f 1303 1383 1384
f 1304 1385 1305
f 1304 1384 1385
f 1305 1386 1306
f 1305 1385 1386
f 1306 1387 1307
f 1306 1386 1387
f 1307 1388 1308
f 1307 1387 1388
f 1308 1389 1309
f 1308 1388 1389
f 1309 1390 1310
f 1309 1389 1390
f 1310 1391 1311
f 1310 1390 1391
f 1311 1392 1312
f 1311 1391 1392
f 1312 1393 1313
f 1312 1392 1393
f 1313 1394 1314
f 1313 1393 1394
f 1314 1395 1315
f 1314 1394 1395
f 1315 1396 1316
f 1315 1395 1396
f 1316 1397 1317
f 1316 1396 1397
f 1317 1398 1318
f 1317 1397 1398
f 1318 1399 1319
f 1318 1398 1399
f 1319 1400 1320
f 1319 1399 1400
f 1320 1401 1321
f 1320 1400 1401
f 1321 1402 1322
f 1321 1401 1402
f 1322 1403 1323
f 1322 1402 1403
f 1323 1404 1324
f 1323 1403 1404
f 1324 1405 1325
f 1324 1404 1405
f 1325 1406 1326
f 1325 1405 1406
f 1326 1407 1327
f 1326 1406 1407
f 1327 1408 1328
f 1327 1407 1408
f 1328 1409 1329
f 1328 1408 1409
f 1329 1410 1330
f 1329 1409 1410
f 1330 1411 1331
f 1330 1410 1411
f 1331 1412 1332
f 1331 1411 1412
f 1332 1413 1333
f 1332 1412 1413
f 1333 1414 1334
f 1333 1413 1414
f 1334 1415 1335
f 1334 1414 1415
f 1335 1416 1336
f 1335 1415 1416
f 1336 1417 1337
f 1336 1416 1417
f 1337 1418 1338
f 1337 1417 1418
f 1338 1419 1339
f 1338 1418 1419
f 1339 1420 1340
f 1339 1419 1420
f 1340 1421 1341
f 1340 1420 1421
f 1341 1422 1342
f 1341 1421 1422
f 1342 1423 1343
f 1342 1422 1423
f 1343 1424 1344
f 1343 1423 1424
f 1344 1425 1345
f 1344 1424 1425
f 1345 1426 1346
f 1345 1425 1426
f 1346 1427 1347
f 1346 1426 1427
f 1347 1428 1348
f 1347 1427 1428
f 1348 1429 1349
f 1348 1428 1429
f 1349 1430 1350
f 1349 1429 1430
f 1350 1431 1351
f 1350 1430 1431
f 1351 1432 1352
f 1351 1431 1432
f 1352 1433 1353
f 1352 1432 1433
f 1353 1434 1354
f 1353 1433 1434
f 1354 1435 1355
f 1354 1434 1435
f 1355 1436 1356
f 1355 1435 1436
f 1356 1437 1357
f 1356 1436 1437
f 1357 1438 1358
f 1357 1437 1438
f 1358 1439 1359
f 1358 1438 1439
f 1359 1440 1360
f 1359 1439 1440
f 1361 1442 1362
f 1361 1441 1442
f 1362 1443 1363
f 1362 1442 1443
f 1363 1444 1364
f 1363 1443 1444
f 1364 1445 1365
f 1364 1444 1445
f 1365 1446 1366
f 1365 1445 1446
f 1366 1447 1367
f 1366 1446 1447
f 1367 1448 1368
f 1367 1447 1448
f 1368 1449 1369
f 1368 1448 1449
f 1369 1450 1370
f 1369 1449 1450
f 1370 1451 1371
f 1370 1450 1451
f 1371 1452 1372
f 1371 1451 1452
f 1372 1453 1373
f 1372 1452 1453
f 1373 1454 1374
f 1373 1453 1454
f 1374 1455 1375
f 1374 1454 1455
f 1375 1456 1376
f 1375 1455 1456
f 1376 1457 1377
f 1376 1456 1457
f 1377 1458 1378
f 1377 1457 1458
f 1378 1459 1379
f 1378 1458 1459
f 1379 1460 1380
f 1379 1459 1460
f 1380 1461 1381
f 1380 1460 1461
f 1381 1462 1382
f 1381 1461 1462
f 1382 1463 1383
f 1382 1462 1463
f 1383 1464 1384
f 1383 1463 1464
f 1384 1465 1385
f 1384 1464 1465
f 1385 1466 1386
f 1385 1465 1466
f 1386 1467 1387
f 1386 1466 1467
f 1387 1468 1388
f 1387 1467 1468
f 1388 1469 1389
f 1388 1468 1469
f 1389 1470 1390
f 1389 1469 1470
f 1390 1471 1391
f 1390 1470 1471
f 1391 1472 1392
f 1391 1471 1472
f 1392 1473 1393
f 1392 1472 1473
f 1393 1474 1394
f 1393 1473 1474
f 1394 1475 1395
f 1394 1474 1475
f 1395 1476 1396
f 1395 1475 1476
f 1396 1477 1397
f 1396 1476 1477
f 1397 1478 1398
f 1397 1477 1478
f 1398 1479 1399
f 1398 1478 1479
f 1399 1480 1400
f 1399 1479 1480
f 1400 1481 1401
f 1400 1480 1481
f 1401 1482 1402
f 1401 1481 1482
f 1402 1483 1403
f 1402 1482 1483
f 1403 1484 1404
f 1403 1483 1484
f 1404 1485 1405
f 1404 1484 1485
f 1405 1486 1406
f 1405 1485 1486
f 1406 1487 1407
f 1406 1486 1487
f 1407 1488 1408
f 1407 1487 1488
f 1408 1489 1409
f 1408 1488 1489
f 1409 1490 1410
f 1409 1489 1490
f 1410 1491 1411
f 1410 1490 1491
f 1411 1492 1412
f 1411 1491 1492
f 1412 1493 1413
f 1412 1492 1493
f 1413 1494 1414
f 1413 1493 1494
f 1414 1495 1415
f 1414 1494 1495
f 1415 1496 1416
f 1415 1495 1496
f 1416 1497 1417
f 1416 1496 1497
f 1417 1498 1418
f 1417 1497 1498
f 1418 1499 1419
f 1418 1498 1499
f 1419 1500 1420
f 1419 1499 1500
f 1420 1501 1421
f 1420 1500 1501
f 1421 1502 1422
f 1421 1501 1502
f 1422 1503 1423
f 1422 1502 1503
f 1423 1504 1424
f 1423 1503 1504
f 1424 1505 1425
f 1424 1504 1505
f 1425 1506 1426
f 1425 1505 1506
f 1426 1507 1427
f 1426 1506 1507
f 1427 1508 1428
f 1427 1507 1508
f 1428 1509 1429
f 1428 1508 1509
f 1429 1510 1430
f 1429 1509 1510
f 1430 1511 1431
f 1430 1510 1511
f 1431 1512 1432
f 1431 1511 1512
f 1432 1513 1433
f 1432 1512 1513
f 1433 1514 1434
f 1433 1513 1514
f 1434 1515 1435
f 1434 1514 1515
f 1435 1516 1436
f 1435 1515 1516
f 1436 1517 1437
f 1436 1516 1517
f 1437 1518 1438
f 1437 1517 1518
f 1438 1519 1439
f 1438 1518 1519
f 1439 1520 1440
f 1439 1519 1520
f 1441 1522 1442
f 1441 1521 1522
f 1442 1523 1443
f 1442 1522 1523
f 1443 1524 1444
f 1443 1523 1524
f 1444 1525 1445
f 1444 1524 1525
f 1445 1526 1446
f 1445 1525 1526
f 1446 1527 1447
f 1446 1526 1527
f 1447 1528 1448
f 1447 1527 1528
f 1448 1529 1449
f 1448 1528 1529
f 1449 1530 1450
f 1449 1529 1530
f 1450 1531 1451
f 1450 1530 1531
f 1451 1532 1452
f 1451 1531 1532
f 1452 1533 1453
f 1452 1532 1533
f 1453 1534 1454
f 1453 1533 1534
f 1454 1535 1455
f 1454 1534 1535
f 1455 1536 1456
f 1455 1535 1536
f 1456 1537 1457
f 1456 1536 1537
f 1457 1538 1458
f 1457 1537 1538
f 1458 1539 1459
f 1458 1538 1539
f 1459 1540 1460
f 1459 1539 1540
f 1460 1541 1461
f 1460 1540 1541
f 1461 1542 1462
f 1461 1541 1542
f 1462 1543 1463
f 1462 1542 1543
f 1463 1544 1464
f 1463 1543 1544
f 1464 1545 1465
f 1464 1544 1545
f 1465 1546 1466
f 1465 1545 1546
f 1466 1547 1467
f 1466 1546 1547
f 1467 1548 1468
f 1467 1547 1548
f 1468 1549 1469
f 1468 1548 1549
f 1469 1550 1470
f 1469 1549 1550
f 1470 1551 1471
f 1470 1550 1551
f 1471 1552 1472
f 1471 1551 1552
f 1472 1553 1473
f 1472 1552 1553
f 1473 1554 1474
f 1473 1553 1554
f 1474 1555 1475
f 1474 1554 1555
f 1475 1556 1476
f 1475 1555 1556
f 1476 1557 1477
f 1476 1556 1557
f 1477 1558 1478
f 1477 1557 1558
f 1478 1559 1479
f 1478 1558 1559
f 1479 1560 1480
f 1479 1559 1560
f 1480 1561 1481
f 1480 1560 1561
f 1481 1562 1482
f 1481 1561 1562
f 1482 1563 1483
f 1482 1562 1563
f 1483 1564 1484
f 1483 1563 1564
f 1484 1565 1485
f 1484 1564 1565
f 1485 1566 1486
f 1485 1565 1566
f 1486 1567 1487
f 1486 1566 1567
f 1487 1568 1488
f 1487 1567 1568
f 1488 1569 1489
f 1488 1568 1569
f 1489 1570 1490
f 1489 1569 1570
f 1490 1571 1491
f 1490 1570 1571
f 1491 1572 1492
f 1491 1571 1572
f 1492 1573 1493
f 1492 1572 1573
f 1493 1574 1494
f 1493 1573 1574
f 1494 1575 1495
f 1494 1574 1575
f 1495 1576 1496
f 1495 1575 1576
f 1496 1577 1497
f 1496 1576 1577
f 1497 1578 1498
f 1497 1577 1578
f 1498 1579 1499
f 1498 1578 1579
f 1499 1580 1500
f 1499 1579 1580
f 1500 1581 1501
f 1500 1580 1581
f 1501 1582 1502
f 1501 1581 1582
f 1502 1583 1503
f 1502 1582 1583
f 1503 1584 1504
f 1503 1583 1584
f 1504 1585 1505
f 1504 1584 1585
f 1505 1586 1506
f 1505 1585 1586
f 1506 1587 1507
f 1506 1586 1587
f 1507 1588 1508
f 1507 1587 1588
f 1508 1589 1509
f 1508 1588 1589
f 1509 1590 1510
f 1509 1589 1590
f 1510 1591 1511
f 1510 1590 1591
f 1511 1592 1512
f 1511 1591 1592
f 1512 1593 1513
f 1512 1592 1593
f 1513 1594 1514
f 1513 1593 1594
f 1514 1595 1515
f 1514 1594 1595
f 1515 1596 1516
f 1515 1595 1596
f 1516 1597 1517
f 1516 1596 1597
f 1517 1598 1518
f 1517 1597 1598
f 1518 1599 1519
f 1518 1598 1599
f 1519 1600 1520
f 1519 1599 1600
f 1521 1602 1522
f 1521 1601 1602
f 1522 1603 1523
f 1522 1602 1603
f 1523 1604 1524
f 1523 1603 1604
f 1524 1605 1525
f 1524 1604 1605
f 1525 1606 1526
f 1525 1605 1606
f 1526 1607 1527
f 1526 1606 1607
f 1527 1608 1528
f 1527 1607 1608
f 1528 1609 1529
f 1528 1608 1609
f 1529 1610 1530
f 1529 1609 1610
f 1530 1611 1531
f 1530 1610 1611
f 1531 1612 1532
f 1531 1611 1612
f 1532 1613 1533
f 1532 1612 1613
f 1533 1614 1534
f 1533 1613 1614
f 1534 1615 1535
f 1534 1614 1615
f 1535 1616 1536
f 1535 1615 1616
f 1536 1617 1537
f 1536 1616 1617
f 1537 1618 1538
f 1537 1617 1618
f 1538 1619 1539
f 1538 1618 1619
f 1539 1620 1540
f 1539 1619 1620
f 1540 1621 1541
f 1540 1620 1621
f 1541 1622 1542
f 1541 1621 1622
f 1542 1623 1543
f 1542 1622 1623
f 1543 1624 1544
f 1543 1623 1624
f 1544 1625 1545
f 1544 1624 1625
f 1545 1626 1546
f 1545 1625 1626
f 1546 1627 1547
f 1546 1626 1627
f 1547 1628 1548
f 1547 1627 1628
f 1548 1629 1549
f 1548 1628 1629
f 1549 1630 1550
f 1549 1629 1630
f 1550 1631 1551
f 1550 1630 1631
f 1551 1632 1552
f 1551 1631 1632
f 1552 1633 1553
f 1552 1632 1633
f 1553 1634 1554
f 1553 1633 1634
f 1554 1635 1555
f 1554 1634 1635
f 1555 1636 1556
f 1555 1635 1636
f 1556 1637 1557
f 1556 1636 1637
f 1557 1638 1558
f 1557 1637 1638
f 1558 1639 1559
f 1558 1638 1639
f 1559 1640 1560
f 1559 1639 1640
f 1560 1641 1561
f 1560 1640 1641
f 1561 1642 1562
f 1561 1641 1642
f 1562 1643 1563
f 1562 1642 1643
f 1563 1644 1564
f 1563 1643 1644
f 1564 1645 1565
f 1564 1644 1645
f 1565 1646 1566
f 1565 1645 1646
f 1566 1647 1567
f 1566 1646 1647
f 1567 1648 1568
f 1567 1647 1648
f 1568 1649 1569
f 1568 1648 1649
f 1569 1650 1570
f 1569 1649 1650
f 1570 1651 1571
f 1570 1650 1651
f 1571 1652 1572
f 1571 1651 1652
f 1572 1653 1573
f 1572 1652 1653
f 1573 1654 1574
f 1573 1653 1654
f 1574 1655 1575
f 1574 1654 1655
f 1575 1656 1576
f 1575 1655 1656
f 1576 1657 1577
f 1576 1656 1657
f 1577 1658 1578
f 1577 1657 1658
f 1578 1659 1579
f 1578 1658 1659
f 1579 1660 1580
f 1579 1659 1660
f 1580 1661 1581
f 1580 1660 1661
f 1581 1662 1582
f 1581 1661 1662
f 1582 1663 1583
f 1582 1662 1663
f 1583 1664 1584
f 1583 1663 1664
f 1584 1665 1585
f 1584 1664 1665
f 1585 1666 1586
f 1585 1665 1666
f 1586 1667 1587
f 1586 1666 1667
f 1587 1668 1588
f 1587 1667 1668
f 1588 1669 1589
f 1588 1668 1669
f 1589 1670 1590
f 1589 1669 1670
f 1590 1671 1591
f 1590 1670 1671
f 1591 1672 1592
f 1591 1671 1672
f 1592 1673 1593
f 1592 1672 1673
f 1593 1674 1594
f 1593 1673 1674
f 1594 1675 1595
f 1594 1674 1675
f 1595 1676 1596
f 1595 1675 1676
f 1596 1677 1597
f 1596 1676 1677
f 1597 1678 1598
f 1597 1677 1678
f 1598 1679 1599
f 1598 1678 1679
f 1599 1680 1600
f 1599 1679 1680
f 1601 1682 1602
f 1601 1681 1682
f 1602 1683 1603
f 1602 1682 1683
f 1603 1684 1604
f 1603 1683 1684
f 1604 1685 1605
f 1604 1684 1685
f 1605 1686 1606
f 1605 1685 1686
f 1606 1687 1607
f 1606 1686 1687
f 1607 1688 1608
f 1607 1687 1688
f 1608 1689 1609
f 1608 1688 1689
f 1609 1690 1610
f 1609 1689 1690
f 1610 1691 1611
f 1610 1690 1691
f 1611 1692 1612
f 1611 1691 1692
f 1612 1693 1613
f 1612 1692 1693
f 1613 1694 1614
f 1613 1693 1694
f 1614 1695 1615
f 1614 1694 1695
f 1615 1696 1616
f 1615 1695 1696
f 1616 1697 1617
f 1616 1696 1697
f 1617 1698 1618
f 1617 1697 1698
f 1618 1699 1619
f 1618 1698 1699
f 1619 1700 1620
f 1619 1699 1700
f 1620 1701 1621
f 1620 1700 1701
f 1621 1702 1622
f 1621 1701 1702
f 1622 1703 1623
f 1622 1702 1703
f 1623 1704 1624
f 1623 1703 1704
f 1624 1705 1625
f 1624 1704 1705
f 1625 1706 1626
f 1625 1705 1706
f 1626 1707 1627
f 1626 1706 1707
f 1627 1708 1628
f 1627 1707 1708
f 1628 1709 1629
f 1628 1708 1709
f 1629 1710 1630
f 1629 1709 1710
f 1630 1711 1631
f 1630 1710 1711
f 1631 1712 1632
f 1631 1711 1712
f 1632 1713 1633
f 1632 1712 1713
f 1633 1714 1634
f 1633 1713 1714
f 1634 1715 1635
f 1634 1714 1715
f 1635 1716 1636
f 1635 1715 1716
f 1636 1717 1637
f 1636 1716 1717
f 1637 1718 1638
f 1637 1717 1718
f 1638 1719 1639
f 1638 1718 1719
f 1639 1720 1640
f 1639 1719 1720
f 1640 1721 1641
f 1640 1720 1721
f 1641 1722 1642
f 1641 1721 1722
f 1642 1723 1643
f 1642 1722 1723
f 1643 1724 1644
f 1643 1723 1724
f 1644 1725 1645
f 1644 1724 1725
f 1645 1726 1646
f 1645 1725 1726
f 1646 1727 1647
f 1646 1726 1727
f 1647 1728 1648
f 1647 1727 1728
f 1648 1729 1649
f 1648 1728 1729
f 1649 1730 1650
f 1649 1729 1730
f 1650 1731 1651
f 1650 1730 1731
f 1651 1732 1652
f 1651 1731 1732
f 1652 1733 1653
f 1652 1732 1733
f 1653 1734 1654
f 1653 1733 1734
f 1654 1735 1655
f 1654 1734 1735
f 1655 1736 1656
f 1655 1735 1736
f 1656 1737 1657
f 1656 1736 1737
f 1657 1738 1658
f 1657 1737 1738
f 1658 1739 1659
f 1658 1738 1739
f 1659 1740 1660
f 1659 1739 1740
f 1660 1741 1661
f 1660 1740 1741
f 1661 1742 1662
f 1661 1741 1742
f 1662 1743 1663
f 1662 1742 1743
f 1663 1744 1664
f 1663 1743 1744
f 1664 1745 1665
f 1664 1744 1745
f 1665 1746 1666
f 1665 1745 1746
f 1666 1747 1667
f 1666 1746 1747
f 1667 1748 1668
f 1667 1747 1748
f 1668 1749 1669
f 1668 1748 1749
f 1669 1750 1670
f 1669 1749 1750
f 1670 1751 1671
f 1670 1750 1751
f 1671 1752 1672
f 1671 1751 1752
f 1672 1753 1673
f 1672 1752 1753
f 1673 1754 1674
f 1673 1753 1754
f 1674 1755 1675
f 1674 1754 1755
f 1675 1756 1676
f 1675 1755 1756
f 1676 1757 1677
f 1676 1756 1757
f 1677 1758 1678
f 1677 1757 1758
f 1678 1759 1679
f 1678 1758 1759
f 1679 1760 1680
f 1679 1759 1760
f 1681 1762 1682
f 1681 1761 1762
f 1682 1763 1683
f 1682 1762 1763
f 1683 1764 1684
f 1683 1763 1764
f 1684 1765 1685
f 1684 1764 1765
f 1685 1766 1686
f 1685 1765 1766
f 1686 1767 1687
f 1686 1766 1767
f 1687 1768 1688
f 1687 1767 1768
f 1688 1769 1689
f 1688 1768 1769
f 1689 1770 1690
f 1689 1769 1770
f 1690 1771 1691
f 1690 1770 1771
f 1691 1772 1692
f 1691 1771 1772
f 1692 1773 1693
f 1692 1772 1773
f 1693 1774 1694
f 1693 1773 1774
f 1694 1775 1695
f 1694 1774 1775
f 1695 1776 1696
f 1695 1775 1776
f 1696 1777 1697
f 1696 1776 1777
f 1697 1778 1698
f 1697 1777 1778
f 1698 1779 1699
f 1698 1778 1779
f 1699 1780 1700
f 1699 1779 1780
f 1700 1781 1701
f 1700 1780 1781
f 1701 1782 1702
f 1701 1781 1782
f 1702 1783 1703
f 1702 1782 1783
f 1703 1784 1704
f 1703 1783 1784
f 1704 1785 1705
f 1704 1784 1785
f 1705 1786 1706
f 1705 1785 1786
f 1706 1787 1707
f 1706 1786 1787
f 1707 1788 1708
f 1707 1787 1788
f 1708 1789 1709
f 1708 1788 1789
f 1709 1790 1710
f 1709 1789 1790
f 1710 1791 1711
f 1710 1790 1791
f 1711 1792 1712
f 1711 1791 1792
f 1712 1793 1713
f 1712 1792 1793
f 1713 1794 1714
f 1713 1793 1794
f 1714 1795 1715
f 1714 1794 1795
f 1715 1796 1716
f 1715 1795 1796
f 1716 1797 1717
f 1716 1796 1797
f 1717 1798 1718
f 1717 1797 1798
f 1718 1799 1719
f 1718 1798 1799
f 1719 1800 1720
f 1719 1799 1800
f 1720 1801 1721
f 1720 1800 1801
f 1721 1802 1722
f 1721 1801 1802
f 1722 1803 1723
f 1722 1802 1803
f 1723 1804 1724
f 1723 1803 1804
f 1724 1805 1725
f 1724 1804 1805
f 1725 1806 1726
f 1725 1805 1806
f 1726 1807 1727
f 1726 1806 1807
f 1727 1808 1728
f 1727 1807 1808
f 1728 1809 1729
f 1728 1808 1809
f 1729 1810 1730
f 1729 1809 1810
f 1730 1811 1731
f 1730 1810 1811
f 1731 1812 1732
f 1731 1811 1812
f 1732 1813 1733
f 1732 1812 1813
f 1733 1814 1734
f 1733 1813 1814
f 1734 1815 1735
f 1734 1814 1815
f 1735 1816 1736
f 1735 1815 1816
f 1736 1817 1737
f 1736 1816 1817
f 1737 1818 1738
f 1737 1817 1818
f 1738 1819 1739
f 1738 1818 1819
f 1739 1820 1740
f 1739 1819 1820
f 1740 1821 1741
f 1740 1820 1821
f 1741 1822 1742
f 1741 1821 1822
f 1742 1823 1743
f 1742 1822 1823
f 1743 1824 1744
f 1743 1823 1824
f 1744 1825 1745
f 1744 1824 1825
f 1745 1826 1746
f 1745 1825 1826
f 1746 1827 1747
f 1746 1826 1827
f 1747 1828 1748
f 1747 1827 1828
f 1748 1829 1749
f 1748 1828 1829
f 1749 1830 1750
f 1749 1829 1830
f 1750 1831 1751
f 1750 1830 1831
f 1751 1832 1752
f 1751 1831 1832
f 1752 1833 1753
f 1752 1832 1833
f 1753 1834 1754
f 1753 1833 1834
f 1754 1835 1755
f 1754 1834 1835
f 1755 1836 1756
f 1755 1835 1836
f 1756 1837 1757
f 1756 1836 1837
f 1757 1838 1758
f 1757 1837 1838
f 1758 1839 1759
f 1758 1838 1839
f 1759 1840 1760
f 1759 1839 1840
f 1761 1842 1762
f 1761 1841 1842
f 1762 1843 1763
f 1762 1842 1843
f 1763 1844 1764
f 1763 1843 1844
f 1764 1845 1765
f 1764 1844 1845
f 1765 1846 1766
f 1765 1845 1846
f 1766 1847 1767
f 1766 1846 1847
f 1767 1848 1768
f 1767 1847 1848
f 1768 1849 1769
f 1768 1848 1849
f 1769 1850 1770
f 1769 1849 1850
f 1770 1851 1771
f 1770 1850 1851
f 1771 1852 1772
f 1771 1851 1852
f 1772 1853 1773
f 1772 1852 1853
f 1773 1854 1774
f 1773 1853 1854
f 1774 1855 1775
f 1774 1854 1855
f 1775 1856 1776
f 1775 1855 1856
f 1776 1857 1777
f 1776 1856 1857
f 1777 1858 1778
f 1777 1857 1858
f 1778 1859 1779
f 1778 1858 1859
f 1779 1860 1780
f 1779 1859 1860
f 1780 1861 1781
f 1780 1860 1861
f 1781 1862 1782
f 1781 1861 1862
f 1782 1863 1783
f 1782 1862 1863
f 1783 1864 1784
f 1783 1863 1864
f 1784 1865 1785
f 1784 1864 1865
f 1785 1866 1786
f 1785 1865 1866
f 1786 1867 1787
f 1786 1866 1867
f 1787 1868 1788
f 1787 1867 1868
f 1788 1869 1789
f 1788 1868 1869
f 1789 1870 1790
f 1789 1869 1870
f 1790 1871 1791
f 1790 1870 1871
f 1791 1872 1792
f 1791 1871 1872
f 1792 1873 1793
f 1792 1872 1873
f 1793 1874 1794
f 1793 1873 1874
f 1794 1875 1795
f 1794 1874 1875
f 1795 1876 1796
f 1795 1875 1876
f 1796 1877 1797
f 1796 1876 1877
f 1797 1878 1798
f 1797 1877 1878
f 1798 1879 1799
f 1798 1878 1879
f 1799 1880 1800
f 1799 1879 1880
f 1800 1881 1801
f 1800 1880 1881
f 1801 1882 1802
f 1801 1881 1882
f 1802 1883 1803
f 1802 1882 1883
f 1803 1884 1804
f 1803 1883 1884
f 1804 1885 1805
f 1804 1884 1885
f 1805 1886 1806
f 1805 1885 1886
f 1806 1887 1807
f 1806 1886 1887
f 1807 1888 1808
f 1807 1887 1888
f 1808 1889 1809
f 1808 1888 1889
f 1809 1890 1810
f 1809 1889 1890
f 1810 1891 1811
f 1810 1890 1891
f 1811 1892 1812
f 1811 1891 1892
f 1812 1893 1813
f 1812 1892 1893
f 1813 1894 1814
f 1813 1893 1894
f 1814 1895 1815
f 1814 1894 1895
f 1815 1896 1816
f 1815 1895 1896
f 1816 1897 1817
f 1816 1896 1897
f 1817 1898 1818
f 1817 1897 1898
f 1818 1899 1819
f 1818 1898 1899
f 1819 1900 1820
f 1819 1899 1900
f 1820 1901 1821
f 1820 1900 1901
f 1821 1902 1822
f 1821 1901 1902
f 1822 1903 1823
f 1822 1902 1903
f 1823 1904 1824
f 1823 1903 1904
f 1824 1905 1825
f 1824 1904 1905
f 1825 1906 1826
f 1825 1905 1906
f 1826 1907 1827
f 1826 1906 1907
f 1827 1908 1828
f 1827 1907 1908
f 1828 1909 1829
f 1828 1908 1909
f 1829 1910 1830
f 1829 1909 1910
f 1830 1911 1831
f 1830 1910 1911
f 1831 1912 1832
f 1831 1911 1912
f 1832 1913 1833
f 1832 1912 1913
f 1833 1914 1834
f 1833 1913 1914
f 1834 1915 1835
f 1834 1914 1915
f 1835 1916 1836
f 1835 1915 1916
f 1836 1917 1837
f 1836 1916 1917
f 1837 1918 1838
f 1837 1917 1918
f 1838 1919 1839
f 1838 1918 1919
f 1839 1920 1840
f 1839 1919 1920
f 1841 1922 1842
f 1841 1921 1922
f 1842 1923 1843
f 1842 1922 1923
f 1843 1924 1844
f 1843 1923 1924
f 1844 1925 1845
f 1844 1924 1925
f 1845 1926 1846
f 1845 1925 1926
f 1846 1927 1847
f 1846 1926 1927
f 1847 1928 1848
f 1847 1927 1928
f 1848 1929 1849
f 1848 1928 1929
f 1849 1930 1850
f 1849 1929 1930
f 1850 1931 1851
f 1850 1930 1931
f 1851 1932 1852
f 1851 1931 1932
f 1852 1933 1853
f 1852 1932 1933
f 1853 1934 1854
f 1853 1933 1934
f 1854 1935 1855
f 1854 1934 1935
f 1855 1936 1856
f 1855 1935 1936
f 1856 1937 1857
f 1856 1936 1937
f 1857 1938 1858
f 1857 1937 1938
f 1858 1939 1859
f 1858 1938 1939
f 1859 1940 1860
f 1859 1939 1940
f 1860 1941 1861
f 1860 1940 1941
f 1861 1942 1862
f 1861 1941 1942
f 1862 1943 1863
f 1862 1942 1943
f 1863 1944 1864
f 1863 1943 1944
f 1864 1945 1865
f 1864 1944 1945
f 1865 1946 1866
f 1865 1945 1946
f 1866 1947 1867
f 1866 1946 1947
f 1867 1948 1868
f 1867 1947 1948
f 1868 1949 1869
f 1868 1948 1949
f 1869 1950 1870
f 1869 1949 1950
f 1870 1951 1871
f 1870 1950 1951
f 1871 1952 1872
f 1871 1951 1952
f 1872 1953 1873
f 1872 1952 1953
f 1873 1954 1874
f 1873 1953 1954
f 1874 1955 1875
f 1874 1954 1955
f 1875 1956 1876
f 1875 1955 1956
f 1876 1957 1877
f 1876 1956 1957
f 1877 1958 1878
f 1877 1957 1958
f 1878 1959 1879
f 1878 1958 1959
f 1879 1960 1880
f 1879 1959 1960
f 1880 1961 1881
f 1880 1960 1961
f 1881 1962 1882
f 1881 1961 1962
f 1882 1963 1883
f 1882 1962 1963
f 1883 1964 1884
f 1883 1963 1964
f 1884 1965 1885
f 1884 1964 1965
f 1885 1966 1886
f 1885 1965 1966
f 1886 1967 1887
f 1886 1966 1967
f 1887 1968 1888
f 1887 1967 1968
f 1888 1969 1889
f 1888 1968 1969
f 1889 1970 1890
f 1889 1969 1970
f 1890 1971 1891
f 1890 1970 1971
f 1891 1972 1892
f 1891 1971 1972
f 1892 1973 1893
f 1892 1972 1973
f 1893 1974 1894
f 1893 1973 1974
f 1894 1975 1895
f 1894 1974 1975
f 1895 1976 1896
f 1895 1975 1976
f 1896 1977 1897
f 1896 1976 1977
f 1897 1978 1898
f 1897 1977 1978
f 1898 1979 1899
f 1898 1978 1979
f 1899 1980 1900
f 1899 1979 1980
f 1900 1981 1901
f 1900 1980 1981
f 1901 1982 1902
f 1901 1981 1982
f 1902 1983 1903
f 1902 1982 1983
f 1903 1984 1904
f 1903 1983 1984
f 1904 1985 1905
f 1904 1984 1985
f 1905 1986 1906
f 1905 1985 1986
f 1906 1987 1907
f 1906 1986 1987
f 1907 1988 1908
f 1907 1987 1988
f 1908 1989 1909
f 1908 1988 1989
f 1909 1990 1910
f 1909 1989 1990
f 1910 1991 1911
f 1910 1990 1991
f 1911 1992 1912
f 1911 1991 1992
f 1912 1993 1913
f 1912 1992 1993
f 1913 1994 1914
f 1913 1993 1994
f 1914 1995 1915
f 1914 1994 1995
f 1915 1996 1916
f 1915 1995 1996
f 1916 1997 1917
f 1916 1996 1997
f 1917 1998 1918
f 1917 1997 1998
f 1918 1999 1919
f 1918 1998 1999
f 1919 2000 1920
f 1919 1999 2000
f 1921 2002 1922
f 1921 2001 2002
f 1922 2003 1923
f 1922 2002 2003
f 1923 2004 1924
f 1923 2003 2004
f 1924 2005 1925
f 1924 2004 2005
f 1925 2006 1926
f 1925 2005 2006
f 1926 2007 1927
f 1926 2006 2007
f 1927 2008 1928
f 1927 2007 2008
f 1928 2009 1929
f 1928 2008 2009
f 1929 2010 1930
f 1929 2009 2010
f 1930 2011 1931
f 1930 2010 2011
f 1931 2012 1932
f 1931 2011 2012
f 1932 2013 1933
f 1932 2012 2013
f 1933 2014 1934
f 1933 2013 2014
f 1934 2015 1935
f 1934 2014 2015
f 1935 2016 1936
f 1935 2015 2016
f 1936 2017 1937
f 1936 2016 2017
f 1937 2018 1938
f 1937 2017 2018
f 1938 2019 1939
f 1938 2018 2019
f 1939 2020 1940
f 1939 2019 2020
f 1940 2021 1941
f 1940 2020 2021
f 1941 2022 1942
f 1941 2021 2022
f 1942 2023 1943
f 1942 2022 2023
f 1943 2024 1944
f 1943 2023 2024
f 1944 2025 1945
f 1944 2024 2025
f 1945 2026 1946
f 1945 2025 2026
f 1946 2027 1947
f 1946 2026 2027
f 1947 2028 1948
f 1947 2027 2028
f 1948 2029 1949
f 1948 2028 2029
f 1949 2030 1950
f 1949 2029 2030
f 1950 2031 1951
f 1950 2030 2031
f 1951 2032 1952
f 1951 2031 2032
f 1952 2033 1953
f 1952 2032 2033
f 1953 2034 1954
f 1953 2033 2034
f 1954 2035 1955
f 1954 2034 2035
f 1955 2036 1956
f 1955 2035 2036
f 1956 2037 1957
f 1956 2036 2037
f 1957 2038 1958
f 1957 2037 2038
f 1958 2039 1959
f 1958 2038 2039
f 1959 2040 1960
f 1959 2039 2040
f 1960 2041 1961
f 1960 2040 2041
f 1961 2042 1962
f 1961 2041 2042
f 1962 2043 1963
f 1962 2042 2043
f 1963 2044 1964
f 1963 2043 2044
f 1964 2045 1965
f 1964 2044 2045
f 1965 2046 1966
f 1965 2045 2046
f 1966 2047 1967
f 1966 2046 2047
f 1967 2048 1968
f 1967 2047 2048
f 1968 2049 1969
f 1968 2048 2049
f 1969 2050 1970
f 1969 2049 2050
f 1970 2051 1971
f 1970 2050 2051
f 1971 2052 1972
f 1971 2051 2052
f 1972 2053 1973
f 1972 2052 2053
f 1973 2054 1974
f 1973 2053 2054
f 1974 2055 1975
f 1974 2054 2055
f 1975 2056 1976
f 1975 2055 2056
f 1976 2057 1977
f 1976 2056 2057
f 1977 2058 1978
f 1977 2057 2058
f 1978 2059 1979
f 1978 2058 2059
f 1979 2060 1980
f 1979 2059 2060
f 1980 2061 1981
f 1980 2060 2061
f 1981 2062 1982
f 1981 2061 2062
f 1982 2063 1983
f 1982 2062 2063
f 1983 2064 1984
f 1983 2063 2064
f 1984 2065 1985
f 1984 2064 2065
f 1985 2066 1986
f 1985 2065 2066
f 1986 2067 1987
f 1986 2066 2067
f 1987 2068 1988
f 1987 2067 2068
f 1988 2069 1989
f 1988 2068 2069
f 1989 2070 1990
f 1989 2069 2070
f 1990 2071 1991
f 1990 2070 2071
f 1991 2072 1992
f 1991 2071 2072
f 1992 2073 1993
f 1992 2072 2073
f 1993 2074 1994
f 1993 2073 2074
f 1994 2075 1995
f 1994 2074 2075
f 1995 2076 1996
f 1995 2075 2076
f 1996 2077 1997
f 1996 2076 2077
f 1997 2078 1998
f 1997 2077 2078
f 1998 2079 1999
f 1998 2078 2079
f 1999 2080 2000
f 1999 2079 2080
f 2001 2082 2002
f 2001 2081 2082
f 2002 2083 2003
f 2002 2082 2083
f 2003 2084 2004
f 2003 2083 2084
f 2004 2085 2005
f 2004 2084 2085
f 2005 2086 2006
f 2005 2085 2086
f 2006 2087 2007
f 2006 2086 2087
f 2007 2088 2008
f 2007 2087 2088
f 2008 2089 2009
f 2008 2088 2089
f 2009 2090 2010
f 2009 2089 2090
f 2010 2091 2011
f 2010 2090 2091
f 2011 2092 2012
f 2011 2091 2092
f 2012 2093 2013
f 2012 2092 2093
f 2013 2094 2014
f 2013 2093 2094
f 2014 2095 2015
f 2014 2094 2095
f 2015 2096 2016
f 2015 2095 2096
f 2016 2097 2017
f 2016 2096 2097
f 2017 2098 2018
f 2017 2097 2098
f 2018 2099 2019
f 2018 2098 2099
f 2019 2100 2020
f 2019 2099 2100
f 2020 2101 2021
f 2020 2100 2101
f 2021 2102 2022
f 2021 2101 2102
f 2022 2103 2023
f 2022 2102 2103
f 2023 2104 2024
f 2023 2103 2104
f 2024 2105 2025
f 2024 2104 2105
f 2025 2106 2026
f 2025 2105 2106
f 2026 2107 2027
f 2026 2106 2107
f 2027 2108 2028
f 2027 2107 2108
f 2028 2109 2029
f 2028 2108 2109
f 2029 2110 2030
f 2029 2109 2110
f 2030 2111 2031
f 2030 2110 2111
f 2031 2112 2032
f 2031 2111 2112
f 2032 2113 2033
f 2032 2112 2113
f 2033 2114 2034
f 2033 2113 2114
f 2034 2115 2035
f 2034 2114 2115
f 2035 2116 2036
f 2035 2115 2116
f 2036 2117 2037
f 2036 2116 2117
f 2037 2118 2038
f 2037 2117 2118
f 2038 2119 2039
f 2038 2118 2119
f 2039 2120 2040
f 2039 2119 2120
f 2040 2121 2041
f 2040 2120 2121
f 2041 2122 2042
f 2041 2121 2122
f 2042 2123 2043
f 2042 2122 2123
f 2043 2124 2044
f 2043 2123 2124
f 2044 2125 2045
f 2044 2124 2125
f 2045 2126 2046
f 2045 2125 2126
f 2046 2127 2047
f 2046 2126 2127
f 2047 2128 2048
f 2047 2127 2128
f 2048 2129 2049
f 2048 2128 2129
f 2049 2130 2050
f 2049 2129 2130
f 2050 2131 2051
f 2050 2130 2131
f 2051 2132 2052
f 2051 2131 2132
f 2052 2133 2053
f 2052 2132 2133
f 2053 2134 2054
f 2053 2133 2134
f 2054 2135 2055
f 2054 2134 2135
f 2055 2136 2056
f 2055 2135 2136
f 2056 2137 2057
f 2056 2136 2137
f 2057 2138 2058
f 2057 2137 2138
f 2058 2139 2059
f 2058 2138 2139
f 2059 2140 2060
f 2059 2139 2140
f 2060 2141 2061
f 2060 2140 2141
f 2061 2142 2062
f 2061 2141 2142
f 2062 2143 2063
f 2062 2142 2143
f 2063 2144 2064
f 2063 2143 2144
f 2064 2145 2065
f 2064 2144 2145
f 2065 2146 2066
f 2065 2145 2146
f 2066 2147 2067
f 2066 2146 2147
f 2067 2148 2068
f 2067 2147 2148
f 2068 2149 2069
f 2068 2148 2149
f 2069 2150 2070
f 2069 2149 2150
f 2070 2151 2071
f 2070 2150 2151
f 2071 2152 2072
f 2071 2151 2152
f 2072 2153 2073
f 2072 2152 2153
f 2073 2154 2074
f 2073 2153 2154
f 2074 2155 2075
f 2074 2154 2155
f 2075 2156 2076
f 2075 2155 2156
f 2076 2157 2077
f 2076 2156 2157
f 2077 2158 2078
f 2077 2157 2158
f 2078 2159 2079
f 2078 2158 2159
f 2079 2160 2080
f 2079 2159 2160
f 2081 2162 2082
f 2081 2161 2162
f 2082 2163 2083
f 2082 2162 2163
f 2083 2164 2084
f 2083 2163 2164
f 2084 2165 2085
f 2084 2164 2165
f 2085 2166 2086
f 2085 2165 2166
f 2086 2167 2087
f 2086 2166 2167
f 2087 2168 2088
f 2087 2167 2168
f 2088 2169 2089
f 2088 2168 2169
f 2089 2170 2090
f 2089 2169 2170
f 2090 2171 2091
f 2090 2170 2171
f 2091 2172 2092
f 2091 2171 2172
f 2092 2173 2093
f 2092 2172 2173
f 2093 2174 2094
f 2093 2173 2174
f 2094 2175 2095
f 2094 2174 2175
f 2095 2176 2096
f 2095 2175 2176
f 2096 2177 2097
f 2096 2176 2177
f 2097 2178 2098
f 2097 2177 2178
f 2098 2179 2099
f 2098 2178 2179
f 2099 2180 2100
f 2099 2179 2180
f 2100 2181 2101
f 2100 2180 2181
f 2101 2182 2102
f 2101 2181 2182
f 2102 2183 2103
f 2102 2182 2183
f 2103 2184 2104
f 2103 2183 2184
f 2104 2185 2105
f 2104 2184 2185
f 2105 2186 2106
f 2105 2185 2186
f 2106 2187 2107
f 2106 2186 2187
f 2107 2188 2108
f 2107 2187 2188
f 2108 2189 2109
f 2108 2188 2189
f 2109 2190 2110
f 2109 2189 2190
f 2110 2191 2111
f 2110 2190 2191
f 2111 2192 2112
f 2111 2191 2192
f 2112 2193 2113
f 2112 2192 2193
f 2113 2194 2114
f 2113 2193 2194
f 2114 2195 2115
f 2114 2194 2195
f 2115 2196 2116
f 2115 2195 2196
f 2116 2197 2117
f 2116 2196 2197
f 2117 2198 2118
f 2117 2197 2198
f 2118 2199 2119
f 2118 2198 2199
f 2119 2200 2120
f 2119 2199 2200
f 2120 2201 2121
f 2120 2200 2201
f 2121 2202 2122
f 2121 2201 2202
f 2122 2203 2123
f 2122 2202 2203
f 2123 2204 2124
f 2123 2203 2204
f 2124 2205 2125
f 2124 2204 2205
f 2125 2206 2126
f 2125 2205 2206
f 2126 2207 2127
f 2126 2206 2207
f 2127 2208 2128
f 2127 2207 2208
f 2128 2209 2129
f 2128 2208 2209
f 2129 2210 2130
f 2129 2209 2210
f 2130 2211 2131
f 2130 2210 2211
f 2131 2212 2132
f 2131 2211 2212
f 2132 2213 2133
f 2132 2212 2213
f 2133 2214 2134
f 2133 2213 2214
f 2134 2215 2135
f 2134 2214 2215
f 2135 2216 2136
f 2135 2215 2216
f 2136 2217 2137
f 2136 2216 2217
f 2137 2218 2138
f 2137 2217 2218
f 2138 2219 2139
f 2138 2218 2219
f 2139 2220 2140
f 2139 2219 2220
f 2140 2221 2141
f 2140 2220 2221
f 2141 2222 2142
f 2141 2221 2222
f 2142 2223 2143
f 2142 2222 2223
f 2143 2224 2144
f 2143 2223 2224
f 2144 2225 2145
f 2144 2224 2225
f 2145 2226 2146
f 2145 2225 2226
f 2146 2227 2147
f 2146 2226 2227
f 2147 2228 2148
f 2147 2227 2228
f 2148 2229 2149
f 2148 2228 2229
f 2149 2230 2150
f 2149 2229 2230
f 2150 2231 2151
f 2150 2230 2231
f 2151 2232 2152
f 2151 2231 2232
f 2152 2233 2153
f 2152 2232 2233
f 2153 2234 2154
f 2153 2233 2234
f 2154 2235 2155
f 2154 2234 2235
f 2155 2236 2156
f 2155 2235 2236
f 2156 2237 2157
f 2156 2236 2237
f 2157 2238 2158
f 2157 2237 2238
f 2158 2239 2159
f 2158 2238 2239
f 2159 2240 2160
f 2159 2239 2240
f 2161 2242 2162
f 2161 2241 2242
f 2162 2243 2163
f 2162 2242 2243
f 2163 2244 2164
f 2163 2243 2244
f 2164 2245 2165
f 2164 2244 2245
f 2165 2246 2166
f 2165 2245 2246
f 2166 2247 2167
f 2166 2246 2247
f 2167 2248 2168
f 2167 2247 2248
f 2168 2249 2169
f 2168 2248 2249
f 2169 2250 2170
f 2169 2249 2250
f 2170 2251 2171
f 2170 2250 2251
f 2171 2252 2172
f 2171 2251 2252
f 2172 2253 2173
f 2172 2252 2253
f 2173 2254 2174
f 2173 2253 2254
f 2174 2255 2175
f 2174 2254 2255
f 2175 2256 2176
f 2175 2255 2256
f 2176 2257 2177
f 2176 2256 2257
f 2177 2258 2178
f 2177 2257 2258
f 2178 2259 2179
f 2178 2258 2259
f 2179 2260 2180
f 2179 2259 2260
f 2180 2261 2181
f 2180 2260 2261
f 2181 2262 2182
f 2181 2261 2262
f 2182 2263 2183
f 2182 2262 2263
f 2183 2264 2184
f 2183 2263 2264
f 2184 2265 2185
f 2184 2264 2265
f 2185 2266 2186
f 2185 2265 2266
f 2186 2267 2187
f 2186 2266 2267
f 2187 2268 2188
f 2187 2267 2268
f 2188 2269 2189
f 2188 2268 2269
f 2189 2270 2190
f 2189 2269 2270
f 2190 2271 2191
f 2190 2270 2271
f 2191 2272 2192
f 2191 2271 2272
f 2192 2273 2193
f 2192 2272 2273
f 2193 2274 2194
f 2193 2273 2274
f 2194 2275 2195
f 2194 2274 2275
f 2195 2276 2196
f 2195 2275 2276
f 2196 2277 2197
f 2196 2276 2277
f 2197 2278 2198
f 2197 2277 2278
f 2198 2279 2199
f 2198 2278 2279
f 2199 2280 2200
f 2199 2279 2280
f 2200 2281 2201
f 2200 2280 2281
f 2201 2282 2202
f 2201 2281 2282
f 2202 2283 2203
f 2202 2282 2283
f 2203 2284 2204
f 2203 2283 2284
f 2204 2285 2205
f 2204 2284 2285
f 2205 2286 2206
f 2205 2285 2286
f 2206 2287 2207
f 2206 2286 2287
f 2207 2288 2208
f 2207 2287 2288
f 2208 2289 2209
f 2208 2288 2289
f 2209 2290 2210
f 2209 2289 2290
f 2210 2291 2211
f 2210 2290 2291
f 2211 2292 2212
f 2211 2291 2292
f 2212 2293 2213
f 2212 2292 2293
f 2213 2294 2214
f 2213 2293 2294
f 2214 2295 2215
f 2214 2294 2295
f 2215 2296 2216
f 2215 2295 2296
f 2216 2297 2217
f 2216 2296 2297
f 2217 2298 2218
f 2217 2297 2298
f 2218 2299 2219
f 2218 2298 2299
f 2219 2300 2220
f 2219 2299 2300
f 2220 2301 2221
f 2220 2300 2301
f 2221 2302 2222
f 2221 2301 2302
f 2222 2303 2223
f 2222 2302 2303
f 2223 2304 2224
f 2223 2303 2304
f 2224 2305 2225
f 2224 2304 2305
f 2225 2306 2226
f 2225 2305 2306
f 2226 2307 2227
f 2226 2306 2307
f 2227 2308 2228
f 2227 2307 2308
f 2228 2309 2229
f 2228 2308 2309
f 2229 2310 2230
f 2229 2309 2310
f 2230 2311 2231
f 2230 2310 2311
f 2231 2312 2232
f 2231 2311 2312
f 2232 2313 2233
f 2232 2312 2313
f 2233 2314 2234
f 2233 2313 2314
f 2234 2315 2235
f 2234 2314 2315
f 2235 2316 2236
f 2235 2315 2316
f 2236 2317 2237
f 2236 2316 2317
f 2237 2318 2238
f 2237 2317 2318
f 2238 2319 2239
f 2238 2318 2319
f 2239 2320 2240
f 2239 2319 2320
f 2241 2322 2242
f 2241 2321 2322
f 2242 2323 2243
f 2242 2322 2323
f 2243 2324 2244
f 2243 2323 2324
f 2244 2325 2245
f 2244 2324 2325
f 2245 2326 2246
f 2245 2325 2326
f 2246 2327 2247
f 2246 2326 2327
f 2247 2328 2248
f 2247 2327 2328
f 2248 2329 2249
f 2248 2328 2329
f 2249 2330 2250
f 2249 2329 2330
f 2250 2331 2251
f 2250 2330 2331
f 2251 2332 2252
f 2251 2331 2332
f 2252 2333 2253
f 2252 2332 2333
f 2253 2334 2254
f 2253 2333 2334
f 2254 2335 2255
f 2254 2334 2335
f 2255 2336 2256
f 2255 2335 2336
f 2256 2337 2257
f 2256 2336 2337
f 2257 2338 2258
f 2257 2337 2338
f 2258 2339 2259
f 2258 2338 2339
f 2259 2340 2260
f 2259 2339 2340
f 2260 2341 2261
f 2260 2340 2341
f 2261 2342 2262
f 2261 2341 2342
f 2262 2343 2263
f 2262 2342 2343
f 2263 2344 2264
f 2263 2343 2344
f 2264 2345 2265
f 2264 2344 2345
f 2265 2346 2266
f 2265 2345 2346
f 2266 2347 2267
f 2266 2346 2347
f 2267 2348 2268
f 2267 2347 2348
f 2268 2349 2269
f 2268 2348 2349
f 2269 2350 2270
f 2269 2349 2350
f 2270 2351 2271
f 2270 2350 2351
f 2271 2352 2272
f 2271 2351 2352
f 2272 2353 2273
f 2272 2352 2353
f 2273 2354 2274
f 2273 2353 2354
f 2274 2355 2275
f 2274 2354 2355
f 2275 2356 2276
f 2275 2355 2356
f 2276 2357 2277
f 2276 2356 2357
f 2277 2358 2278
f 2277 2357 2358
f 2278 2359 2279
f 2278 2358 2359
f 2279 2360 2280
f 2279 2359 2360
f 2280 2361 2281
f 2280 2360 2361
f 2281 2362 2282
f 2281 2361 2362
f 2282 2363 2283
f 2282 2362 2363
f 2283 2364 2284
f 2283 2363 2364
f 2284 2365 2285
f 2284 2364 2365
f 2285 2366 2286
f 2285 2365 2366
f 2286 2367 2287
f 2286 2366 2367
f 2287 2368 2288
f 2287 2367 2368
f 2288 2369 2289
f 2288 2368 2369
f 2289 2370 2290
f 2289 2369 2370
f 2290 2371 2291
f 2290 2370 2371
f 2291 2372 2292
f 2291 2371 2372
f 2292 2373 2293
f 2292 2372 2373
f 2293 2374 2294
f 2293 2373 2374
f 2294 2375 2295
f 2294 2374 2375
f 2295 2376 2296
f 2295 2375 2376
f 2296 2377 2297
f 2296 2376 2377
f 2297 2378 2298
f 2297 2377 2378
f 2298 2379 2299
f 2298 2378 2379
f 2299 2380 2300
f 2299 2379 2380
f 2300 2381 2301
f 2300 2380 2381
f 2301 2382 2302
f 2301 2381 2382
f 2302 2383 2303
f 2302 2382 2383
f 2303 2384 2304
f 2303 2383 2384
f 2304 2385 2305
f 2304 2384 2385
f 2305 2386 2306
f 2305 2385 2386
f 2306 2387 2307
f 2306 2386 2387
f 2307 2388 2308
f 2307 2387 2388
f 2308 2389 2309
f 2308 2388 2389
f 2309 2390 2310
f 2309 2389 2390
f 2310 2391 2311
f 2310 2390 2391
f 2311 2392 2312
f 2311 2391 2392
f 2312 2393 2313
f 2312 2392 2393
f 2313 2394 2314
f 2313 2393 2394
f 2314 2395 2315
f 2314 2394 2395
f 2315 2396 2316
f 2315 2395 2396
f 2316 2397 2317
f 2316 2396 2397
f 2317 2398 2318
f 2317 2397 2398
f 2318 2399 2319
f 2318 2398 2399
f 2319 2400 2320
f 2319 2399 2400
f 2321 2402 2322
f 2321 2401 2402
f 2322 2403 2323
f 2322 2402 2403
f 2323 2404 2324
f 2323 2403 2404
f 2324 2405 2325
f 2324 2404 2405
f 2325 2406 2326
f 2325 2405 2406
f 2326 2407 2327
f 2326 2406 2407
f 2327 2408 2328
f 2327 2407 2408
f 2328 2409 2329
f 2328 2408 2409
f 2329 2410 2330
f 2329 2409 2410
f 2330 2411 2331
f 2330 2410 2411
f 2331 2412 2332
f 2331 2411 2412
f 2332 2413 2333
f 2332 2412 2413
f 2333 2414 2334
f 2333 2413 2414
f 2334 2415 2335
f 2334 2414 2415
f 2335 2416 2336
f 2335 2415 2416
f 2336 2417 2337
f 2336 2416 2417
f 2337 2418 2338
f 2337 2417 2418
f 2338 2419 2339
f 2338 2418 2419
f 2339 2420 2340
f 2339 2419 2420
f 2340 2421 2341
f 2340 2420 2421
f 2341 2422 2342
f 2341 2421 2422
f 2342 2423 2343
f 2342 2422 2423
f 2343 2424 2344
f 2343 2423 2424
f 2344 2425 2345
f 2344 2424 2425
f 2345 2426 2346
f 2345 2425 2426
f 2346 2427 2347
f 2346 2426 2427
f 2347 2428 2348
f 2347 2427 2428
f 2348 2429 2349
f 2348 2428 2429
f 2349 2430 2350
f 2349 2429 2430
f 2350 2431 2351
f 2350 2430 2431
f 2351 2432 2352
f 2351 2431 2432
f 2352 2433 2353
f 2352 2432 2433
f 2353 2434 2354
f 2353 2433 2434
f 2354 2435 2355
f 2354 2434 2435
f 2355 2436 2356
f 2355 2435 2436
f 2356 2437 2357
f 2356 2436 2437
f 2357 2438 2358
f 2357 2437 2438
f 2358 2439 2359
f 2358 2438 2439
f 2359 2440 2360
f 2359 2439 2440
f 2360 2441 2361
f 2360 2440 2441
f 2361 2442 2362
f 2361 2441 2442
f 2362 2443 2363
f 2362 2442 2443
f 2363 2444 2364
f 2363 2443 2444
f 2364 2445 2365
f 2364 2444 2445
f 2365 2446 2366
f 2365 2445 2446
f 2366 2447 2367
f 2366 2446 2447
f 2367 2448 2368
f 2367 2447 2448
f 2368 2449 2369
f 2368 2448 2449
f 2369 2450 2370
f 2369 2449 2450
f 2370 2451 2371
f 2370 2450 2451
f 2371 2452 2372
f 2371 2451 2452
f 2372 2453 2373
f 2372 2452 2453
f 2373 2454 2374
f 2373 2453 2454
f 2374 2455 2375
f 2374 2454 2455
f 2375 2456 2376
f 2375 2455 2456
f 2376 2457 2377
f 2376 2456 2457
f 2377 2458 2378
f 2377 2457 2458
f 2378 2459 2379
f 2378 2458 2459
f 2379 2460 2380
f 2379 2459 2460
f 2380 2461 2381
f 2380 2460 2461
f 2381 2462 2382
f 2381 2461 2462
f 2382 2463 2383
f 2382 2462 2463
f 2383 2464 2384
f 2383 2463 2464
f 2384 2465 2385
f 2384 2464 2465
f 2385 2466 2386
f 2385 2465 2466
f 2386 2467 2387
f 2386 2466 2467
f 2387 2468 2388
f 2387 2467 2468
f 2388 2469 2389
f 2388 2468 2469
f 2389 2470 2390
f 2389 2469 2470
f 2390 2471 2391
f 2390 2470 2471
f 2391 2472 2392
f 2391 2471 2472
f 2392 2473 2393
f 2392 2472 2473
f 2393 2474 2394
f 2393 2473 2474
f 2394 2475 2395
f 2394 2474 2475
f 2395 2476 2396
f 2395 2475 2476
f 2396 2477 2397
f 2396 2476 2477
f 2397 2478 2398
f 2397 2477 2478
f 2398 2479 2399
f 2398 2478 2479
f 2399 2480 2400
f 2399 2479 2480
f 2401 2482 2402
f 2401 2481 2482
f 2402 2483 2403
f 2402 2482 2483
f 2403 2484 2404
f 2403 2483 2484
f 2404 2485 2405
f 2404 2484 2485
f 2405 2486 2406
f 2405 2485 2486
f 2406 2487 2407
f 2406 2486 2487
f 2407 2488 2408
f 2407 2487 2488
f 2408 2489 2409
f 2408 2488 2489
f 2409 2490 2410
f 2409 2489 2490
f 2410 2491 2411
f 2410 2490 2491
f 2411 2492 2412
f 2411 2491 2492
f 2412 2493 2413
f 2412 2492 2493
f 2413 2494 2414
f 2413 2493 2494
f 2414 2495 2415
f 2414 2494 2495
f 2415 2496 2416
f 2415 2495 2496
f 2416 2497 2417
f 2416 2496 2497
f 2417 2498 2418
f 2417 2497 2498
f 2418 2499 2419
f 2418 2498 2499
f 2419 2500 2420
f 2419 2499 2500
f 2420 2501 2421
f 2420 2500 2501
f 2421 2502 2422
f 2421 2501 2502
f 2422 2503 2423
f 2422 2502 2503
f 2423 2504 2424
f 2423 2503 2504
f 2424 2505 2425
f 2424 2504 2505
f 2425 2506 2426
f 2425 2505 2506
f 2426 2507 2427
f 2426 2506 2507
f 2427 2508 2428
f 2427 2507 2508
f 2428 2509 2429
f 2428 2508 2509
f 2429 2510 2430
f 2429 2509 2510
f 2430 2511 2431
f 2430 2510 2511
f 2431 2512 2432
f 2431 2511 2512
f 2432 2513 2433
f 2432 2512 2513
f 2433 2514 2434
f 2433 2513 2514
f 2434 2515 2435
f 2434 2514 2515
f 2435 2516 2436
f 2435 2515 2516
f 2436 2517 2437
f 2436 2516 2517
f 2437 2518 2438
f 2437 2517 2518
f 2438 2519 2439
f 2438 2518 2519
f 2439 2520 2440
f 2439 2519 2520
f 2440 2521 2441
f 2440 2520 2521
f 2441 2522 2442
f 2441 2521 2522
f 2442 2523 2443
f 2442 2522 2523
f 2443 2524 2444
f 2443 2523 2524
f 2444 2525 2445
f 2444 2524 2525
f 2445 2526 2446
f 2445 2525 2526
f 2446 2527 2447
f 2446 2526 2527
f 2447 2528 2448
f 2447 2527 2528
f 2448 2529 2449
f 2448 2528 2529
f 2449 2530 2450
f 2449 2529 2530
f 2450 2531 2451
f 2450 2530 2531
f 2451 2532 2452
f 2451 2531 2532
f 2452 2533 2453
f 2452 2532 2533
f 2453 2534 2454
f 2453 2533 2534
f 2454 2535 2455
f 2454 2534 2535
f 2455 2536 2456
f 2455 2535 2536
f 2456 2537 2457
f 2456 2536 2537
f 2457 2538 2458
f 2457 2537 2538
f 2458 2539 2459
f 2458 2538 2539
f 2459 2540 2460
f 2459 2539 2540
f 2460 2541 2461
f 2460 2540 2541
f 2461 2542 2462
f 2461 2541 2542
f 2462 2543 2463
f 2462 2542 2543
f 2463 2544 2464
f 2463 2543 2544
f 2464 2545 2465
f 2464 2544 2545
f 2465 2546 2466
f 2465 2545 2546
f 2466 2547 2467
f 2466 2546 2547
f 2467 2548 2468
f 2467 2547 2548
f 2468 2549 2469
f 2468 2548 2549
f 2469 2550 2470
f 2469 2549 2550
f 2470 2551 2471
f 2470 2550 2551
f 2471 2552 2472
f 2471 2551 2552
f 2472 2553 2473
f 2472 2552 2553
f 2473 2554 2474
f 2473 2553 2554
f 2474 2555 2475
f 2474 2554 2555
f 2475 2556 2476
f 2475 2555 2556
f 2476 2557 2477
f 2476 2556 2557
f 2477 2558 2478
f 2477 2557 2558
f 2478 2559 2479
f 2478 2558 2559
f 2479 2560 2480
f 2479 2559 2560
f 2481 2562 2482
f 2481 2561 2562
f 2482 2563 2483
f 2482 2562 2563
f 2483 2564 2484
f 2483 2563 2564
f 2484 2565 2485
f 2484 2564 2565
f 2485 2566 2486
f 2485 2565 2566
f 2486 2567 2487
f 2486 2566 2567
f 2487 2568 2488
f 2487 2567 2568
f 2488 2569 2489
f 2488 2568 2569
f 2489 2570 2490
f 2489 2569 2570
f 2490 2571 2491
f 2490 2570 2571
f 2491 2572 2492
f 2491 2571 2572
f 2492 2573 2493
f 2492 2572 2573
f 2493 2574 2494
f 2493 2573 2574
f 2494 2575 2495
f 2494 2574 2575
f 2495 2576 2496
f 2495 2575 2576
f 2496 2577 2497
f 2496 2576 2577
f 2497 2578 2498
f 2497 2577 2578
f 2498 2579 2499
f 2498 2578 2579
f 2499 2580 2500
f 2499 2579 2580
f 2500 2581 2501
f 2500 2580 2581
f 2501 2582 2502
f 2501 2581 2582
f 2502 2583 2503
f 2502 2582 2583
f 2503 2584 2504
f 2503 2583 2584
f 2504 2585 2505
f 2504 2584 2585
f 2505 2586 2506
f 2505 2585 2586
f 2506 2587 2507
f 2506 2586 2587
f 2507 2588 2508
f 2507 2587 2588
f 2508 2589 2509
f 2508 2588 2589
f 2509 2590 2510
f 2509 2589 2590
f 2510 2591 2511
f 2510 2590 2591
f 2511 2592 2512
f 2511 2591 2592
f 2512 2593 2513
f 2512 2592 2593
f 2513 2594 2514
f 2513 2593 2594
f 2514 2595 2515
f 2514 2594 2595
f 2515 2596 2516
f 2515 2595 2596
f 2516 2597 2517
f 2516 2596 2597
f 2517 2598 2518
f 2517 2597 2598
f 2518 2599 2519
f 2518 2598 2599
f 2519 2600 2520
f 2519 2599 2600
f 2520 2601 2521
f 2520 2600 2601
f 2521 2602 2522
f 2521 2601 2602
f 2522 2603 2523
f 2522 2602 2603
f 2523 2604 2524
f 2523 2603 2604
f 2524 2605 2525
f 2524 2604 2605
f 2525 2606 2526
f 2525 2605 2606
f 2526 2607 2527
f 2526 2606 2607
f 2527 2608 2528
f 2527 2607 2608
f 2528 2609 2529
f 2528 2608 2609
f 2529 2610 2530
f 2529 2609 2610
f 2530 2611 2531
f 2530 2610 2611
f 2531 2612 2532
f 2531 2611 2612
f 2532 2613 2533
f 2532 2612 2613
f 2533 2614 2534
f 2533 2613 2614
f 2534 2615 2535
f 2534 2614 2615
f 2535 2616 2536
f 2535 2615 2616
f 2536 2617 2537
f 2536 2616 2617
f 2537 2618 2538
f 2537 2617 2618
f 2538 2619 2539
f 2538 2618 2619
f 2539 2620 2540
f 2539 2619 2620
f 2540 2621 2541
f 2540 2620 2621
f 2541 2622 2542
f 2541 2621 2622
f 2542 2623 2543
f 2542 2622 2623
f 2543 2624 2544
f 2543 2623 2624
f 2544 2625 2545
f 2544 2624 2625
f 2545 2626 2546
f 2545 2625 2626
f 2546 2627 2547
f 2546 2626 2627
f 2547 2628 2548
f 2547 2627 2628
f 2548 2629 2549
f 2548 2628 2629
f 2549 2630 2550
f 2549 2629 2630
f 2550 2631 2551
f 2550 2630 2631
f 2551 2632 2552
f 2551 2631 2632
f 2552 2633 2553
f 2552 2632 2633
f 2553 2634 2554
f 2553 2633 2634
f 2554 2635 2555
f 2554 2634 2635
f 2555 2636 2556
f 2555 2635 2636
f 2556 2637 2557
f 2556 2636 2637
f 2557 2638 2558
f 2557 2637 2638
f 2558 2639 2559
f 2558 2638 2639
f 2559 2640 2560
f 2559 2639 2640
f 2561 2642 2562
f 2561 2641 2642
f 2562 2643 2563
f 2562 2642 2643
f 2563 2644 2564
f 2563 2643 2644
f 2564 2645 2565
f 2564 2644 2645
f 2565 2646 2566
f 2565 2645 2646
f 2566 2647 2567
f 2566 2646 2647
f 2567 2648 2568
f 2567 2647 2648
f 2568 2649 2569
f 2568 2648 2649
f 2569 2650 2570
f 2569 2649 2650
f 2570 2651 2571
f 2570 2650 2651
f 2571 2652 2572
f 2571 2651 2652
f 2572 2653 2573
f 2572 2652 2653
f 2573 2654 2574
f 2573 2653 2654
f 2574 2655 2575
f 2574 2654 2655
f 2575 2656 2576
f 2575 2655 2656
f 2576 2657 2577
f 2576 2656 2657
f 2577 2658 2578
f 2577 2657 2658
f 2578 2659 2579
f 2578 2658 2659
f 2579 2660 2580
f 2579 2659 2660
f 2580 2661 2581
f 2580 2660 2661
f 2581 2662 2582
f 2581 2661 2662
f 2582 2663 2583
f 2582 2662 2663
f 2583 2664 2584
f 2583 2663 2664
f 2584 2665 2585
f 2584 2664 2665
f 2585 2666 2586
f 2585 2665 2666
f 2586 2667 2587
f 2586 2666 2667
f 2587 2668 2588
f 2587 2667 2668
f 2588 2669 2589
f 2588 2668 2669
f 2589 2670 2590
f 2589 2669 2670
f 2590 2671 2591
f 2590 2670 2671
f 2591 2672 2592
f 2591 2671 2672
f 2592 2673 2593
f 2592 2672 2673
f 2593 2674 2594
f 2593 2673 2674
f 2594 2675 2595
f 2594 2674 2675
f 2595 2676 2596
f 2595 2675 2676
f 2596 2677 2597
f 2596 2676 2677
f 2597 2678 2598
f 2597 2677 2678
f 2598 2679 2599
f 2598 2678 2679
f 2599 2680 2600
f 2599 2679 2680
f 2600 2681 2601
f 2600 2680 2681
f 2601 2682 2602
f 2601 2681 2682
f 2602 2683 2603
f 2602 2682 2683
f 2603 2684 2604
f 2603 2683 2684
f 2604 2685 2605
f 2604 2684 2685
f 2605 2686 2606
f 2605 2685 2686
f 2606 2687 2607
f 2606 2686 2687
f 2607 2688 2608
f 2607 2687 2688
f 2608 2689 2609
f 2608 2688 2689
f 2609 2690 2610
f 2609 2689 2690
f 2610 2691 2611
f 2610 2690 2691
f 2611 2692 2612
f 2611 2691 2692
f 2612 2693 2613
f 2612 2692 2693
f 2613 2694 2614
f 2613 2693 2694
f 2614 2695 2615
f 2614 2694 2695
f 2615 2696 2616
f 2615 2695 2696
f 2616 2697 2617
f 2616 2696 2697
f 2617 2698 2618
f 2617 2697 2698
f 2618 2699 2619
f 2618 2698 2699
f 2619 2700 2620
f 2619 2699 2700
f 2620 2701 2621
f 2620 2700 2701
f 2621 2702 2622
f 2621 2701 2702
f 2622 2703 2623
f 2622 2702 2703
f 2623 2704 2624
f 2623 2703 2704
f 2624 2705 2625
f 2624 2704 2705
f 2625 2706 2626
f 2625 2705 2706
f 2626 2707 2627
f 2626 2706 2707
f 2627 2708 2628
f 2627 2707 2708
f 2628 2709 2629
f 2628 2708 2709
f 2629 2710 2630
f 2629 2709 2710
f 2630 2711 2631
f 2630 2710 2711
f 2631 2712 2632
f 2631 2711 2712
f 2632 2713 2633
f 2632 2712 2713
f 2633 2714 2634
f 2633 2713 2714
f 2634 2715 2635
f 2634 2714 2715
f 2635 2716 2636
f 2635 2715 2716
f 2636 2717 2637
f 2636 2716 2717
f 2637 2718 2638
f 2637 2717 2718
f 2638 2719 2639
f 2638 2718 2719
f 2639 2720 2640
f 2639 2719 2720
f 2641 2722 2642
f 2641 2721 2722
f 2642 2723 2643
f 2642 2722 2723
f 2643 2724 2644
f 2643 2723 2724
f 2644 2725 2645
f 2644 2724 2725
f 2645 2726 2646
f 2645 2725 2726
f 2646 2727 2647
f 2646 2726 2727
f 2647 2728 2648
f 2647 2727 2728
f 2648 2729 2649
f 2648 2728 2729
f 2649 2730 2650
f 2649 2729 2730
f 2650 2731 2651
f 2650 2730 2731
f 2651 2732 2652
f 2651 2731 2732
f 2652 2733 2653
f 2652 2732 2733
f 2653 2734 2654
f 2653 2733 2734
f 2654 2735 2655
f 2654 2734 2735
f 2655 2736 2656
f 2655 2735 2736
f 2656 2737 2657
f 2656 2736 2737
f 2657 2738 2658
f 2657 2737 2738
f 2658 2739 2659
f 2658 2738 2739
f 2659 2740 2660
f 2659 2739 2740
f 2660 2741 2661
f 2660 2740 2741
f 2661 2742 2662
f 2661 2741 2742
f 2662 2743 2663
f 2662 2742 2743
f 2663 2744 2664
f 2663 2743 2744
f 2664 2745 2665
f 2664 2744 2745
f 2665 2746 2666
f 2665 2745 2746
f 2666 2747 2667
f 2666 2746 2747
f 2667 2748 2668
f 2667 2747 2748
f 2668 2749 2669
f 2668 2748 2749
f 2669 2750 2670
f 2669 2749 2750
f 2670 2751 2671
f 2670 2750 2751
f 2671 2752 2672
f 2671 2751 2752
f 2672 2753 2673
f 2672 2752 2753
f 2673 2754 2674
f 2673 2753 2754
f 2674 2755 2675
f 2674 2754 2755
f 2675 2756 2676
f 2675 2755 2756
f 2676 2757 2677
f 2676 2756 2757
f 2677 2758 2678
f 2677 2757 2758
f 2678 2759 2679
f 2678 2758 2759
f 2679 2760 2680
f 2679 2759 2760
f 2680 2761 2681
f 2680 2760 2761
f 2681 2762 2682
f 2681 2761 2762
f 2682 2763 2683
f 2682 2762 2763
f 2683 2764 2684
f 2683 2763 2764
f 2684 2765 2685
f 2684 2764 2765
f 2685 2766 2686
f 2685 2765 2766
f 2686 2767 2687
f 2686 2766 2767
f 2687 2768 2688
f 2687 2767 2768
f 2688 2769 2689
f 2688 2768 2769
f 2689 2770 2690
f 2689 2769 2770
f 2690 2771 2691
f 2690 2770 2771
f 2691 2772 2692
f 2691 2771 2772
f 2692 2773 2693
f 2692 2772 2773
f 2693 2774 2694
f 2693 2773 2774
f 2694 2775 2695
f 2694 2774 2775
f 2695 2776 2696
f 2695 2775 2776
f 2696 2777 2697
f 2696 2776 2777
f 2697 2778 2698
f 2697 2777 2778
f 2698 2779 2699
f 2698 2778 2779
f 2699 2780 2700
f 2699 2779 2780
f 2700 2781 2701
f 2700 2780 2781
f 2701 2782 2702
f 2701 2781 2782
f 2702 2783 2703
f 2702 2782 2783
f 2703 2784 2704
f 2703 2783 2784
f 2704 2785 2705
f 2704 2784 2785
f 2705 2786 2706
f 2705 2785 2786
f 2706 2787 2707
f 2706 2786 2787
f 2707 2788 2708
f 2707 2787 2788
f 2708 2789 2709
f 2708 2788 2789
f 2709 2790 2710
f 2709 2789 2790
f 2710 2791 2711
f 2710 2790 2791
f 2711 2792 2712
f 2711 2791 2792
f 2712 2793 2713
f 2712 2792 2793
f 2713 2794 2714
f 2713 2793 2794
f 2714 2795 2715
f 2714 2794 2795
f 2715 2796 2716
f 2715 2795 2796
f 2716 2797 2717
f 2716 2796 2797
f 2717 2798 2718
f 2717 2797 2798
f 2718 2799 2719
f 2718 2798 2799
f 2719 2800 2720
f 2719 2799 2800
f 2721 2802 2722
f 2721 2801 2802
f 2722 2803 2723
f 2722 2802 2803
f 2723 2804 2724
f 2723 2803 2804
f 2724 2805 2725
f 2724 2804 2805
f 2725 2806 2726
f 2725 2805 2806
f 2726 2807 2727
f 2726 2806 2807
f 2727 2808 2728
f 2727 2807 2808
f 2728 2809 2729
f 2728 2808 2809
f 2729 2810 2730
f 2729 2809 2810
f 2730 2811 2731
f 2730 2810 2811
f 2731 2812 2732
f 2731 2811 2812
f 2732 2813 2733
f 2732 2812 2813
f 2733 2814 2734
f 2733 2813 2814
f 2734 2815 2735
f 2734 2814 2815
f 2735 2816 2736
f 2735 2815 2816
f 2736 2817 2737
f 2736 2816 2817
f 2737 2818 2738
f 2737 2817 2818
f 2738 2819 2739
f 2738 2818 2819
f 2739 2820 2740
f 2739 2819 2820
f 2740 2821 2741
f 2740 2820 2821
f 2741 2822 2742
f 2741 2821 2822
f 2742 2823 2743
f 2742 2822 2823
f 2743 2824 2744
f 2743 2823 2824
f 2744 2825 2745
f 2744 2824 2825
f 2745 2826 2746
f 2745 2825 2826
f 2746 2827 2747
f 2746 2826 2827
f 2747 2828 2748
f 2747 2827 2828
f 2748 2829 2749
f 2748 2828 2829
f 2749 2830 2750
f 2749 2829 2830
f 2750 2831 2751
f 2750 2830 2831
f 2751 2832 2752
f 2751 2831 2832
f 2752 2833 2753
f 2752 2832 2833
f 2753 2834 2754
f 2753 2833 2834
f 2754 2835 2755
f 2754 2834 2835
f 2755 2836 2756
f 2755 2835 2836
f 2756 2837 2757
f 2756 2836 2837
f 2757 2838 2758
f 2757 2837 2838
f 2758 2839 2759
f 2758 2838 2839
f 2759 2840 2760
f 2759 2839 2840
f 2760 2841 2761
f 2760 2840 2841
f 2761 2842 2762
f 2761 2841 2842
f 2762 2843 2763
f 2762 2842 2843
f 2763 2844 2764
f 2763 2843 2844
f 2764 2845 2765
f 2764 2844 2845
f 2765 2846 2766
f 2765 2845 2846
f 2766 2847 2767
f 2766 2846 2847
f 2767 2848 2768
f 2767 2847 2848
f 2768 2849 2769
f 2768 2848 2849
f 2769 2850 2770
f 2769 2849 2850
f 2770 2851 2771
f 2770 2850 2851
f 2771 2852 2772
f 2771 2851 2852
f 2772 2853 2773
f 2772 2852 2853
f 2773 2854 2774
f 2773 2853 2854
f 2774 2855 2775
f 2774 2854 2855
f 2775 2856 2776
f 2775 2855 2856
f 2776 2857 2777
f 2776 2856 2857
f 2777 2858 2778
f 2777 2857 2858
f 2778 2859 2779
f 2778 2858 2859
f 2779 2860 2780
f 2779 2859 2860
f 2780 2861 2781
f 2780 2860 2861
f 2781 2862 2782
f 2781 2861 2862
f 2782 2863 2783
f 2782 2862 2863
f 2783 2864 2784
f 2783 2863 2864
f 2784 2865 2785
f 2784 2864 2865
f 2785 2866 2786
f 2785 2865 2866
f 2786 2867 2787
f 2786 2866 2867
f 2787 2868 2788
f 2787 2867 2868
f 2788 2869 2789
f 2788 2868 2869
f 2789 2870 2790
f 2789 2869 2870
f 2790 2871 2791
f 2790 2870 2871
f 2791 2872 2792
f 2791 2871 2872
f 2792 2873 2793
f 2792 2872 2873
f 2793 2874 2794
f 2793 2873 2874
f 2794 2875 2795
f 2794 2874 2875
f 2795 2876 2796
f 2795 2875 2876
f 2796 2877 2797
f 2796 2876 2877
f 2797 2878 2798
f 2797 2877 2878
f 2798 2879 2799
f 2798 2878 2879
f 2799 2880 2800
f 2799 2879 2880
f 2801 2882 2802
f 2801 2881 2882
f 2802 2883 2803
f 2802 2882 2883
f 2803 2884 2804
f 2803 2883 2884
f 2804 2885 2805
f 2804 2884 2885
f 2805 2886 2806
f 2805 2885 2886
f 2806 2887 2807
f 2806 2886 2887
f 2807 2888 2808
f 2807 2887 2888
f 2808 2889 2809
f 2808 2888 2889
f 2809 2890 2810
f 2809 2889 2890
f 2810 2891 2811
f 2810 2890 2891
f 2811 2892 2812
f 2811 2891 2892
f 2812 2893 2813
f 2812 2892 2893
f 2813 2894 2814
f 2813 2893 2894
f 2814 2895 2815
f 2814 2894 2895
f 2815 2896 2816
f 2815 2895 2896
f 2816 2897 2817
f 2816 2896 2897
f 2817 2898 2818
f 2817 2897 2898
f 2818 2899 2819
f 2818 2898 2899
f 2819 2900 2820
f 2819 2899 2900
f 2820 2901 2821
f 2820 2900 2901
f 2821 2902 2822
f 2821 2901 2902
f 2822 2903 2823
f 2822 2902 2903
f 2823 2904 2824
f 2823 2903 2904
f 2824 2905 2825
f 2824 2904 2905
f 2825 2906 2826
f 2825 2905 2906
f 2826 2907 2827
f 2826 2906 2907
f 2827 2908 2828
f 2827 2907 2908
f 2828 2909 2829
f 2828 2908 2909
f 2829 2910 2830
f 2829 2909 2910
f 2830 2911 2831
f 2830 2910 2911
f 2831 2912 2832
f 2831 2911 2912
f 2832 2913 2833
f 2832 2912 2913
f 2833 2914 2834
f 2833 2913 2914
f 2834 2915 2835
f 2834 2914 2915
f 2835 2916 2836
f 2835 2915 2916
f 2836 2917 2837
f 2836 2916 2917
f 2837 2918 2838
f 2837 2917 2918
f 2838 2919 2839
f 2838 2918 2919
f 2839 2920 2840
f 2839 2919 2920
f 2840 2921 2841
f 2840 2920 2921
f 2841 2922 2842
f 2841 2921 2922
f 2842 2923 2843
f 2842 2922 2923
f 2843 2924 2844
f 2843 2923 2924
f 2844 2925 2845
f 2844 2924 2925
f 2845 2926 2846
f 2845 2925 2926
f 2846 2927 2847
f 2846 2926 2927
f 2847 2928 2848
f 2847 2927 2928
f 2848 2929 2849
f 2848 2928 2929
f 2849 2930 2850
f 2849 2929 2930
f 2850 2931 2851
f 2850 2930 2931
f 2851 2932 2852
f 2851 2931 2932
f 2852 2933 2853
f 2852 2932 2933
f 2853 2934 2854
f 2853 2933 2934
f 2854 2935 2855
f 2854 2934 2935
f 2855 2936 2856
f 2855 2935 2936
f 2856 2937 2857
f 2856 2936 2937
f 2857 2938 2858
f 2857 2937 2938
f 2858 2939 2859
f 2858 2938 2939
f 2859 2940 2860
f 2859 2939 2940
f 2860 2941 2861
f 2860 2940 2941
f 2861 2942 2862
f 2861 2941 2942
f 2862 2943 2863
f 2862 2942 2943
f 2863 2944 2864
f 2863 2943 2944
f 2864 2945 2865
f 2864 2944 2945
f 2865 2946 2866
f 2865 2945 2946
f 2866 2947 2867
f 2866 2946 2947
f 2867 2948 2868
f 2867 2947 2948
f 2868 2949 2869
f 2868 2948 2949
f 2869 2950 2870
f 2869 2949 2950
f 2870 2951 2871
f 2870 2950 2951
f 2871 2952 2872
f 2871 2951 2952
f 2872 2953 2873
f 2872 2952 2953
f 2873 2954 2874
f 2873 2953 2954
f 2874 2955 2875
f 2874 2954 2955
f 2875 2956 2876
f 2875 2955 2956
f 2876 2957 2877
f 2876 2956 2957
f 2877 2958 2878
f 2877 2957 2958
f 2878 2959 2879
f 2878 2958 2959
f 2879 2960 2880
f 2879 2959 2960
f 2881 2962 2882
f 2881 2961 2962
f 2882 2963 2883
f 2882 2962 2963
f 2883 2964 2884
f 2883 2963 2964
f 2884 2965 2885
f 2884 2964 2965
f 2885 2966 2886
f 2885 2965 2966
f 2886 2967 2887
f 2886 2966 2967
f 2887 2968 2888
f 2887 2967 2968
f 2888 2969 2889
f 2888 2968 2969
f 2889 2970 2890
f 2889 2969 2970
f 2890 2971 2891
f 2890 2970 2971
f 2891 2972 2892
f 2891 2971 2972
f 2892 2973 2893
f 2892 2972 2973
f 2893 2974 2894
f 2893 2973 2974
f 2894 2975 2895
f 2894 2974 2975
f 2895 2976 2896
f 2895 2975 2976
f 2896 2977 2897
f 2896 2976 2977
f 2897 2978 2898
f 2897 2977 2978
f 2898 2979 2899
f 2898 2978 2979
f 2899 2980 2900
f 2899 2979 2980
f 2900 2981 2901
f 2900 2980 2981
f 2901 2982 2902
f 2901 2981 2982
f 2902 2983 2903
f 2902 2982 2983
f 2903 2984 2904
f 2903 2983 2984
f 2904 2985 2905
f 2904 2984 2985
f 2905 2986 2906
f 2905 2985 2986
f 2906 2987 2907
f 2906 2986 2987
f 2907 2988 2908
f 2907 2987 2988
f 2908 2989 2909
f 2908 2988 2989
f 2909 2990 2910
f 2909 2989 2990
f 2910 2991 2911
f 2910 2990 2991
f 2911 2992 2912
f 2911 2991 2992
f 2912 2993 2913
f 2912 2992 2993
f 2913 2994 2914
f 2913 2993 2994
f 2914 2995 2915
f 2914 2994 2995
f 2915 2996 2916
f 2915 2995 2996
f 2916 2997 2917
f 2916 2996 2997
f 2917 2998 2918
f 2917 2997 2998
f 2918 2999 2919
f 2918 2998 2999
f 2919 3000 2920
f 2919 2999 3000
f 2920 3001 2921
f 2920 3000 3001
f 2921 3002 2922
f 2921 3001 3002
f 2922 3003 2923
f 2922 3002 3003
f 2923 3004 2924
f 2923 3003 3004
f 2924 3005 2925
f 2924 3004 3005
f 2925 3006 2926
f 2925 3005 3006
f 2926 3007 2927
f 2926 3006 3007
f 2927 3008 2928
f 2927 3007 3008
f 2928 3009 2929
f 2928 3008 3009
f 2929 3010 2930
f 2929 3009 3010
f 2930 3011 2931
f 2930 3010 3011
f 2931 3012 2932
f 2931 3011 3012
f 2932 3013 2933
f 2932 3012 3013
f 2933 3014 2934
f 2933 3013 3014
f 2934 3015 2935
f 2934 3014 3015
f 2935 3016 2936
f 2935 3015 3016
f 2936 3017 2937
f 2936 3016 3017
f 2937 3018 2938
f 2937 3017 3018
f 2938 3019 2939
f 2938 3018 3019
f 2939 3020 2940
f 2939 3019 3020
f 2940 3021 2941
f 2940 3020 3021
f 2941 3022 2942
f 2941 3021 3022
f 2942 3023 2943
f 2942 3022 3023
f 2943 3024 2944
f 2943 3023 3024
f 2944 3025 2945
f 2944 3024 3025
f 2945 3026 2946
f 2945 3025 3026
f 2946 3027 2947
f 2946 3026 3027
f 2947 3028 2948
f 2947 3027 3028
f 2948 3029 2949
f 2948 3028 3029
f 2949 3030 2950
f 2949 3029 3030
f 2950 3031 2951
f 2950 3030 3031
f 2951 3032 2952
f 2951 3031 3032
f 2952 3033 2953
f 2952 3032 3033
f 2953 3034 2954
f 2953 3033 3034
f 2954 3035 2955
f 2954 3034 3035
f 2955 3036 2956
f 2955 3035 3036
f 2956 3037 2957
f 2956 3036 3037
f 2957 3038 2958
f 2957 3037 3038
f 2958 3039 2959
f 2958 3038 3039
f 2959 3040 2960
f 2959 3039 3040
f 2961 3042 2962
f 2961 3041 3042
f 2962 3043 2963
f 2962 3042 3043
f 2963 3044 2964
f 2963 3043 3044
f 2964 3045 2965
f 2964 3044 3045
f 2965 3046 2966
f 2965 3045 3046
f 2966 3047 2967
f 2966 3046 3047
f 2967 3048 2968
f 2967 3047 3048
f 2968 3049 2969
f 2968 3048 3049
f 2969 3050 2970
f 2969 3049 3050
f 2970 3051 2971
f 2970 3050 3051
f 2971 3052 2972
f 2971 3051 3052
f 2972 3053 2973
f 2972 3052 3053
f 2973 3054 2974
f 2973 3053 3054
f 2974 3055 2975
f 2974 3054 3055
f 2975 3056 2976
f 2975 3055 3056
f 2976 3057 2977
f 2976 3056 3057
f 2977 3058 2978
f 2977 3057 3058
f 2978 3059 2979
f 2978 3058 3059
f 2979 3060 2980
f 2979 3059 3060
f 2980 3061 2981
f 2980 3060 3061
f 2981 3062 2982
f 2981 3061 3062
f 2982 3063 2983
f 2982 3062 3063
f 2983 3064 2984
f 2983 3063 3064
f 2984 3065 2985
f 2984 3064 3065
f 2985 3066 2986
f 2985 3065 3066
f 2986 3067 2987
f 2986 3066 3067
f 2987 3068 2988
f 2987 3067 3068
f 2988 3069 2989
f 2988 3068 3069
f 2989 3070 2990
f 2989 3069 3070
f 2990 3071 2991
f 2990 3070 3071
f 2991 3072 2992
f 2991 3071 3072
f 2992 3073 2993
f 2992 3072 3073
f 2993 3074 2994
f 2993 3073 3074
f 2994 3075 2995
f 2994 3074 3075
f 2995 3076 2996
f 2995 3075 3076
f 2996 3077 2997
f 2996 3076 3077
f 2997 3078 2998
f 2997 3077 3078
f 2998 3079 2999
f 2998 3078 3079
f 2999 3080 3000
f 2999 3079 3080
f 3000 3081 3001
f 3000 3080 3081
f 3001 3082 3002
f 3001 3081 3082
f 3002 3083 3003
f 3002 3082 3083
f 3003 3084 3004
f 3003 3083 3084
f 3004 3085 3005
f 3004 3084 3085
f 3005 3086 3006
f 3005 3085 3086
f 3006 3087 3007
f 3006 3086 3087
f 3007 3088 3008
f 3007 3087 3088
f 3008 3089 3009
f 3008 3088 3089
f 3009 3090 3010
f 3009 3089 3090
f 3010 3091 3011
f 3010 3090 3091
f 3011 3092 3012
f 3011 3091 3092
f 3012 3093 3013
f 3012 3092 3093
f 3013 3094 3014
f 3013 3093 3094
f 3014 3095 3015
f 3014 3094 3095
f 3015 3096 3016
f 3015 3095 3096
f 3016 3097 3017
f 3016 3096 3097
f 3017 3098 3018
f 3017 3097 3098
f 3018 3099 3019
f 3018 3098 3099
f 3019 3100 3020
f 3019 3099 3100
f 3020 3101 3021
f 3020 3100 3101
f 3021 3102 3022
f 3021 3101 3102
f 3022 3103 3023
f 3022 3102 3103
f 3023 3104 3024
f 3023 3103 3104
f 3024 3105 3025
f 3024 3104 3105
f 3025 3106 3026
f 3025 3105 3106
f 3026 3107 3027
f 3026 3106 3107
f 3027 3108 3028
f 3027 3107 3108
f 3028 3109 3029
f 3028 3108 3109
f 3029 3110 3030
f 3029 3109 3110
f 3030 3111 3031
f 3030 3110 3111
f 3031 3112 3032
f 3031 3111 3112
f 3032 3113 3033
f 3032 3112 3113
f 3033 3114 3034
f 3033 3113 3114
f 3034 3115 3035
f 3034 3114 3115
f 3035 3116 3036
f 3035 3115 3116
f 3036 3117 3037
f 3036 3116 3117
f 3037 3118 3038
f 3037 3117 3118
f 3038 3119 3039
f 3038 3118 3119
f 3039 3120 3040
f 3039 3119 3120
f 3041 3122 3042
f 3041 3121 3122
f 3042 3123 3043
f 3042 3122 3123
f 3043 3124 3044
f 3043 3123 3124
f 3044 3125 3045
f 3044 3124 3125
f 3045 3126 3046
f 3045 3125 3126
f 3046 3127 3047
f 3046 3126 3127
f 3047 3128 3048
f 3047 3127 3128
f 3048 3129 3049
f 3048 3128 3129
f 3049 3130 3050
f 3049 3129 3130
f 3050 3131 3051
f 3050 3130 3131
f 3051 3132 3052
f 3051 3131 3132
f 3052 3133 3053
f 3052 3132 3133
f 3053 3134 3054
f 3053 3133 3134
f 3054 3135 3055
f 3054 3134 3135
f 3055 3136 3056
f 3055 3135 3136
f 3056 3137 3057
f 3056 3136 3137
f 3057 3138 3058
f 3057 3137 3138
f 3058 3139 3059
f 3058 3138 3139
f 3059 3140 3060
f 3059 3139 3140
f 3060 3141 3061
f 3060 3140 3141
f 3061 3142 3062
f 3061 3141 3142
f 3062 3143 3063
f 3062 3142 3143
f 3063 3144 3064
f 3063 3143 3144
f 3064 3145 3065
f 3064 3144 3145
f 3065 3146 3066
f 3065 3145 3146
f 3066 3147 3067
f 3066 3146 3147
f 3067 3148 3068
f 3067 3147 3148
f 3068 3149 3069
f 3068 3148 3149
f 3069 3150 3070
f 3069 3149 3150
f 3070 3151 3071
f 3070 3150 3151
f 3071 3152 3072
f 3071 3151 3152
f 3072 3153 3073
f 3072 3152 3153
f 3073 3154 3074
f 3073 3153 3154
f 3074 3155 3075
f 3074 3154 3155
f 3075 3156 3076
f 3075 3155 3156
f 3076 3157 3077
f 3076 3156 3157
f 3077 3158 3078
f 3077 3157 3158
f 3078 3159 3079
f 3078 3158 3159
f 3079 3160 3080
f 3079 3159 3160
f 3080 3161 3081
f 3080 3160 3161
f 3081 3162 3082
f 3081 3161 3162
f 3082 3163 3083
f 3082 3162 3163
f 3083 3164 3084
f 3083 3163 3164
f 3084 3165 3085
f 3084 3164 3165
f 3085 3166 3086
f 3085 3165 3166
f 3086 3167 3087
f 3086 3166 3167
f 3087 3168 3088
f 3087 3167 3168
f 3088 3169 3089
f 3088 3168 3169
f 3089 3170 3090
f 3089 3169 3170
f 3090 3171 3091
f 3090 3170 3171
f 3091 3172 3092
f 3091 3171 3172
f 3092 3173 3093
f 3092 3172 3173
f 3093 3174 3094
f 3093 3173 3174
f 3094 3175 3095
f 3094 3174 3175
f 3095 3176 3096
f 3095 3175 3176
f 3096 3177 3097
f 3096 3176 3177
f 3097 3178 3098
f 3097 3177 3178
f 3098 3179 3099
f 3098 3178 3179
f 3099 3180 3100
f 3099 3179 3180
f 3100 3181 3101
f 3100 3180 3181
f 3101 3182 3102
f 3101 3181 3182
f 3102 3183 3103
f 3102 3182 3183
f 3103 3184 3104
f 3103 3183 3184
f 3104 3185 3105
f 3104 3184 3185
f 3105 3186 3106
f 3105 3185 3186
f 3106 3187 3107
f 3106 3186 3187
f 3107 3188 3108
f 3107 3187 3188
f 3108 3189 3109
f 3108 3188 3189
f 3109 3190 3110
f 3109 3189 3190
f 3110 3191 3111
f 3110 3190 3191
f 3111 3192 3112
f 3111 3191 3192
f 3112 3193 3113
f 3112 3192 3193
f 3113 3194 3114
f 3113 3193 3194
f 3114 3195 3115
f 3114 3194 3195
f 3115 3196 3116
f 3115 3195 3196
f 3116 3197 3117
f 3116 3196 3197
f 3117 3198 3118
f 3117 3197 3198
f 3118 3199 3119
f 3118 3198 3199
f 3119 3200 3120
f 3119 3199 3200
f 3121 3202 3122
f 3121 3201 3202
f 3122 3203 3123
f 3122 3202 3203
f 3123 3204 3124
f 3123 3203 3204
f 3124 3205 3125
f 3124 3204 3205
f 3125 3206 3126
f 3125 3205 3206
f 3126 3207 3127
f 3126 3206 3207
f 3127 3208 3128
f 3127 3207 3208
f 3128 3209 3129
f 3128 3208 3209
f 3129 3210 3130
f 3129 3209 3210
f 3130 3211 3131
f 3130 3210 3211
f 3131 3212 3132
f 3131 3211 3212
f 3132 3213 3133
f 3132 3212 3213
f 3133 3214 3134
f 3133 3213 3214
f 3134 3215 3135
f 3134 3214 3215
f 3135 3216 3136
f 3135 3215 3216
f 3136 3217 3137
f 3136 3216 3217
f 3137 3218 3138
f 3137 3217 3218
f 3138 3219 3139
f 3138 3218 3219
f 3139 3220 3140
f 3139 3219 3220
f 3140 3221 3141
f 3140 3220 3221
f 3141 3222 3142
f 3141 3221 3222
f 3142 3223 3143
f 3142 3222 3223
f 3143 3224 3144
f 3143 3223 3224
f 3144 3225 3145
f 3144 3224 3225
f 3145 3226 3146
f 3145 3225 3226
f 3146 3227 3147
f 3146 3226 3227
f 3147 3228 3148
f 3147 3227 3228
f 3148 3229 3149
f 3148 3228 3229
f 3149 3230 3150
f 3149 3229 3230
f 3150 3231 3151
f 3150 3230 3231
f 3151 3232 3152
f 3151 3231 3232
f 3152 3233 3153
f 3152 3232 3233
f 3153 3234 3154
f 3153 3233 3234
f 3154 3235 3155
f 3154 3234 3235
f 3155 3236 3156
f 3155 3235 3236
f 3156 3237 3157
f 3156 3236 3237
f 3157 3238 3158
f 3157 3237 3238
f 3158 3239 3159
f 3158 3238 3239
f 3159 3240 3160
f 3159 3239 3240
f 3160 3241 3161
f 3160 3240 3241
f 3161 3242 3162
f 3161 3241 3242
f 3162 3243 3163
f 3162 3242 3243
f 3163 3244 3164
f 3163 3243 3244
f 3164 3245 3165
f 3164 3244 3245
f 3165 3246 3166
f 3165 3245 3246
f 3166 3247 3167
f 3166 3246 3247
f 3167 3248 3168
f 3167 3247 3248
f 3168 3249 3169
f 3168 3248 3249
f 3169 3250 3170
f 3169 3249 3250
f 3170 3251 3171
f 3170 3250 3251
f 3171 3252 3172
f 3171 3251 3252
f 3172 3253 3173
f 3172 3252 3253
f 3173 3254 3174
f 3173 3253 3254
f 3174 3255 3175
f 3174 3254 3255
f 3175 3256 3176
f 3175 3255 3256
f 3176 3257 3177
f 3176 3256 3257
f 3177 3258 3178
f 3177 3257 3258
f 3178 3259 3179
f 3178 3258 3259
f 3179 3260 3180
f 3179 3259 3260
f 3180 3261 3181
f 3180 3260 3261
f 3181 3262 3182
f 3181 3261 3262
f 3182 3263 3183
f 3182 3262 3263
f 3183 3264 3184
f 3183 3263 3264
f 3184 3265 3185
f 3184 3264 3265
f 3185 3266 3186
f 3185 3265 3266
f 3186 3267 3187
f 3186 3266 3267
f 3187 3268 3188
f 3187 3267 3268
f 3188 3269 3189
f 3188 3268 3269
f 3189 3270 3190
f 3189 3269 3270
f 3190 3271 3191
f 3190 3270 3271
f 3191 3272 3192
f 3191 3271 3272
f 3192 3273 3193
f 3192 3272 3273
f 3193 3274 3194
f 3193 3273 3274
f 3194 3275 3195
f 3194 3274 3275
f 3195 3276 3196
f 3195 3275 3276
f 3196 3277 3197
f 3196 3276 3277
f 3197 3278 3198
f 3197 3277 3278
f 3198 3279 3199
f 3198 3278 3279
f 3199 3280 3200
f 3199 3279 3280
f 3201 3282 3202
f 3201 3281 3282
f 3202 3283 3203
f 3202 3282 3283
f 3203 3284 3204
f 3203 3283 3284
f 3204 3285 3205
f 3204 3284 3285
f 3205 3286 3206
f 3205 3285 3286
f 3206 3287 3207
f 3206 3286 3287
f 3207 3288 3208
f 3207 3287 3288
f 3208 3289 3209
f 3208 3288 3289
f 3209 3290 3210
f 3209 3289 3290
f 3210 3291 3211
f 3210 3290 3291
f 3211 3292 3212
f 3211 3291 3292
f 3212 3293 3213
f 3212 3292 3293
f 3213 3294 3214
f 3213 3293 3294
f 3214 3295 3215
f 3214 3294 3295
f 3215 3296 3216
f 3215 3295 3296
f 3216 3297 3217
f 3216 3296 3297
f 3217 3298 3218
f 3217 3297 3298
f 3218 3299 3219
f 3218 3298 3299
f 3219 3300 3220
f 3219 3299 3300
f 3220 3301 3221
f 3220 3300 3301
f 3221 3302 3222
f 3221 3301 3302
f 3222 3303 3223
f 3222 3302 3303
f 3223 3304 3224
f 3223 3303 3304
f 3224 3305 3225
f 3224 3304 3305
f 3225 3306 3226
f 3225 3305 3306
f 3226 3307 3227
f 3226 3306 3307
f 3227 3308 3228
f 3227 3307 3308
f 3228 3309 3229
f 3228 3308 3309
f 3229 3310 3230
f 3229 3309 3310
f 3230 3311 3231
f 3230 3310 3311
f 3231 3312 3232
f 3231 3311 3312
f 3232 3313 3233
f 3232 3312 3313
f 3233 3314 3234
f 3233 3313 3314
f 3234 3315 3235
f 3234 3314 3315
f 3235 3316 3236
f 3235 3315 3316
f 3236 3317 3237
f 3236 3316 3317
f 3237 3318 3238
f 3237 3317 3318
f 3238 3319 3239
f 3238 3318 3319
f 3239 3320 3240
f 3239 3319 3320
f 3240 3321 3241
f 3240 3320 3321
f 3241 3322 3242
f 3241 3321 3322
f 3242 3323 3243
f 3242 3322 3323
f 3243 3324 3244
f 3243 3323 3324
f 3244 3325 3245
f 3244 3324 3325
f 3245 3326 3246
f 3245 3325 3326
f 3246 3327 3247
f 3246 3326 3327
f 3247 3328 3248
f 3247 3327 3328
f 3248 3329 3249
f 3248 3328 3329
f 3249 3330 3250
f 3249 3329 3330
f 3250 3331 3251
f 3250 3330 3331
f 3251 3332 3252
f 3251 3331 3332
f 3252 3333 3253
f 3252 3332 3333
f 3253 3334 3254
f 3253 3333 3334
f 3254 3335 3255
f 3254 3334 3335
f 3255 3336 3256
f 3255 3335 3336
f 3256 3337 3257
f 3256 3336 3337
f 3257 3338 3258
f 3257 3337 3338
f 3258 3339 3259
f 3258 3338 3339
f 3259 3340 3260
f 3259 3339 3340
f 3260 3341 3261
f 3260 3340 3341
f 3261 3342 3262
f 3261 3341 3342
f 3262 3343 3263
f 3262 3342 3343
f 3263 3344 3264
f 3263 3343 3344
f 3264 3345 3265
f 3264 3344 3345
f 3265 3346 3266
f 3265 3345 3346
f 3266 3347 3267
f 3266 3346 3347
f 3267 3348 3268
f 3267 3347 3348
f 3268 3349 3269
f 3268 3348 3349
f 3269 3350 3270
f 3269 3349 3350
f 3270 3351 3271
f 3270 3350 3351
f 3271 3352 3272
f 3271 3351 3352
f 3272 3353 3273
f 3272 3352 3353
f 3273 3354 3274
f 3273 3353 3354
f 3274 3355 3275
f 3274 3354 3355
f 3275 3356 3276
f 3275 3355 3356
f 3276 3357 3277
f 3276 3356 3357
f 3277 3358 3278
f 3277 3357 3358
f 3278 3359 3279
f 3278 3358 3359
f 3279 3360 3280
f 3279 3359 3360
f 3281 3362 3282
f 3281 3361 3362
f 3282 3363 3283
f 3282 3362 3363
f 3283 3364 3284
f 3283 3363 3364
f 3284 3365 3285
f 3284 3364 3365
f 3285 3366 3286
f 3285 3365 3366
f 3286 3367 3287
f 3286 3366 3367
f 3287 3368 3288
f 3287 3367 3368
f 3288 3369 3289
f 3288 3368 3369
f 3289 3370 3290
f 3289 3369 3370
f 3290 3371 3291
f 3290 3370 3371
f 3291 3372 3292
f 3291 3371 3372
f 3292 3373 3293
f 3292 3372 3373
f 3293 3374 3294
f 3293 3373 3374
f 3294 3375 3295
f 3294 3374 3375
f 3295 3376 3296
f 3295 3375 3376
f 3296 3377 3297
f 3296 3376 3377
f 3297 3378 3298
f 3297 3377 3378
f 3298 3379 3299
f 3298 3378 3379
f 3299 3380 3300
f 3299 3379 3380
f 3300 3381 3301
f 3300 3380 3381
f 3301 3382 3302
f 3301 3381 3382
f 3302 3383 3303
f 3302 3382 3383
f 3303 3384 3304
f 3303 3383 3384
f 3304 3385 3305
f 3304 3384 3385
f 3305 3386 3306
f 3305 3385 3386
f 3306 3387 3307
f 3306 3386 3387
f 3307 3388 3308
f 3307 3387 3388
f 3308 3389 3309
f 3308 3388 3389
f 3309 3390 3310
f 3309 3389 3390
f 3310 3391 3311
f 3310 3390 3391
f 3311 3392 3312
f 3311 3391 3392
f 3312 3393 3313
f 3312 3392 3393
f 3313 3394 3314
f 3313 3393 3394
f 3314 3395 3315
f 3314 3394 3395
f 3315 3396 3316
f 3315 3395 3396
f 3316 3397 3317
f 3316 3396 3397
f 3317 3398 3318
f 3317 3397 3398
f 3318 3399 3319
f 3318 3398 3399
f 3319 3400 3320
f 3319 3399 3400
f 3320 3401 3321
f 3320 3400 3401
f 3321 3402 3322
f 3321 3401 3402
f 3322 3403 3323
f 3322 3402 3403
f 3323 3404 3324
f 3323 3403 3404
f 3324 3405 3325
f 3324 3404 3405
f 3325 3406 3326
f 3325 3405 3406
f 3326 3407 3327
f 3326 3406 3407
f 3327 3408 3328
f 3327 3407 3408
f 3328 3409 3329
f 3328 3408 3409
f 3329 3410 3330
f 3329 3409 3410
f 3330 3411 3331
f 3330 3410 3411
f 3331 3412 3332
f 3331 3411 3412
f 3332 3413 3333
f 3332 3412 3413
f 3333 3414 3334
f 3333 3413 3414
f 3334 3415 3335
f 3334 3414 3415
f 3335 3416 3336
f 3335 3415 3416
f 3336 3417 3337
f 3336 3416 3417
f 3337 3418 3338
f 3337 3417 3418
f 3338 3419 3339
f 3338 3418 3419
f 3339 3420 3340
f 3339 3419 3420
f 3340 3421 3341
f 3340 3420 3421
f 3341 3422 3342
f 3341 3421 3422
f 3342 3423 3343
f 3342 3422 3423
f 3343 3424 3344
f 3343 3423 3424
f 3344 3425 3345
f 3344 3424 3425
f 3345 3426 3346
f 3345 3425 3426
f 3346 3427 3347
f 3346 3426 3427
f 3347 3428 3348
f 3347 3427 3428
f 3348 3429 3349
f 3348 3428 3429
f 3349 3430 3350
f 3349 3429 3430
f 3350 3431 3351
f 3350 3430 3431
f 3351 3432 3352
f 3351 3431 3432
f 3352 3433 3353
f 3352 3432 3433
f 3353 3434 3354
f 3353 3433 3434
f 3354 3435 3355
f 3354 3434 3435
f 3355 3436 3356
f 3355 3435 3436
f 3356 3437 3357
f 3356 3436 3437
f 3357 3438 3358
f 3357 3437 3438
f 3358 3439 3359
f 3358 3438 3439
f 3359 3440 3360
f 3359 3439 3440
f 3361 3442 3362
f 3361 3441 3442
f 3362 3443 3363
f 3362 3442 3443
f 3363 3444 3364
f 3363 3443 3444
f 3364 3445 3365
f 3364 3444 3445
f 3365 3446 3366
f 3365 3445 3446
f 3366 3447 3367
f 3366 3446 3447
f 3367 3448 3368
f 3367 3447 3448
f 3368 3449 3369
f 3368 3448 3449
f 3369 3450 3370
f 3369 3449 3450
f 3370 3451 3371
f 3370 3450 3451
f 3371 3452 3372
f 3371 3451 3452
f 3372 3453 3373
f 3372 3452 3453
f 3373 3454 3374
f 3373 3453 3454
f 3374 3455 3375
f 3374 3454 3455
f 3375 3456 3376
f 3375 3455 3456
f 3376 3457 3377
f 3376 3456 3457
f 3377 3458 3378
f 3377 3457 3458
f 3378 3459 3379
f 3378 3458 3459
f 3379 3460 3380
f 3379 3459 3460
f 3380 3461 3381
f 3380 3460 3461
f 3381 3462 3382
f 3381 3461 3462
f 3382 3463 3383
f 3382 3462 3463
f 3383 3464 3384
f 3383 3463 3464
f 3384 3465 3385
f 3384 3464 3465
f 3385 3466 3386
f 3385 3465 3466
f 3386 3467 3387
f 3386 3466 3467
f 3387 3468 3388
f 3387 3467 3468
f 3388 3469 3389
f 3388 3468 3469
f 3389 3470 3390
f 3389 3469 3470
f 3390 3471 3391
f 3390 3470 3471
f 3391 3472 3392
f 3391 3471 3472
f 3392 3473 3393
f 3392 3472 3473
f 3393 3474 3394
f 3393 3473 3474
f 3394 3475 3395
f 3394 3474 3475
f 3395 3476 3396
f 3395 3475 3476
f 3396 3477 3397
f 3396 3476 3477
f 3397 3478 3398
f 3397 3477 3478
f 3398 3479 3399
f 3398 3478 3479
f 3399 3480 3400
f 3399 3479 3480
f 3400 3481 3401
f 3400 3480 3481
f 3401 3482 3402
f 3401 3481 3482
f 3402 3483 3403
f 3402 3482 3483
f 3403 3484 3404
f 3403 3483 3484
f 3404 3485 3405
f 3404 3484 3485
f 3405 3486 3406
f 3405 3485 3486
f 3406 3487 3407
f 3406 3486 3487
f 3407 3488 3408
f 3407 3487 3488
f 3408 3489 3409
f 3408 3488 3489
f 3409 3490 3410
f 3409 3489 3490
f 3410 3491 3411
f 3410 3490 3491
f 3411 3492 3412
f 3411 3491 3492
f 3412 3493 3413
f 3412 3492 3493
f 3413 3494 3414
f 3413 3493 3494
f 3414 3495 3415
f 3414 3494 3495
f 3415 3496 3416
f 3415 3495 3496
f 3416 3497 3417
f 3416 3496 3497
f 3417 3498 3418
f 3417 3497 3498
f 3418 3499 3419
f 3418 3498 3499
f 3419 3500 3420
f 3419 3499 3500
f 3420 3501 3421
f 3420 3500 3501
f 3421 3502 3422
f 3421 3501 3502
f 3422 3503 3423
f 3422 3502 3503
f 3423 3504 3424
f 3423 3503 3504
f 3424 3505 3425
f 3424 3504 3505
f 3425 3506 3426
f 3425 3505 3506
f 3426 3507 3427
f 3426 3506 3507
f 3427 3508 3428
f 3427 3507 3508
f 3428 3509 3429
f 3428 3508 3509
f 3429 3510 3430
f 3429 3509 3510
f 3430 3511 3431
f 3430 3510 3511
f 3431 3512 3432
f 3431 3511 3512
f 3432 3513 3433
f 3432 3512 3513
f 3433 3514 3434
f 3433 3513 3514
f 3434 3515 3435
f 3434 3514 3515
f 3435 3516 3436
f 3435 3515 3516
f 3436 3517 3437
f 3436 3516 3517
f 3437 3518 3438
f 3437 3517 3518
f 3438 3519 3439
f 3438 3518 3519
f 3439 3520 3440
f 3439 3519 3520
f 3441 3522 3442
f 3441 3521 3522
f 3442 3523 3443
f 3442 3522 3523
f 3443 3524 3444
f 3443 3523 3524
f 3444 3525 3445
f 3444 3524 3525
f 3445 3526 3446
f 3445 3525 3526
f 3446 3527 3447
f 3446 3526 3527
f 3447 3528 3448
f 3447 3527 3528
f 3448 3529 3449
f 3448 3528 3529
f 3449 3530 3450
f 3449 3529 3530
f 3450 3531 3451
f 3450 3530 3531
f 3451 3532 3452
f 3451 3531 3532
f 3452 3533 3453
f 3452 3532 3533
f 3453 3534 3454
f 3453 3533 3534
f 3454 3535 3455
f 3454 3534 3535
f 3455 3536 3456
f 3455 3535 3536
f 3456 3537 3457
f 3456 3536 3537
f 3457 3538 3458
f 3457 3537 3538
f 3458 3539 3459
f 3458 3538 3539
f 3459 3540 3460
f 3459 3539 3540
f 3460 3541 3461
f 3460 3540 3541
f 3461 3542 3462
f 3461 3541 3542
f 3462 3543 3463
f 3462 3542 3543
f 3463 3544 3464
f 3463 3543 3544
f 3464 3545 3465
f 3464 3544 3545
f 3465 3546 3466
f 3465 3545 3546
f 3466 3547 3467
f 3466 3546 3547
f 3467 3548 3468
f 3467 3547 3548
f 3468 3549 3469
f 3468 3548 3549
f 3469 3550 3470
f 3469 3549 3550
f 3470 3551 3471
f 3470 3550 3551
f 3471 3552 3472
f 3471 3551 3552
f 3472 3553 3473
f 3472 3552 3553
f 3473 3554 3474
f 3473 3553 3554
f 3474 3555 3475
f 3474 3554 3555
f 3475 3556 3476
f 3475 3555 3556
f 3476 3557 3477
f 3476 3556 3557
f 3477 3558 3478
f 3477 3557 3558
f 3478 3559 3479
f 3478 3558 3559
f 3479 3560 3480
f 3479 3559 3560
f 3480 3561 3481
f 3480 3560 3561
f 3481 3562 3482
f 3481 3561 3562
f 3482 3563 3483
f 3482 3562 3563
f 3483 3564 3484
f 3483 3563 3564
f 3484 3565 3485
f 3484 3564 3565
f 3485 3566 3486
f 3485 3565 3566
f 3486 3567 3487
f 3486 3566 3567
f 3487 3568 3488
f 3487 3567 3568
f 3488 3569 3489
f 3488 3568 3569
f 3489 3570 3490
f 3489 3569 3570
f 3490 3571 3491
f 3490 3570 3571
f 3491 3572 3492
f 3491 3571 3572
f 3492 3573 3493
f 3492 3572 3573
f 3493 3574 3494
f 3493 3573 3574
f 3494 3575 3495
f 3494 3574 3575
f 3495 3576 3496
f 3495 3575 3576
f 3496 3577 3497
f 3496 3576 3577
f 3497 3578 3498
f 3497 3577 3578
f 3498 3579 3499
f 3498 3578 3579
f 3499 3580 3500
f 3499 3579 3580
f 3500 3581 3501
f 3500 3580 3581
f 3501 3582 3502
f 3501 3581 3582
f 3502 3583 3503
f 3502 3582 3583
f 3503 3584 3504
f 3503 3583 3584
f 3504 3585 3505
f 3504 3584 3585
f 3505 3586 3506
f 3505 3585 3586
f 3506 3587 3507
f 3506 3586 3587
f 3507 3588 3508
f 3507 3587 3588
f 3508 3589 3509
f 3508 3588 3589
f 3509 3590 3510
f 3509 3589 3590
f 3510 3591 3511
f 3510 3590 3591
f 3511 3592 3512
f 3511 3591 3592
f 3512 3593 3513
f 3512 3592 3593
f 3513 3594 3514
f 3513 3593 3594
f 3514 3595 3515
f 3514 3594 3595
f 3515 3596 3516
f 3515 3595 3596
f 3516 3597 3517
f 3516 3596 3597
f 3517 3598 3518
f 3517 3597 3598
f 3518 3599 3519
f 3518 3598 3599
f 3519 3600 3520
f 3519 3599 3600
f 3521 3602 3522
f 3521 3601 3602
f 3522 3603 3523
f 3522 3602 3603
f 3523 3604 3524
f 3523 3603 3604
f 3524 3605 3525
f 3524 3604 3605
f 3525 3606 3526
f 3525 3605 3606
f 3526 3607 3527
f 3526 3606 3607
f 3527 3608 3528
f 3527 3607 3608
f 3528 3609 3529
f 3528 3608 3609
f 3529 3610 3530
f 3529 3609 3610
f 3530 3611 3531
f 3530 3610 3611
f 3531 3612 3532
f 3531 3611 3612
f 3532 3613 3533
f 3532 3612 3613
f 3533 3614 3534
f 3533 3613 3614
f 3534 3615 3535
f 3534 3614 3615
f 3535 3616 3536
f 3535 3615 3616
f 3536 3617 3537
f 3536 3616 3617
f 3537 3618 3538
f 3537 3617 3618
f 3538 3619 3539
f 3538 3618 3619
f 3539 3620 3540
f 3539 3619 3620
f 3540 3621 3541
f 3540 3620 3621
f 3541 3622 3542
f 3541 3621 3622
f 3542 3623 3543
f 3542 3622 3623
f 3543 3624 3544
f 3543 3623 3624
f 3544 3625 3545
f 3544 3624 3625
f 3545 3626 3546
f 3545 3625 3626
f 3546 3627 3547
f 3546 3626 3627
f 3547 3628 3548
f 3547 3627 3628
f 3548 3629 3549
f 3548 3628 3629
f 3549 3630 3550
f 3549 3629 3630
f 3550 3631 3551
f 3550 3630 3631
f 3551 3632 3552
f 3551 3631 3632
f 3552 3633 3553
f 3552 3632 3633
f 3553 3634 3554
f 3553 3633 3634
f 3554 3635 3555
f 3554 3634 3635
f 3555 3636 3556
f 3555 3635 3636
f 3556 3637 3557
f 3556 3636 3637
f 3557 3638 3558
f 3557 3637 3638
f 3558 3639 3559
f 3558 3638 3639
f 3559 3640 3560
f 3559 3639 3640
f 3560 3641 3561
f 3560 3640 3641
f 3561 3642 3562
f 3561 3641 3642
f 3562 3643 3563
f 3562 3642 3643
f 3563 3644 3564
f 3563 3643 3644
f 3564 3645 3565
f 3564 3644 3645
f 3565 3646 3566
f 3565 3645 3646
f 3566 3647 3567
f 3566 3646 3647
f 3567 3648 3568
f 3567 3647 3648
f 3568 3649 3569
f 3568 3648 3649
f 3569 3650 3570
f 3569 3649 3650
f 3570 3651 3571
f 3570 3650 3651
f 3571 3652 3572
f 3571 3651 3652
f 3572 3653 3573
f 3572 3652 3653
f 3573 3654 3574
f 3573 3653 3654
f 3574 3655 3575
f 3574 3654 3655
f 3575 3656 3576
f 3575 3655 3656
f 3576 3657 3577
f 3576 3656 3657
f 3577 3658 3578
f 3577 3657 3658
f 3578 3659 3579
f 3578 3658 3659
f 3579 3660 3580
f 3579 3659 3660
f 3580 3661 3581
f 3580 3660 3661
f 3581 3662 3582
f 3581 3661 3662
f 3582 3663 3583
f 3582 3662 3663
f 3583 3664 3584
f 3583 3663 3664
f 3584 3665 3585
f 3584 3664 3665
f 3585 3666 3586
f 3585 3665 3666
f 3586 3667 3587
f 3586 3666 3667
f 3587 3668 3588
f 3587 3667 3668
f 3588 3669 3589
f 3588 3668 3669
f 3589 3670 3590
f 3589 3669 3670
f 3590 3671 3591
f 3590 3670 3671
f 3591 3672 3592
f 3591 3671 3672
f 3592 3673 3593
f 3592 3672 3673
f 3593 3674 3594
f 3593 3673 3674
f 3594 3675 3595
f 3594 3674 3675
f 3595 3676 3596
f 3595 3675 3676
f 3596 3677 3597
f 3596 3676 3677
f 3597 3678 3598
f 3597 3677 3678
f 3598 3679 3599
f 3598 3678 3679
f 3599 3680 3600
f 3599 3679 3680
f 3601 3682 3602
f 3601 3681 3682
f 3602 3683 3603
f 3602 3682 3683
f 3603 3684 3604
f 3603 3683 3684
f 3604 3685 3605
f 3604 3684 3685
f 3605 3686 3606
f 3605 3685 3686
f 3606 3687 3607
f 3606 3686 3687
f 3607 3688 3608
f 3607 3687 3688
f 3608 3689 3609
f 3608 3688 3689
f 3609 3690 3610
f 3609 3689 3690
f 3610 3691 3611
f 3610 3690 3691
f 3611 3692 3612
f 3611 3691 3692
f 3612 3693 3613
f 3612 3692 3693
f 3613 3694 3614
f 3613 3693 3694
f 3614 3695 3615
f 3614 3694 3695
f 3615 3696 3616
f 3615 3695 3696
f 3616 3697 3617
f 3616 3696 3697
f 3617 3698 3618
f 3617 3697 3698
f 3618 3699 3619
f 3618 3698 3699
f 3619 3700 3620
f 3619 3699 3700
f 3620 3701 3621
f 3620 3700 3701
f 3621 3702 3622
f 3621 3701 3702
f 3622 3703 3623
f 3622 3702 3703
f 3623 3704 3624
f 3623 3703 3704
f 3624 3705 3625
f 3624 3704 3705
f 3625 3706 3626
f 3625 3705 3706
f 3626 3707 3627
f 3626 3706 3707
f 3627 3708 3628
f 3627 3707 3708
f 3628 3709 3629
f 3628 3708 3709
f 3629 3710 3630
f 3629 3709 3710
f 3630 3711 3631
f 3630 3710 3711
f 3631 3712 3632
f 3631 3711 3712
f 3632 3713 3633
f 3632 3712 3713
f 3633 3714 3634
f 3633 3713 3714
f 3634 3715 3635
f 3634 3714 3715
f 3635 3716 3636
f 3635 3715 3716
f 3636 3717 3637
f 3636 3716 3717
f 3637 3718 3638
f 3637 3717 3718
f 3638 3719 3639
f 3638 3718 3719
f 3639 3720 3640
f 3639 3719 3720
f 3640 3721 3641
f 3640 3720 3721
f 3641 3722 3642
f 3641 3721 3722
f 3642 3723 3643
f 3642 3722 3723
f 3643 3724 3644
f 3643 3723 3724
f 3644 3725 3645
f 3644 3724 3725
f 3645 3726 3646
f 3645 3725 3726
f 3646 3727 3647
f 3646 3726 3727
f 3647 3728 3648
f 3647 3727 3728
f 3648 3729 3649
f 3648 3728 3729
f 3649 3730 3650
f 3649 3729 3730
f 3650 3731 3651
f 3650 3730 3731
f 3651 3732 3652
f 3651 3731 3732
f 3652 3733 3653
f 3652 3732 3733
f 3653 3734 3654
f 3653 3733 3734
f 3654 3735 3655
f 3654 3734 3735
f 3655 3736 3656
f 3655 3735 3736
f 3656 3737 3657
f 3656 3736 3737
f 3657 3738 3658
f 3657 3737 3738
f 3658 3739 3659
f 3658 3738 3739
f 3659 3740 3660
f 3659 3739 3740
f 3660 3741 3661
f 3660 3740 3741
f 3661 3742 3662
f 3661 3741 3742
f 3662 3743 3663
f 3662 3742 3743
f 3663 3744 3664
f 3663 3743 3744
f 3664 3745 3665
f 3664 3744 3745
f 3665 3746 3666
f 3665 3745 3746
f 3666 3747 3667
f 3666 3746 3747
f 3667 3748 3668
f 3667 3747 3748
f 3668 3749 3669
f 3668 3748 3749
f 3669 3750 3670
f 3669 3749 3750
f 3670 3751 3671
f 3670 3750 3751
f 3671 3752 3672
f 3671 3751 3752
f 3672 3753 3673
f 3672 3752 3753
f 3673 3754 3674
f 3673 3753 3754
f 3674 3755 3675
f 3674 3754 3755
f 3675 3756 3676
f 3675 3755 3756
f 3676 3757 3677
f 3676 3756 3757
f 3677 3758 3678
f 3677 3757 3758
f 3678 3759 3679
f 3678 3758 3759
f 3679 3760 3680
f 3679 3759 3760
f 3681 3762 3682
f 3681 3761 3762
f 3682 3763 3683
f 3682 3762 3763
f 3683 3764 3684
f 3683 3763 3764
f 3684 3765 3685
f 3684 3764 3765
f 3685 3766 3686
f 3685 3765 3766
f 3686 3767 3687
f 3686 3766 3767
f 3687 3768 3688
f 3687 3767 3768
f 3688 3769 3689
f 3688 3768 3769
f 3689 3770 3690
f 3689 3769 3770
f 3690 3771 3691
f 3690 3770 3771
f 3691 3772 3692
f 3691 3771 3772
f 3692 3773 3693
f 3692 3772 3773
f 3693 3774 3694
f 3693 3773 3774
f 3694 3775 3695
f 3694 3774 3775
f 3695 3776 3696
f 3695 3775 3776
f 3696 3777 3697
f 3696 3776 3777
f 3697 3778 3698
f 3697 3777 3778
f 3698 3779 3699
f 3698 3778 3779
f 3699 3780 3700
f 3699 3779 3780
f 3700 3781 3701
f 3700 3780 3781
f 3701 3782 3702
f 3701 3781 3782
f 3702 3783 3703
f 3702 3782 3783
f 3703 3784 3704
f 3703 3783 3784
f 3704 3785 3705
f 3704 3784 3785
f 3705 3786 3706
f 3705 3785 3786
f 3706 3787 3707
f 3706 3786 3787
f 3707 3788 3708
f 3707 3787 3788
f 3708 3789 3709
f 3708 3788 3789
f 3709 3790 3710
f 3709 3789 3790
f 3710 3791 3711
f 3710 3790 3791
f 3711 3792 3712
f 3711 3791 3792
f 3712 3793 3713
f 3712 3792 3793
f 3713 3794 3714
f 3713 3793 3794
f 3714 3795 3715
f 3714 3794 3795
f 3715 3796 3716
f 3715 3795 3796
f 3716 3797 3717
f 3716 3796 3797
f 3717 3798 3718
f 3717 3797 3798
f 3718 3799 3719
f 3718 3798 3799
f 3719 3800 3720
f 3719 3799 3800
f 3720 3801 3721
f 3720 3800 3801
f 3721 3802 3722
f 3721 3801 3802
f 3722 3803 3723
f 3722 3802 3803
f 3723 3804 3724
f 3723 3803 3804
f 3724 3805 3725
f 3724 3804 3805
f 3725 3806 3726
f 3725 3805 3806
f 3726 3807 3727
f 3726 3806 3807
f 3727 3808 3728
f 3727 3807 3808
f 3728 3809 3729
f 3728 3808 3809
f 3729 3810 3730
f 3729 3809 3810
f 3730 3811 3731
f 3730 3810 3811
f 3731 3812 3732
f 3731 3811 3812
f 3732 3813 3733
f 3732 3812 3813
f 3733 3814 3734
f 3733 3813 3814
f 3734 3815 3735
f 3734 3814 3815
f 3735 3816 3736
f 3735 3815 3816
f 3736 3817 3737
f 3736 3816 3817
f 3737 3818 3738
f 3737 3817 3818
f 3738 3819 3739
f 3738 3818 3819
f 3739 3820 3740
f 3739 3819 3820
f 3740 3821 3741
f 3740 3820 3821
f 3741 3822 3742
f 3741 3821 3822
f 3742 3823 3743
f 3742 3822 3823
f 3743 3824 3744
f 3743 3823 3824
f 3744 3825 3745
f 3744 3824 3825
f 3745 3826 3746
f 3745 3825 3826
f 3746 3827 3747
f 3746 3826 3827
f 3747 3828 3748
f 3747 3827 3828
f 3748 3829 3749
f 3748 3828 3829
f 3749 3830 3750
f 3749 3829 3830
f 3750 3831 3751
f 3750 3830 3831
f 3751 3832 3752
f 3751 3831 3832
f 3752 3833 3753
f 3752 3832 3833
f 3753 3834 3754
f 3753 3833 3834
f 3754 3835 3755
f 3754 3834 3835
f 3755 3836 3756
f 3755 3835 3836
f 3756 3837 3757
f 3756 3836 3837
f 3757 3838 3758
f 3757 3837 3838
f 3758 3839 3759
f 3758 3838 3839
f 3759 3840 3760
f 3759 3839 3840
f 3761 3842 3762
f 3761 3841 3842
f 3762 3843 3763
f 3762 3842 3843
f 3763 3844 3764
f 3763 3843 3844
f 3764 3845 3765
f 3764 3844 3845
f 3765 3846 3766
f 3765 3845 3846
f 3766 3847 3767
f 3766 3846 3847
f 3767 3848 3768
f 3767 3847 3848
f 3768 3849 3769
f 3768 3848 3849
f 3769 3850 3770
f 3769 3849 3850
f 3770 3851 3771
f 3770 3850 3851
f 3771 3852 3772
f 3771 3851 3852
f 3772 3853 3773
f 3772 3852 3853
f 3773 3854 3774
f 3773 3853 3854
f 3774 3855 3775
f 3774 3854 3855
f 3775 3856 3776
f 3775 3855 3856
f 3776 3857 3777
f 3776 3856 3857
f 3777 3858 3778
f 3777 3857 3858
f 3778 3859 3779
f 3778 3858 3859
f 3779 3860 3780
f 3779 3859 3860
f 3780 3861 3781
f 3780 3860 3861
f 3781 3862 3782
f 3781 3861 3862
f 3782 3863 3783
f 3782 3862 3863
f 3783 3864 3784
f 3783 3863 3864
f 3784 3865 3785
f 3784 3864 3865
f 3785 3866 3786
f 3785 3865 3866
f 3786 3867 3787
f 3786 3866 3867
f 3787 3868 3788
f 3787 3867 3868
f 3788 3869 3789
f 3788 3868 3869
f 3789 3870 3790
f 3789 3869 3870
f 3790 3871 3791
f 3790 3870 3871
f 3791 3872 3792
f 3791 3871 3872
f 3792 3873 3793
f 3792 3872 3873
f 3793 3874 3794
f 3793 3873 3874
f 3794 3875 3795
f 3794 3874 3875
f 3795 3876 3796
f 3795 3875 3876
f 3796 3877 3797
f 3796 3876 3877
f 3797 3878 3798
f 3797 3877 3878
f 3798 3879 3799
f 3798 3878 3879
f 3799 3880 3800
f 3799 3879 3880
f 3800 3881 3801
f 3800 3880 3881
f 3801 3882 3802
f 3801 3881 3882
f 3802 3883 3803
f 3802 3882 3883
f 3803 3884 3804
f 3803 3883 3884
f 3804 3885 3805
f 3804 3884 3885
f 3805 3886 3806
f 3805 3885 3886
f 3806 3887 3807
f 3806 3886 3887
f 3807 3888 3808
f 3807 3887 3888
f 3808 3889 3809
f 3808 3888 3889
f 3809 3890 3810
f 3809 3889 3890
f 3810 3891 3811
f 3810 3890 3891
f 3811 3892 3812
f 3811 3891 3892
f 3812 3893 3813
f 3812 3892 3893
f 3813 3894 3814
f 3813 3893 3894
f 3814 3895 3815
f 3814 3894 3895
f 3815 3896 3816
f 3815 3895 3896
f 3816 3897 3817
f 3816 3896 3897
f 3817 3898 3818
f 3817 3897 3898
f 3818 3899 3819
f 3818 3898 3899
f 3819 3900 3820
f 3819 3899 3900
f 3820 3901 3821
f 3820 3900 3901
f 3821 3902 3822
f 3821 3901 3902
f 3822 3903 3823
f 3822 3902 3903
f 3823 3904 3824
f 3823 3903 3904
f 3824 3905 3825
f 3824 3904 3905
f 3825 3906 3826
f 3825 3905 3906
f 3826 3907 3827
f 3826 3906 3907
f 3827 3908 3828
f 3827 3907 3908
f 3828 3909 3829
f 3828 3908 3909
f 3829 3910 3830
f 3829 3909 3910
f 3830 3911 3831
f 3830 3910 3911
f 3831 3912 3832
f 3831 3911 3912
f 3832 3913 3833
f 3832 3912 3913
f 3833 3914 3834
f 3833 3913 3914
f 3834 3915 3835
f 3834 3914 3915
f 3835 3916 3836
f 3835 3915 3916
f 3836 3917 3837
f 3836 3916 3917
f 3837 3918 3838
f 3837 3917 3918
f 3838 3919 3839
f 3838 3918 3919
f 3839 3920 3840
f 3839 3919 3920
f 3841 3922 3842
f 3841 3921 3922
f 3842 3923 3843
f 3842 3922 3923
f 3843 3924 3844
f 3843 3923 3924
f 3844 3925 3845
f 3844 3924 3925
f 3845 3926 3846
f 3845 3925 3926
f 3846 3927 3847
f 3846 3926 3927
f 3847 3928 3848
f 3847 3927 3928
f 3848 3929 3849
f 3848 3928 3929
f 3849 3930 3850
f 3849 3929 3930
f 3850 3931 3851
f 3850 3930 3931
f 3851 3932 3852
f 3851 3931 3932
f 3852 3933 3853
f 3852 3932 3933
f 3853 3934 3854
f 3853 3933 3934
f 3854 3935 3855
f 3854 3934 3935
f 3855 3936 3856
f 3855 3935 3936
f 3856 3937 3857
f 3856 3936 3937
f 3857 3938 3858
f 3857 3937 3938
f 3858 3939 3859
f 3858 3938 3939
f 3859 3940 3860
f 3859 3939 3940
f 3860 3941 3861
f 3860 3940 3941
f 3861 3942 3862
f 3861 3941 3942
f 3862 3943 3863
f 3862 3942 3943
f 3863 3944 3864
f 3863 3943 3944
f 3864 3945 3865
f 3864 3944 3945
f 3865 3946 3866
f 3865 3945 3946
f 3866 3947 3867
f 3866 3946 3947
f 3867 3948 3868
f 3867 3947 3948
f 3868 3949 3869
f 3868 3948 3949
f 3869 3950 3870
f 3869 3949 3950
f 3870 3951 3871
f 3870 3950 3951
f 3871 3952 3872
f 3871 3951 3952
f 3872 3953 3873
f 3872 3952 3953
f 3873 3954 3874
f 3873 3953 3954
f 3874 3955 3875
f 3874 3954 3955
f 3875 3956 3876
f 3875 3955 3956
f 3876 3957 3877
f 3876 3956 3957
f 3877 3958 3878
f 3877 3957 3958
f 3878 3959 3879
f 3878 3958 3959
f 3879 3960 3880
f 3879 3959 3960
f 3880 3961 3881
f 3880 3960 3961
f 3881 3962 3882
f 3881 3961 3962
f 3882 3963 3883
f 3882 3962 3963
f 3883 3964 3884
f 3883 3963 3964
f 3884 3965 3885
f 3884 3964 3965
f 3885 3966 3886
f 3885 3965 3966
f 3886 3967 3887
f 3886 3966 3967
f 3887 3968 3888
f 3887 3967 3968
f 3888 3969 3889
f 3888 3968 3969
f 3889 3970 3890
f 3889 3969 3970
f 3890 3971 3891
f 3890 3970 3971
f 3891 3972 3892
f 3891 3971 3972
f 3892 3973 3893
f 3892 3972 3973
f 3893 3974 3894
f 3893 3973 3974
f 3894 3975 3895
f 3894 3974 3975
f 3895 3976 3896
f 3895 3975 3976
f 3896 3977 3897
f 3896 3976 3977
f 3897 3978 3898
f 3897 3977 3978
f 3898 3979 3899
f 3898 3978 3979
f 3899 3980 3900
f 3899 3979 3980
f 3900 3981 3901
f 3900 3980 3981
f 3901 3982 3902
f 3901 3981 3982
f 3902 3983 3903
f 3902 3982 3983
f 3903 3984 3904
f 3903 3983 3984
f 3904 3985 3905
f 3904 3984 3985
f 3905 3986 3906
f 3905 3985 3986
f 3906 3987 3907
f 3906 3986 3987
f 3907 3988 3908
f 3907 3987 3988
f 3908 3989 3909
f 3908 3988 3989
f 3909 3990 3910
f 3909 3989 3990
f 3910 3991 3911
f 3910 3990 3991
f 3911 3992 3912
f 3911 3991 3992
f 3912 3993 3913
f 3912 3992 3993
f 3913 3994 3914
f 3913 3993 3994
f 3914 3995 3915
f 3914 3994 3995
f 3915 3996 3916
f 3915 3995 3996
f 3916 3997 3917
f 3916 3996 3997
f 3917 3998 3918
f 3917 3997 3998
f 3918 3999 3919
f 3918 3998 3999
f 3919 4000 3920
f 3919 3999 4000
f 3921 4002 3922
f 3921 4001 4002
f 3922 4003 3923
f 3922 4002 4003
f 3923 4004 3924
f 3923 4003 4004
f 3924 4005 3925
f 3924 4004 4005
f 3925 4006 3926
f 3925 4005 4006
f 3926 4007 3927
f 3926 4006 4007
f 3927 4008 3928
f 3927 4007 4008
f 3928 4009 3929
f 3928 4008 4009
f 3929 4010 3930
f 3929 4009 4010
f 3930 4011 3931
f 3930 4010 4011
f 3931 4012 3932
f 3931 4011 4012
f 3932 4013 3933
f 3932 4012 4013
f 3933 4014 3934
f 3933 4013 4014
f 3934 4015 3935
f 3934 4014 4015
f 3935 4016 3936
f 3935 4015 4016
f 3936 4017 3937
f 3936 4016 4017
f 3937 4018 3938
f 3937 4017 4018
f 3938 4019 3939
f 3938 4018 4019
f 3939 4020 3940
f 3939 4019 4020
f 3940 4021 3941
f 3940 4020 4021
f 3941 4022 3942
f 3941 4021 4022
f 3942 4023 3943
f 3942 4022 4023
f 3943 4024 3944
f 3943 4023 4024
f 3944 4025 3945
f 3944 4024 4025
f 3945 4026 3946
f 3945 4025 4026
f 3946 4027 3947
f 3946 4026 4027
f 3947 4028 3948
f 3947 4027 4028
f 3948 4029 3949
f 3948 4028 4029
f 3949 4030 3950
f 3949 4029 4030
f 3950 4031 3951
f 3950 4030 4031
f 3951 4032 3952
f 3951 4031 4032
f 3952 4033 3953
f 3952 4032 4033
f 3953 4034 3954
f 3953 4033 4034
f 3954 4035 3955
f 3954 4034 4035
f 3955 4036 3956
f 3955 4035 4036
f 3956 4037 3957
f 3956 4036 4037
f 3957 4038 3958
f 3957 4037 4038
f 3958 4039 3959
f 3958 4038 4039
f 3959 4040 3960
f 3959 4039 4040
f 3960 4041 3961
f 3960 4040 4041
f 3961 4042 3962
f 3961 4041 4042
f 3962 4043 3963
f 3962 4042 4043
f 3963 4044 3964
f 3963 4043 4044
f 3964 4045 3965
f 3964 4044 4045
f 3965 4046 3966
f 3965 4045 4046
f 3966 4047 3967
f 3966 4046 4047
f 3967 4048 3968
f 3967 4047 4048
f 3968 4049 3969
f 3968 4048 4049
f 3969 4050 3970
f 3969 4049 4050
f 3970 4051 3971
f 3970 4050 4051
f 3971 4052 3972
f 3971 4051 4052
f 3972 4053 3973
f 3972 4052 4053
f 3973 4054 3974
f 3973 4053 4054
f 3974 4055 3975
f 3974 4054 4055
f 3975 4056 3976
f 3975 4055 4056
f 3976 4057 3977
f 3976 4056 4057
f 3977 4058 3978
f 3977 4057 4058
f 3978 4059 3979
f 3978 4058 4059
f 3979 4060 3980
f 3979 4059 4060
f 3980 4061 3981
f 3980 4060 4061
f 3981 4062 3982
f 3981 4061 4062
f 3982 4063 3983
f 3982 4062 4063
f 3983 4064 3984
f 3983 4063 4064
f 3984 4065 3985
f 3984 4064 4065
f 3985 4066 3986
f 3985 4065 4066
f 3986 4067 3987
f 3986 4066 4067
f 3987 4068 3988
f 3987 4067 4068
f 3988 4069 3989
f 3988 4068 4069
f 3989 4070 3990
f 3989 4069 4070
f 3990 4071 3991
f 3990 4070 4071
f 3991 4072 3992
f 3991 4071 4072
f 3992 4073 3993
f 3992 4072 4073
f 3993 4074 3994
f 3993 4073 4074
f 3994 4075 3995
f 3994 4074 4075
f 3995 4076 3996
f 3995 4075 4076
f 3996 4077 3997
f 3996 4076 4077
f 3997 4078 3998
f 3997 4077 4078
f 3998 4079 3999
f 3998 4078 4079
f 3999 4080 4000
f 3999 4079 4080
f 4001 4082 4002
f 4001 4081 4082
f 4002 4083 4003
f 4002 4082 4083
f 4003 4084 4004
f 4003 4083 4084
f 4004 4085 4005
f 4004 4084 4085
f 4005 4086 4006
f 4005 4085 4086
f 4006 4087 4007
f 4006 4086 4087
f 4007 4088 4008
f 4007 4087 4088
f 4008 4089 4009
f 4008 4088 4089
f 4009 4090 4010
f 4009 4089 4090
f 4010 4091 4011
f 4010 4090 4091
f 4011 4092 4012
f 4011 4091 4092
f 4012 4093 4013
f 4012 4092 4093
f 4013 4094 4014
f 4013 4093 4094
f 4014 4095 4015
f 4014 4094 4095
f 4015 4096 4016
f 4015 4095 4096
f 4016 4097 4017
f 4016 4096 4097
f 4017 4098 4018
f 4017 4097 4098
f 4018 4099 4019
f 4018 4098 4099
f 4019 4100 4020
f 4019 4099 4100
f 4020 4101 4021
f 4020 4100 4101
f 4021 4102 4022
f 4021 4101 4102
f 4022 4103 4023
f 4022 4102 4103
f 4023 4104 4024
f 4023 4103 4104
f 4024 4105 4025
f 4024 4104 4105
f 4025 4106 4026
f 4025 4105 4106
f 4026 4107 4027
f 4026 4106 4107
f 4027 4108 4028
f 4027 4107 4108
f 4028 4109 4029
f 4028 4108 4109
f 4029 4110 4030
f 4029 4109 4110
f 4030 4111 4031
f 4030 4110 4111
f 4031 4112 4032
f 4031 4111 4112
f 4032 4113 4033
f 4032 4112 4113
f 4033 4114 4034
f 4033 4113 4114
f 4034 4115 4035
f 4034 4114 4115
f 4035 4116 4036
f 4035 4115 4116
f 4036 4117 4037
f 4036 4116 4117
f 4037 4118 4038
f 4037 4117 4118
f 4038 4119 4039
f 4038 4118 4119
f 4039 4120 4040
f 4039 4119 4120
f 4040 4121 4041
f 4040 4120 4121
f 4041 4122 4042
f 4041 4121 4122
f 4042 4123 4043
f 4042 4122 4123
f 4043 4124 4044
f 4043 4123 4124
f 4044 4125 4045
f 4044 4124 4125
f 4045 4126 4046
f 4045 4125 4126
f 4046 4127 4047
f 4046 4126 4127
f 4047 4128 4048
f 4047 4127 4128
f 4048 4129 4049
f 4048 4128 4129
f 4049 4130 4050
f 4049 4129 4130
f 4050 4131 4051
f 4050 4130 4131
f 4051 4132 4052
f 4051 4131 4132
f 4052 4133 4053
f 4052 4132 4133
f 4053 4134 4054
f 4053 4133 4134
f 4054 4135 4055
f 4054 4134 4135
f 4055 4136 4056
f 4055 4135 4136
f 4056 4137 4057
f 4056 4136 4137
f 4057 4138 4058
f 4057 4137 4138
f 4058 4139 4059
f 4058 4138 4139
f 4059 4140 4060
f 4059 4139 4140
f 4060 4141 4061
f 4060 4140 4141
f 4061 4142 4062
f 4061 4141 4142
f 4062 4143 4063
f 4062 4142 4143
f 4063 4144 4064
f 4063 4143 4144
f 4064 4145 4065
f 4064 4144 4145
f 4065 4146 4066
f 4065 4145 4146
f 4066 4147 4067
f 4066 4146 4147
f 4067 4148 4068
f 4067 4147 4148
f 4068 4149 4069
f 4068 4148 4149
f 4069 4150 4070
f 4069 4149 4150
f 4070 4151 4071
f 4070 4150 4151
f 4071 4152 4072
f 4071 4151 4152
f 4072 4153 4073
f 4072 4152 4153
f 4073 4154 4074
f 4073 4153 4154
f 4074 4155 4075
f 4074 4154 4155
f 4075 4156 4076
f 4075 4155 4156
f 4076 4157 4077
f 4076 4156 4157
f 4077 4158 4078
f 4077 4157 4158
f 4078 4159 4079
f 4078 4158 4159
f 4079 4160 4080
f 4079 4159 4160
f 4081 4162 4082
f 4081 4161 4162
f 4082 4163 4083
f 4082 4162 4163
f 4083 4164 4084
f 4083 4163 4164
f 4084 4165 4085
f 4084 4164 4165
f 4085 4166 4086
f 4085 4165 4166
f 4086 4167 4087
f 4086 4166 4167
f 4087 4168 4088
f 4087 4167 4168
f 4088 4169 4089
f 4088 4168 4169
f 4089 4170 4090
f 4089 4169 4170
f 4090 4171 4091
f 4090 4170 4171
f 4091 4172 4092
f 4091 4171 4172
f 4092 4173 4093
f 4092 4172 4173
f 4093 4174 4094
f 4093 4173 4174
f 4094 4175 4095
f 4094 4174 4175
f 4095 4176 4096
f 4095 4175 4176
f 4096 4177 4097
f 4096 4176 4177
f 4097 4178 4098
f 4097 4177 4178
f 4098 4179 4099
f 4098 4178 4179
f 4099 4180 4100
f 4099 4179 4180
f 4100 4181 4101
f 4100 4180 4181
f 4101 4182 4102
f 4101 4181 4182
f 4102 4183 4103
f 4102 4182 4183
f 4103 4184 4104
f 4103 4183 4184
f 4104 4185 4105
f 4104 4184 4185
f 4105 4186 4106
f 4105 4185 4186
f 4106 4187 4107
f 4106 4186 4187
f 4107 4188 4108
f 4107 4187 4188
f 4108 4189 4109
f 4108 4188 4189
f 4109 4190 4110
f 4109 4189 4190
f 4110 4191 4111
f 4110 4190 4191
f 4111 4192 4112
f 4111 4191 4192
f 4112 4193 4113
f 4112 4192 4193
f 4113 4194 4114
f 4113 4193 4194
f 4114 4195 4115
f 4114 4194 4195
f 4115 4196 4116
f 4115 4195 4196
f 4116 4197 4117
f 4116 4196 4197
f 4117 4198 4118
f 4117 4197 4198
f 4118 4199 4119
f 4118 4198 4199
f 4119 4200 4120
f 4119 4199 4200
f 4120 4201 4121
f 4120 4200 4201
f 4121 4202 4122
f 4121 4201 4202
f 4122 4203 4123
f 4122 4202 4203
f 4123 4204 4124
f 4123 4203 4204
f 4124 4205 4125
f 4124 4204 4205
f 4125 4206 4126
f 4125 4205 4206
f 4126 4207 4127
f 4126 4206 4207
f 4127 4208 4128
f 4127 4207 4208
f 4128 4209 4129
f 4128 4208 4209
f 4129 4210 4130
f 4129 4209 4210
f 4130 4211 4131
f 4130 4210 4211
f 4131 4212 4132
f 4131 4211 4212
f 4132 4213 4133
f 4132 4212 4213
f 4133 4214 4134
f 4133 4213 4214
f 4134 4215 4135
f 4134 4214 4215
f 4135 4216 4136
f 4135 4215 4216
f 4136 4217 4137
f 4136 4216 4217
f 4137 4218 4138
f 4137 4217 4218
f 4138 4219 4139
f 4138 4218 4219
f 4139 4220 4140
f 4139 4219 4220
f 4140 4221 4141
f 4140 4220 4221
f 4141 4222 4142
f 4141 4221 4222
f 4142 4223 4143
f 4142 4222 4223
f 4143 4224 4144
f 4143 4223 4224
f 4144 4225 4145
f 4144 4224 4225
f 4145 4226 4146
f 4145 4225 4226
f 4146 4227 4147
f 4146 4226 4227
f 4147 4228 4148
f 4147 4227 4228
f 4148 4229 4149
f 4148 4228 4229
f 4149 4230 4150
f 4149 4229 4230
f 4150 4231 4151
f 4150 4230 4231
f 4151 4232 4152
f 4151 4231 4232
f 4152 4233 4153
f 4152 4232 4233
f 4153 4234 4154
f 4153 4233 4234
f 4154 4235 4155
f 4154 4234 4235
f 4155 4236 4156
f 4155 4235 4236
f 4156 4237 4157
f 4156 4236 4237
f 4157 4238 4158
f 4157 4237 4238
f 4158 4239 4159
f 4158 4238 4239
f 4159 4240 4160
f 4159 4239 4240
f 4161 4242 4162
f 4161 4241 4242
f 4162 4243 4163
f 4162 4242 4243
f 4163 4244 4164
f 4163 4243 4244
f 4164 4245 4165
f 4164 4244 4245
f 4165 4246 4166
f 4165 4245 4246
f 4166 4247 4167
f 4166 4246 4247
f 4167 4248 4168
f 4167 4247 4248
f 4168 4249 4169
f 4168 4248 4249
f 4169 4250 4170
f 4169 4249 4250
f 4170 4251 4171
f 4170 4250 4251
f 4171 4252 4172
f 4171 4251 4252
f 4172 4253 4173
f 4172 4252 4253
f 4173 4254 4174
f 4173 4253 4254
f 4174 4255 4175
f 4174 4254 4255
f 4175 4256 4176
f 4175 4255 4256
f 4176 4257 4177
f 4176 4256 4257
f 4177 4258 4178
f 4177 4257 4258
f 4178 4259 4179
f 4178 4258 4259
f 4179 4260 4180
f 4179 4259 4260
f 4180 4261 4181
f 4180 4260 4261
f 4181 4262 4182
f 4181 4261 4262
f 4182 4263 4183
f 4182 4262 4263
f 4183 4264 4184
f 4183 4263 4264
f 4184 4265 4185
f 4184 4264 4265
f 4185 4266 4186
f 4185 4265 4266
f 4186 4267 4187
f 4186 4266 4267
f 4187 4268 4188
f 4187 4267 4268
f 4188 4269 4189
f 4188 4268 4269
f 4189 4270 4190
f 4189 4269 4270
f 4190 4271 4191
f 4190 4270 4271
f 4191 4272 4192
f 4191 4271 4272
f 4192 4273 4193
f 4192 4272 4273
f 4193 4274 4194
f 4193 4273 4274
f 4194 4275 4195
f 4194 4274 4275
f 4195 4276 4196
f 4195 4275 4276
f 4196 4277 4197
f 4196 4276 4277
f 4197 4278 4198
f 4197 4277 4278
f 4198 4279 4199
f 4198 4278 4279
f 4199 4280 4200
f 4199 4279 4280
f 4200 4281 4201
f 4200 4280 4281
f 4201 4282 4202
f 4201 4281 4282
f 4202 4283 4203
f 4202 4282 4283
f 4203 4284 4204
f 4203 4283 4284
f 4204 4285 4205
f 4204 4284 4285
f 4205 4286 4206
f 4205 4285 4286
f 4206 4287 4207
f 4206 4286 4287
f 4207 4288 4208
f 4207 4287 4288
f 4208 4289 4209
f 4208 4288 4289
f 4209 4290 4210
f 4209 4289 4290
f 4210 4291 4211
f 4210 4290 4291
f 4211 4292 4212
f 4211 4291 4292
f 4212 4293 4213
f 4212 4292 4293
f 4213 4294 4214
f 4213 4293 4294
f 4214 4295 4215
f 4214 4294 4295
f 4215 4296 4216
f 4215 4295 4296
f 4216 4297 4217
f 4216 4296 4297
f 4217 4298 4218
f 4217 4297 4298
f 4218 4299 4219
f 4218 4298 4299
f 4219 4300 4220
f 4219 4299 4300
f 4220 4301 4221
f 4220 4300 4301
f 4221 4302 4222
f 4221 4301 4302
f 4222 4303 4223
f 4222 4302 4303
f 4223 4304 4224
f 4223 4303 4304
f 4224 4305 4225
f 4224 4304 4305
f 4225 4306 4226
f 4225 4305 4306
f 4226 4307 4227
f 4226 4306 4307
f 4227 4308 4228
f 4227 4307 4308
f 4228 4309 4229
f 4228 4308 4309
f 4229 4310 4230
f 4229 4309 4310
f 4230 4311 4231
f 4230 4310 4311
f 4231 4312 4232
f 4231 4311 4312
f 4232 4313 4233
f 4232 4312 4313
f 4233 4314 4234
f 4233 4313 4314
f 4234 4315 4235
f 4234 4314 4315
f 4235 4316 4236
f 4235 4315 4316
f 4236 4317 4237
f 4236 4316 4317
f 4237 4318 4238
f 4237 4317 4318
f 4238 4319 4239
f 4238 4318 4319
f 4239 4320 4240
f 4239 4319 4320
f 4241 4322 4242
f 4241 4321 4322
f 4242 4323 4243
f 4242 4322 4323
f 4243 4324 4244
f 4243 4323 4324
f 4244 4325 4245
f 4244 4324 4325
f 4245 4326 4246
f 4245 4325 4326
f 4246 4327 4247
f 4246 4326 4327
f 4247 4328 4248
f 4247 4327 4328
f 4248 4329 4249
f 4248 4328 4329
f 4249 4330 4250
f 4249 4329 4330
f 4250 4331 4251
f 4250 4330 4331
f 4251 4332 4252
f 4251 4331 4332
f 4252 4333 4253
f 4252 4332 4333
f 4253 4334 4254
f 4253 4333 4334
f 4254 4335 4255
f 4254 4334 4335
f 4255 4336 4256
f 4255 4335 4336
f 4256 4337 4257
f 4256 4336 4337
f 4257 4338 4258
f 4257 4337 4338
f 4258 4339 4259
f 4258 4338 4339
f 4259 4340 4260
f 4259 4339 4340
f 4260 4341 4261
f 4260 4340 4341
f 4261 4342 4262
f 4261 4341 4342
f 4262 4343 4263
f 4262 4342 4343
f 4263 4344 4264
f 4263 4343 4344
f 4264 4345 4265
f 4264 4344 4345
f 4265 4346 4266
f 4265 4345 4346
f 4266 4347 4267
f 4266 4346 4347
f 4267 4348 4268
f 4267 4347 4348
f 4268 4349 4269
f 4268 4348 4349
f 4269 4350 4270
f 4269 4349 4350
f 4270 4351 4271
f 4270 4350 4351
f 4271 4352 4272
f 4271 4351 4352
f 4272 4353 4273
f 4272 4352 4353
f 4273 4354 4274
f 4273 4353 4354
f 4274 4355 4275
f 4274 4354 4355
f 4275 4356 4276
f 4275 4355 4356
f 4276 4357 4277
f 4276 4356 4357
f 4277 4358 4278
f 4277 4357 4358
f 4278 4359 4279
f 4278 4358 4359
f 4279 4360 4280
f 4279 4359 4360
f 4280 4361 4281
f 4280 4360 4361
f 4281 4362 4282
f 4281 4361 4362
f 4282 4363 4283
f 4282 4362 4363
f 4283 4364 4284
f 4283 4363 4364
f 4284 4365 4285
f 4284 4364 4365
f 4285 4366 4286
f 4285 4365 4366
f 4286 4367 4287
f 4286 4366 4367
f 4287 4368 4288
f 4287 4367 4368
f 4288 4369 4289
f 4288 4368 4369
f 4289 4370 4290
f 4289 4369 4370
f 4290 4371 4291
f 4290 4370 4371
f 4291 4372 4292
f 4291 4371 4372
f 4292 4373 4293
f 4292 4372 4373
f 4293 4374 4294
f 4293 4373 4374
f 4294 4375 4295
f 4294 4374 4375
f 4295 4376 4296
f 4295 4375 4376
f 4296 4377 4297
f 4296 4376 4377
f 4297 4378 4298
f 4297 4377 4378
f 4298 4379 4299
f 4298 4378 4379
f 4299 4380 4300
f 4299 4379 4380
f 4300 4381 4301
f 4300 4380 4381
f 4301 4382 4302
f 4301 4381 4382
f 4302 4383 4303
f 4302 4382 4383
f 4303 4384 4304
f 4303 4383 4384
f 4304 4385 4305
f 4304 4384 4385
f 4305 4386 4306
f 4305 4385 4386
f 4306 4387 4307
f 4306 4386 4387
f 4307 4388 4308
f 4307 4387 4388
f 4308 4389 4309
f 4308 4388 4389
f 4309 4390 4310
f 4309 4389 4390
f 4310 4391 4311
f 4310 4390 4391
f 4311 4392 4312
f 4311 4391 4392
f 4312 4393 4313
f 4312 4392 4393
f 4313 4394 4314
f 4313 4393 4394
f 4314 4395 4315
f 4314 4394 4395
f 4315 4396 4316
f 4315 4395 4396
f 4316 4397 4317
f 4316 4396 4397
f 4317 4398 4318
f 4317 4397 4398
f 4318 4399 4319
f 4318 4398 4399
f 4319 4400 4320
f 4319 4399 4400
f 4321 4402 4322
f 4321 4401 4402
f 4322 4403 4323
f 4322 4402 4403
f 4323 4404 4324
f 4323 4403 4404
f 4324 4405 4325
f 4324 4404 4405
f 4325 4406 4326
f 4325 4405 4406
f 4326 4407 4327
f 4326 4406 4407
f 4327 4408 4328
f 4327 4407 4408
f 4328 4409 4329
f 4328 4408 4409
f 4329 4410 4330
f 4329 4409 4410
f 4330 4411 4331
f 4330 4410 4411
f 4331 4412 4332
f 4331 4411 4412
f 4332 4413 4333
f 4332 4412 4413
f 4333 4414 4334
f 4333 4413 4414
f 4334 4415 4335
f 4334 4414 4415
f 4335 4416 4336
f 4335 4415 4416
f 4336 4417 4337
f 4336 4416 4417
f 4337 4418 4338
f 4337 4417 4418
f 4338 4419 4339
f 4338 4418 4419
f 4339 4420 4340
f 4339 4419 4420
f 4340 4421 4341
f 4340 4420 4421
f 4341 4422 4342
f 4341 4421 4422
f 4342 4423 4343
f 4342 4422 4423
f 4343 4424 4344
f 4343 4423 4424
f 4344 4425 4345
f 4344 4424 4425
f 4345 4426 4346
f 4345 4425 4426
f 4346 4427 4347
f 4346 4426 4427
f 4347 4428 4348
f 4347 4427 4428
f 4348 4429 4349
f 4348 4428 4429
f 4349 4430 4350
f 4349 4429 4430
f 4350 4431 4351
f 4350 4430 4431
f 4351 4432 4352
f 4351 4431 4432
f 4352 4433 4353
f 4352 4432 4433
f 4353 4434 4354
f 4353 4433 4434
f 4354 4435 4355
f 4354 4434 4435
f 4355 4436 4356
f 4355 4435 4436
f 4356 4437 4357
f 4356 4436 4437
f 4357 4438 4358
f 4357 4437 4438
f 4358 4439 4359
f 4358 4438 4439
f 4359 4440 4360
f 4359 4439 4440
f 4360 4441 4361
f 4360 4440 4441
f 4361 4442 4362
f 4361 4441 4442
f 4362 4443 4363
f 4362 4442 4443
f 4363 4444 4364
f 4363 4443 4444
f 4364 4445 4365
f 4364 4444 4445
f 4365 4446 4366
f 4365 4445 4446
f 4366 4447 4367
f 4366 4446 4447
f 4367 4448 4368
f 4367 4447 4448
f 4368 4449 4369
f 4368 4448 4449
f 4369 4450 4370
f 4369 4449 4450
f 4370 4451 4371
f 4370 4450 4451
f 4371 4452 4372
f 4371 4451 4452
f 4372 4453 4373
f 4372 4452 4453
f 4373 4454 4374
f 4373 4453 4454
f 4374 4455 4375
f 4374 4454 4455
f 4375 4456 4376
f 4375 4455 4456
f 4376 4457 4377
f 4376 4456 4457
f 4377 4458 4378
f 4377 4457 4458
f 4378 4459 4379
f 4378 4458 4459
f 4379 4460 4380
f 4379 4459 4460
f 4380 4461 4381
f 4380 4460 4461
f 4381 4462 4382
f 4381 4461 4462
f 4382 4463 4383
f 4382 4462 4463
f 4383 4464 4384
f 4383 4463 4464
f 4384 4465 4385
f 4384 4464 4465
f 4385 4466 4386
f 4385 4465 4466
f 4386 4467 4387
f 4386 4466 4467
f 4387 4468 4388
f 4387 4467 4468
f 4388 4469 4389
f 4388 4468 4469
f 4389 4470 4390
f 4389 4469 4470
f 4390 4471 4391
f 4390 4470 4471
f 4391 4472 4392
f 4391 4471 4472
f 4392 4473 4393
f 4392 4472 4473
f 4393 4474 4394
f 4393 4473 4474
f 4394 4475 4395
f 4394 4474 4475
f 4395 4476 4396
f 4395 4475 4476
f 4396 4477 4397
f 4396 4476 4477
f 4397 4478 4398
f 4397 4477 4478
f 4398 4479 4399
f 4398 4478 4479
f 4399 4480 4400
f 4399 4479 4480
f 4401 4482 4402
f 4401 4481 4482
f 4402 4483 4403
f 4402 4482 4483
f 4403 4484 4404
f 4403 4483 4484
f 4404 4485 4405
f 4404 4484 4485
f 4405 4486 4406
f 4405 4485 4486
f 4406 4487 4407
f 4406 4486 4487
f 4407 4488 4408
f 4407 4487 4488
f 4408 4489 4409
f 4408 4488 4489
f 4409 4490 4410
f 4409 4489 4490
f 4410 4491 4411
f 4410 4490 4491
f 4411 4492 4412
f 4411 4491 4492
f 4412 4493 4413
f 4412 4492 4493
f 4413 4494 4414
f 4413 4493 4494
f 4414 4495 4415
f 4414 4494 4495
f 4415 4496 4416
f 4415 4495 4496
f 4416 4497 4417
f 4416 4496 4497
f 4417 4498 4418
f 4417 4497 4498
f 4418 4499 4419
f 4418 4498 4499
f 4419 4500 4420
f 4419 4499 4500
f 4420 4501 4421
f 4420 4500 4501
f 4421 4502 4422
f 4421 4501 4502
f 4422 4503 4423
f 4422 4502 4503
f 4423 4504 4424
f 4423 4503 4504
f 4424 4505 4425
f 4424 4504 4505
f 4425 4506 4426
f 4425 4505 4506
f 4426 4507 4427
f 4426 4506 4507
f 4427 4508 4428
f 4427 4507 4508
f 4428 4509 4429
f 4428 4508 4509
f 4429 4510 4430
f 4429 4509 4510
f 4430 4511 4431
f 4430 4510 4511
f 4431 4512 4432
f 4431 4511 4512
f 4432 4513 4433
f 4432 4512 4513
f 4433 4514 4434
f 4433 4513 4514
f 4434 4515 4435
f 4434 4514 4515
f 4435 4516 4436
f 4435 4515 4516
f 4436 4517 4437
f 4436 4516 4517
f 4437 4518 4438
f 4437 4517 4518
f 4438 4519 4439
f 4438 4518 4519
f 4439 4520 4440
f 4439 4519 4520
f 4440 4521 4441
f 4440 4520 4521
f 4441 4522 4442
f 4441 4521 4522
f 4442 4523 4443
f 4442 4522 4523
f 4443 4524 4444
f 4443 4523 4524
f 4444 4525 4445
f 4444 4524 4525
f 4445 4526 4446
f 4445 4525 4526
f 4446 4527 4447
f 4446 4526 4527
f 4447 4528 4448
f 4447 4527 4528
f 4448 4529 4449
f 4448 4528 4529
f 4449 4530 4450
f 4449 4529 4530
f 4450 4531 4451
f 4450 4530 4531
f 4451 4532 4452
f 4451 4531 4532
f 4452 4533 4453
f 4452 4532 4533
f 4453 4534 4454
f 4453 4533 4534
f 4454 4535 4455
f 4454 4534 4535
f 4455 4536 4456
f 4455 4535 4536
f 4456 4537 4457
f 4456 4536 4537
f 4457 4538 4458
f 4457 4537 4538
f 4458 4539 4459
f 4458 4538 4539
f 4459 4540 4460
f 4459 4539 4540
f 4460 4541 4461
f 4460 4540 4541
f 4461 4542 4462
f 4461 4541 4542
f 4462 4543 4463
f 4462 4542 4543
f 4463 4544 4464
f 4463 4543 4544
f 4464 4545 4465
f 4464 4544 4545
f 4465 4546 4466
f 4465 4545 4546
f 4466 4547 4467
f 4466 4546 4547
f 4467 4548 4468
f 4467 4547 4548
f 4468 4549 4469
f 4468 4548 4549
f 4469 4550 4470
f 4469 4549 4550
f 4470 4551 4471
f 4470 4550 4551
f 4471 4552 4472
f 4471 4551 4552
f 4472 4553 4473
f 4472 4552 4553
f 4473 4554 4474
f 4473 4553 4554
f 4474 4555 4475
f 4474 4554 4555
f 4475 4556 4476
f 4475 4555 4556
f 4476 4557 4477
f 4476 4556 4557
f 4477 4558 4478
f 4477 4557 4558
f 4478 4559 4479
f 4478 4558 4559
f 4479 4560 4480
f 4479 4559 4560
f 4481 4562 4482
f 4481 4561 4562
f 4482 4563 4483
f 4482 4562 4563
f 4483 4564 4484
f 4483 4563 4564
f 4484 4565 4485
f 4484 4564 4565
f 4485 4566 4486
f 4485 4565 4566
f 4486 4567 4487
f 4486 4566 4567
f 4487 4568 4488
f 4487 4567 4568
f 4488 4569 4489
f 4488 4568 4569
f 4489 4570 4490
f 4489 4569 4570
f 4490 4571 4491
f 4490 4570 4571
f 4491 4572 4492
f 4491 4571 4572
f 4492 4573 4493
f 4492 4572 4573
f 4493 4574 4494
f 4493 4573 4574
f 4494 4575 4495
f 4494 4574 4575
f 4495 4576 4496
f 4495 4575 4576
f 4496 4577 4497
f 4496 4576 4577
f 4497 4578 4498
f 4497 4577 4578
f 4498 4579 4499
f 4498 4578 4579
f 4499 4580 4500
f 4499 4579 4580
f 4500 4581 4501
f 4500 4580 4581
f 4501 4582 4502
f 4501 4581 4582
f 4502 4583 4503
f 4502 4582 4583
f 4503 4584 4504
f 4503 4583 4584
f 4504 4585 4505
f 4504 4584 4585
f 4505 4586 4506
f 4505 4585 4586
f 4506 4587 4507
f 4506 4586 4587
f 4507 4588 4508
f 4507 4587 4588
f 4508 4589 4509
f 4508 4588 4589
f 4509 4590 4510
f 4509 4589 4590
f 4510 4591 4511
f 4510 4590 4591
f 4511 4592 4512
f 4511 4591 4592
f 4512 4593 4513
f 4512 4592 4593
f 4513 4594 4514
f 4513 4593 4594
f 4514 4595 4515
f 4514 4594 4595
f 4515 4596 4516
f 4515 4595 4596
f 4516 4597 4517
f 4516 4596 4597
f 4517 4598 4518
f 4517 4597 4598
f 4518 4599 4519
f 4518 4598 4599
f 4519 4600 4520
f 4519 4599 4600
f 4520 4601 4521
f 4520 4600 4601
f 4521 4602 4522
f 4521 4601 4602
f 4522 4603 4523
f 4522 4602 4603
f 4523 4604 4524
f 4523 4603 4604
f 4524 4605 4525
f 4524 4604 4605
f 4525 4606 4526
f 4525 4605 4606
f 4526 4607 4527
f 4526 4606 4607
f 4527 4608 4528
f 4527 4607 4608
f 4528 4609 4529
f 4528 4608 4609
f 4529 4610 4530
f 4529 4609 4610
f 4530 4611 4531
f 4530 4610 4611
f 4531 4612 4532
f 4531 4611 4612
f 4532 4613 4533
f 4532 4612 4613
f 4533 4614 4534
f 4533 4613 4614
f 4534 4615 4535
f 4534 4614 4615
f 4535 4616 4536
f 4535 4615 4616
f 4536 4617 4537
f 4536 4616 4617
f 4537 4618 4538
f 4537 4617 4618
f 4538 4619 4539
f 4538 4618 4619
f 4539 4620 4540
f 4539 4619 4620
f 4540 4621 4541
f 4540 4620 4621
f 4541 4622 4542
f 4541 4621 4622
f 4542 4623 4543
f 4542 4622 4623
f 4543 4624 4544
f 4543 4623 4624
f 4544 4625 4545
f 4544 4624 4625
f 4545 4626 4546
f 4545 4625 4626
f 4546 4627 4547
f 4546 4626 4627
f 4547 4628 4548
f 4547 4627 4628
f 4548 4629 4549
f 4548 4628 4629
f 4549 4630 4550
f 4549 4629 4630
f 4550 4631 4551
f 4550 4630 4631
f 4551 4632 4552
f 4551 4631 4632
f 4552 4633 4553
f 4552 4632 4633
f 4553 4634 4554
f 4553 4633 4634
f 4554 4635 4555
f 4554 4634 4635
f 4555 4636 4556
f 4555 4635 4636
f 4556 4637 4557
f 4556 4636 4637
f 4557 4638 4558
f 4557 4637 4638
f 4558 4639 4559
f 4558 4638 4639
f 4559 4640 4560
f 4559 4639 4640
f 4561 4642 4562
f 4561 4641 4642
f 4562 4643 4563
f 4562 4642 4643
f 4563 4644 4564
f 4563 4643 4644
f 4564 4645 4565
f 4564 4644 4645
f 4565 4646 4566
f 4565 4645 4646
f 4566 4647 4567
f 4566 4646 4647
f 4567 4648 4568
f 4567 4647 4648
f 4568 4649 4569
f 4568 4648 4649
f 4569 4650 4570
f 4569 4649 4650
f 4570 4651 4571
f 4570 4650 4651
f 4571 4652 4572
f 4571 4651 4652
f 4572 4653 4573
f 4572 4652 4653
f 4573 4654 4574
f 4573 4653 4654
f 4574 4655 4575
f 4574 4654 4655
f 4575 4656 4576
f 4575 4655 4656
f 4576 4657 4577
f 4576 4656 4657
f 4577 4658 4578
f 4577 4657 4658
f 4578 4659 4579
f 4578 4658 4659
f 4579 4660 4580
f 4579 4659 4660
f 4580 4661 4581
f 4580 4660 4661
f 4581 4662 4582
f 4581 4661 4662
f 4582 4663 4583
f 4582 4662 4663
f 4583 4664 4584
f 4583 4663 4664
f 4584 4665 4585
f 4584 4664 4665
f 4585 4666 4586
f 4585 4665 4666
f 4586 4667 4587
f 4586 4666 4667
f 4587 4668 4588
f 4587 4667 4668
f 4588 4669 4589
f 4588 4668 4669
f 4589 4670 4590
f 4589 4669 4670
f 4590 4671 4591
f 4590 4670 4671
f 4591 4672 4592
f 4591 4671 4672
f 4592 4673 4593
f 4592 4672 4673
f 4593 4674 4594
f 4593 4673 4674
f 4594 4675 4595
f 4594 4674 4675
f 4595 4676 4596
f 4595 4675 4676
f 4596 4677 4597
f 4596 4676 4677
f 4597 4678 4598
f 4597 4677 4678
f 4598 4679 4599
f 4598 4678 4679
f 4599 4680 4600
f 4599 4679 4680
f 4600 4681 4601
f 4600 4680 4681
f 4601 4682 4602
f 4601 4681 4682
f 4602 4683 4603
f 4602 4682 4683
f 4603 4684 4604
f 4603 4683 4684
f 4604 4685 4605
f 4604 4684 4685
f 4605 4686 4606
f 4605 4685 4686
f 4606 4687 4607
f 4606 4686 4687
f 4607 4688 4608
f 4607 4687 4688
f 4608 4689 4609
f 4608 4688 4689
f 4609 4690 4610
f 4609 4689 4690
f 4610 4691 4611
f 4610 4690 4691
f 4611 4692 4612
f 4611 4691 4692
f 4612 4693 4613
f 4612 4692 4693
f 4613 4694 4614
f 4613 4693 4694
f 4614 4695 4615
f 4614 4694 4695
f 4615 4696 4616
f 4615 4695 4696
f 4616 4697 4617
f 4616 4696 4697
f 4617 4698 4618
f 4617 4697 4698
f 4618 4699 4619
f 4618 4698 4699
f 4619 4700 4620
f 4619 4699 4700
f 4620 4701 4621
f 4620 4700 4701
f 4621 4702 4622
f 4621 4701 4702
f 4622 4703 4623
f 4622 4702 4703
f 4623 4704 4624
f 4623 4703 4704
f 4624 4705 4625
f 4624 4704 4705
f 4625 4706 4626
f 4625 4705 4706
f 4626 4707 4627
f 4626 4706 4707
f 4627 4708 4628
f 4627 4707 4708
f 4628 4709 4629
f 4628 4708 4709
f 4629 4710 4630
f 4629 4709 4710
f 4630 4711 4631
f 4630 4710 4711
f 4631 4712 4632
f 4631 4711 4712
f 4632 4713 4633
f 4632 4712 4713
f 4633 4714 4634
f 4633 4713 4714
f 4634 4715 4635
f 4634 4714 4715
f 4635 4716 4636
f 4635 4715 4716
f 4636 4717 4637
f 4636 4716 4717
f 4637 4718 4638
f 4637 4717 4718
f 4638 4719 4639
f 4638 4718 4719
f 4639 4720 4640
f 4639 4719 4720
f 4641 4722 4642
f 4641 4721 4722
f 4642 4723 4643
f 4642 4722 4723
f 4643 4724 4644
f 4643 4723 4724
f 4644 4725 4645
f 4644 4724 4725
f 4645 4726 4646
f 4645 4725 4726
f 4646 4727 4647
f 4646 4726 4727
f 4647 4728 4648
f 4647 4727 4728
f 4648 4729 4649
f 4648 4728 4729
f 4649 4730 4650
f 4649 4729 4730
f 4650 4731 4651
f 4650 4730 4731
f 4651 4732 4652
f 4651 4731 4732
f 4652 4733 4653
f 4652 4732 4733
f 4653 4734 4654
f 4653 4733 4734
f 4654 4735 4655
f 4654 4734 4735
f 4655 4736 4656
f 4655 4735 4736
f 4656 4737 4657
f 4656 4736 4737
f 4657 4738 4658
f 4657 4737 4738
f 4658 4739 4659
f 4658 4738 4739
f 4659 4740 4660
f 4659 4739 4740
f 4660 4741 4661
f 4660 4740 4741
f 4661 4742 4662
f 4661 4741 4742
f 4662 4743 4663
f 4662 4742 4743
f 4663 4744 4664
f 4663 4743 4744
f 4664 4745 4665
f 4664 4744 4745
f 4665 4746 4666
f 4665 4745 4746
f 4666 4747 4667
f 4666 4746 4747
f 4667 4748 4668
f 4667 4747 4748
f 4668 4749 4669
f 4668 4748 4749
f 4669 4750 4670
f 4669 4749 4750
f 4670 4751 4671
f 4670 4750 4751
f 4671 4752 4672
f 4671 4751 4752
f 4672 4753 4673
f 4672 4752 4753
f 4673 4754 4674
f 4673 4753 4754
f 4674 4755 4675
f 4674 4754 4755
f 4675 4756 4676
f 4675 4755 4756
f 4676 4757 4677
f 4676 4756 4757
f 4677 4758 4678
f 4677 4757 4758
f 4678 4759 4679
f 4678 4758 4759
f 4679 4760 4680
f 4679 4759 4760
f 4680 4761 4681
f 4680 4760 4761
f 4681 4762 4682
f 4681 4761 4762
f 4682 4763 4683
f 4682 4762 4763
f 4683 4764 4684
f 4683 4763 4764
f 4684 4765 4685
f 4684 4764 4765
f 4685 4766 4686
f 4685 4765 4766
f 4686 4767 4687
f 4686 4766 4767
f 4687 4768 4688
f 4687 4767 4768
f 4688 4769 4689
f 4688 4768 4769
f 4689 4770 4690
f 4689 4769 4770
f 4690 4771 4691
f 4690 4770 4771
f 4691 4772 4692
f 4691 4771 4772
f 4692 4773 4693
f 4692 4772 4773
f 4693 4774 4694
f 4693 4773 4774
f 4694 4775 4695
f 4694 4774 4775
f 4695 4776 4696
f 4695 4775 4776
f 4696 4777 4697
f 4696 4776 4777
f 4697 4778 4698
f 4697 4777 4778
f 4698 4779 4699
f 4698 4778 4779
f 4699 4780 4700
f 4699 4779 4780
f 4700 4781 4701
f 4700 4780 4781
f 4701 4782 4702
f 4701 4781 4782
f 4702 4783 4703
f 4702 4782 4783
f 4703 4784 4704
f 4703 4783 4784
f 4704 4785 4705
f 4704 4784 4785
f 4705 4786 4706
f 4705 4785 4786
f 4706 4787 4707
f 4706 4786 4787
f 4707 4788 4708
f 4707 4787 4788
f 4708 4789 4709
f 4708 4788 4789
f 4709 4790 4710
f 4709 4789 4790
f 4710 4791 4711
f 4710 4790 4791
f 4711 4792 4712
f 4711 4791 4792
f 4712 4793 4713
f 4712 4792 4793
f 4713 4794 4714
f 4713 4793 4794
f 4714 4795 4715
f 4714 4794 4795
f 4715 4796 4716
f 4715 4795 4796
f 4716 4797 4717
f 4716 4796 4797
f 4717 4798 4718
f 4717 4797 4798
f 4718 4799 4719
f 4718 4798 4799
f 4719 4800 4720
f 4719 4799 4800
f 4721 4802 4722
f 4721 4801 4802
f 4722 4803 4723
f 4722 4802 4803
f 4723 4804 4724
f 4723 4803 4804
f 4724 4805 4725
f 4724 4804 4805
f 4725 4806 4726
f 4725 4805 4806
f 4726 4807 4727
f 4726 4806 4807
f 4727 4808 4728
f 4727 4807 4808
f 4728 4809 4729
f 4728 4808 4809
f 4729 4810 4730
f 4729 4809 4810
f 4730 4811 4731
f 4730 4810 4811
f 4731 4812 4732
f 4731 4811 4812
f 4732 4813 4733
f 4732 4812 4813
f 4733 4814 4734
f 4733 4813 4814
f 4734 4815 4735
f 4734 4814 4815
f 4735 4816 4736
f 4735 4815 4816
f 4736 4817 4737
f 4736 4816 4817
f 4737 4818 4738
f 4737 4817 4818
f 4738 4819 4739
f 4738 4818 4819
f 4739 4820 4740
f 4739 4819 4820
f 4740 4821 4741
f 4740 4820 4821
f 4741 4822 4742
f 4741 4821 4822
f 4742 4823 4743
f 4742 4822 4823
f 4743 4824 4744
f 4743 4823 4824
f 4744 4825 4745
f 4744 4824 4825
f 4745 4826 4746
f 4745 4825 4826
f 4746 4827 4747
f 4746 4826 4827
f 4747 4828 4748
f 4747 4827 4828
f 4748 4829 4749
f 4748 4828 4829
f 4749 4830 4750
f 4749 4829 4830
f 4750 4831 4751
f 4750 4830 4831
f 4751 4832 4752
f 4751 4831 4832
f 4752 4833 4753
f 4752 4832 4833
f 4753 4834 4754
f 4753 4833 4834
f 4754 4835 4755
f 4754 4834 4835
f 4755 4836 4756
f 4755 4835 4836
f 4756 4837 4757
f 4756 4836 4837
f 4757 4838 4758
f 4757 4837 4838
f 4758 4839 4759
f 4758 4838 4839
f 4759 4840 4760
f 4759 4839 4840
f 4760 4841 4761
f 4760 4840 4841
f 4761 4842 4762
f 4761 4841 4842
f 4762 4843 4763
f 4762 4842 4843
f 4763 4844 4764
f 4763 4843 4844
f 4764 4845 4765
f 4764 4844 4845
f 4765 4846 4766
f 4765 4845 4846
f 4766 4847 4767
f 4766 4846 4847
f 4767 4848 4768
f 4767 4847 4848
f 4768 4849 4769
f 4768 4848 4849
f 4769 4850 4770
f 4769 4849 4850
f 4770 4851 4771
f 4770 4850 4851
f 4771 4852 4772
f 4771 4851 4852
f 4772 4853 4773
f 4772 4852 4853
f 4773 4854 4774
f 4773 4853 4854
f 4774 4855 4775
f 4774 4854 4855
f 4775 4856 4776
f 4775 4855 4856
f 4776 4857 4777
f 4776 4856 4857
f 4777 4858 4778
f 4777 4857 4858
f 4778 4859 4779
f 4778 4858 4859
f 4779 4860 4780
f 4779 4859 4860
f 4780 4861 4781
f 4780 4860 4861
f 4781 4862 4782
f 4781 4861 4862
f 4782 4863 4783
f 4782 4862 4863
f 4783 4864 4784
f 4783 4863 4864
f 4784 4865 4785
f 4784 4864 4865
f 4785 4866 4786
f 4785 4865 4866
f 4786 4867 4787
f 4786 4866 4867
f 4787 4868 4788
f 4787 4867 4868
f 4788 4869 4789
f 4788 4868 4869
f 4789 4870 4790
f 4789 4869 4870
f 4790 4871 4791
f 4790 4870 4871
f 4791 4872 4792
f 4791 4871 4872
f 4792 4873 4793
f 4792 4872 4873
f 4793 4874 4794
f 4793 4873 4874
f 4794 4875 4795
f 4794 4874 4875
f 4795 4876 4796
f 4795 4875 4876
f 4796 4877 4797
f 4796 4876 4877
f 4797 4878 4798
f 4797 4877 4878
f 4798 4879 4799
f 4798 4878 4879
f 4799 4880 4800
f 4799 4879 4880
f 4801 4882 4802
f 4801 4881 4882
f 4802 4883 4803
f 4802 4882 4883
f 4803 4884 4804
f 4803 4883 4884
f 4804 4885 4805
f 4804 4884 4885
f 4805 4886 4806
f 4805 4885 4886
f 4806 4887 4807
f 4806 4886 4887
f 4807 4888 4808
f 4807 4887 4888
f 4808 4889 4809
f 4808 4888 4889
f 4809 4890 4810
f 4809 4889 4890
f 4810 4891 4811
f 4810 4890 4891
f 4811 4892 4812
f 4811 4891 4892
f 4812 4893 4813
f 4812 4892 4893
f 4813 4894 4814
f 4813 4893 4894
f 4814 4895 4815
f 4814 4894 4895
f 4815 4896 4816
f 4815 4895 4896
f 4816 4897 4817
f 4816 4896 4897
f 4817 4898 4818
f 4817 4897 4898
f 4818 4899 4819
f 4818 4898 4899
f 4819 4900 4820
f 4819 4899 4900
f 4820 4901 4821
f 4820 4900 4901
f 4821 4902 4822
f 4821 4901 4902
f 4822 4903 4823
f 4822 4902 4903
f 4823 4904 4824
f 4823 4903 4904
f 4824 4905 4825
f 4824 4904 4905
f 4825 4906 4826
f 4825 4905 4906
f 4826 4907 4827
f 4826 4906 4907
f 4827 4908 4828
f 4827 4907 4908
f 4828 4909 4829
f 4828 4908 4909
f 4829 4910 4830
f 4829 4909 4910
f 4830 4911 4831
f 4830 4910 4911
f 4831 4912 4832
f 4831 4911 4912
f 4832 4913 4833
f 4832 4912 4913
f 4833 4914 4834
f 4833 4913 4914
f 4834 4915 4835
f 4834 4914 4915
f 4835 4916 4836
f 4835 4915 4916
f 4836 4917 4837
f 4836 4916 4917
f 4837 4918 4838
f 4837 4917 4918
f 4838 4919 4839
f 4838 4918 4919
f 4839 4920 4840
f 4839 4919 4920
f 4840 4921 4841
f 4840 4920 4921
f 4841 4922 4842
f 4841 4921 4922
f 4842 4923 4843
f 4842 4922 4923
f 4843 4924 4844
f 4843 4923 4924
f 4844 4925 4845
f 4844 4924 4925
f 4845 4926 4846
f 4845 4925 4926
f 4846 4927 4847
f 4846 4926 4927
f 4847 4928 4848
f 4847 4927 4928
f 4848 4929 4849
f 4848 4928 4929
f 4849 4930 4850
f 4849 4929 4930
f 4850 4931 4851
f 4850 4930 4931
f 4851 4932 4852
f 4851 4931 4932
f 4852 4933 4853
f 4852 4932 4933
f 4853 4934 4854
f 4853 4933 4934
f 4854 4935 4855
f 4854 4934 4935
f 4855 4936 4856
f 4855 4935 4936
f 4856 4937 4857
f 4856 4936 4937
f 4857 4938 4858
f 4857 4937 4938
f 4858 4939 4859
f 4858 4938 4939
f 4859 4940 4860
f 4859 4939 4940
f 4860 4941 4861
f 4860 4940 4941
f 4861 4942 4862
f 4861 4941 4942
f 4862 4943 4863
f 4862 4942 4943
f 4863 4944 4864
f 4863 4943 4944
f 4864 4945 4865
f 4864 4944 4945
f 4865 4946 4866
f 4865 4945 4946
f 4866 4947 4867
f 4866 4946 4947
f 4867 4948 4868
f 4867 4947 4948
f 4868 4949 4869
f 4868 4948 4949
f 4869 4950 4870
f 4869 4949 4950
f 4870 4951 4871
f 4870 4950 4951
f 4871 4952 4872
f 4871 4951 4952
f 4872 4953 4873
f 4872 4952 4953
f 4873 4954 4874
f 4873 4953 4954
f 4874 4955 4875
f 4874 4954 4955
f 4875 4956 4876
f 4875 4955 4956
f 4876 4957 4877
f 4876 4956 4957
f 4877 4958 4878
f 4877 4957 4958
f 4878 4959 4879
f 4878 4958 4959
f 4879 4960 4880
f 4879 4959 4960
f 4881 4962 4882
f 4881 4961 4962
f 4882 4963 4883
f 4882 4962 4963
f 4883 4964 4884
f 4883 4963 4964
f 4884 4965 4885
f 4884 4964 4965
f 4885 4966 4886
f 4885 4965 4966
f 4886 4967 4887
f 4886 4966 4967
f 4887 4968 4888
f 4887 4967 4968
f 4888 4969 4889
f 4888 4968 4969
f 4889 4970 4890
f 4889 4969 4970
f 4890 4971 4891
f 4890 4970 4971
f 4891 4972 4892
f 4891 4971 4972
f 4892 4973 4893
f 4892 4972 4973
f 4893 4974 4894
f 4893 4973 4974
f 4894 4975 4895
f 4894 4974 4975
f 4895 4976 4896
f 4895 4975 4976
f 4896 4977 4897
f 4896 4976 4977
f 4897 4978 4898
f 4897 4977 4978
f 4898 4979 4899
f 4898 4978 4979
f 4899 4980 4900
f 4899 4979 4980
f 4900 4981 4901
f 4900 4980 4981
f 4901 4982 4902
f 4901 4981 4982
f 4902 4983 4903
f 4902 4982 4983
f 4903 4984 4904
f 4903 4983 4984
f 4904 4985 4905
f 4904 4984 4985
f 4905 4986 4906
f 4905 4985 4986
f 4906 4987 4907
f 4906 4986 4987
f 4907 4988 4908
f 4907 4987 4988
f 4908 4989 4909
f 4908 4988 4989
f 4909 4990 4910
f 4909 4989 4990
f 4910 4991 4911
f 4910 4990 4991
f 4911 4992 4912
f 4911 4991 4992
f 4912 4993 4913
f 4912 4992 4993
f 4913 4994 4914
f 4913 4993 4994
f 4914 4995 4915
f 4914 4994 4995
f 4915 4996 4916
f 4915 4995 4996
f 4916 4997 4917
f 4916 4996 4997
f 4917 4998 4918
f 4917 4997 4998
f 4918 4999 4919
f 4918 4998 4999
f 4919 5000 4920
f 4919 4999 5000
f 4920 5001 4921
f 4920 5000 5001
f 4921 5002 4922
f 4921 5001 5002
f 4922 5003 4923
f 4922 5002 5003
f 4923 5004 4924
f 4923 5003 5004
f 4924 5005 4925
f 4924 5004 5005
f 4925 5006 4926
f 4925 5005 5006
f 4926 5007 4927
f 4926 5006 5007
f 4927 5008 4928
f 4927 5007 5008
f 4928 5009 4929
f 4928 5008 5009
f 4929 5010 4930
f 4929 5009 5010
f 4930 5011 4931
f 4930 5010 5011
f 4931 5012 4932
f 4931 5011 5012
f 4932 5013 4933
f 4932 5012 5013
f 4933 5014 4934
f 4933 5013 5014
f 4934 5015 4935
f 4934 5014 5015
f 4935 5016 4936
f 4935 5015 5016
f 4936 5017 4937
f 4936 5016 5017
f 4937 5018 4938
f 4937 5017 5018
f 4938 5019 4939
f 4938 5018 5019
f 4939 5020 4940
f 4939 5019 5020
f 4940 5021 4941
f 4940 5020 5021
f 4941 5022 4942
f 4941 5021 5022
f 4942 5023 4943
f 4942 5022 5023
f 4943 5024 4944
f 4943 5023 5024
f 4944 5025 4945
f 4944 5024 5025
f 4945 5026 4946
f 4945 5025 5026
f 4946 5027 4947
f 4946 5026 5027
f 4947 5028 4948
f 4947 5027 5028
f 4948 5029 4949
f 4948 5028 5029
f 4949 5030 4950
f 4949 5029 5030
f 4950 5031 4951
f 4950 5030 5031
f 4951 5032 4952
f 4951 5031 5032
f 4952 5033 4953
f 4952 5032 5033
f 4953 5034 4954
f 4953 5033 5034
f 4954 5035 4955
f 4954 5034 5035
f 4955 5036 4956
f 4955 5035 5036
f 4956 5037 4957
f 4956 5036 5037
f 4957 5038 4958
f 4957 5037 5038
f 4958 5039 4959
f 4958 5038 5039
f 4959 5040 4960
f 4959 5039 5040
f 4961 5042 4962
f 4961 5041 5042
f 4962 5043 4963
f 4962 5042 5043
f 4963 5044 4964
f 4963 5043 5044
f 4964 5045 4965
f 4964 5044 5045
f 4965 5046 4966
f 4965 5045 5046
f 4966 5047 4967
f 4966 5046 5047
f 4967 5048 4968
f 4967 5047 5048
f 4968 5049 4969
f 4968 5048 5049
f 4969 5050 4970
f 4969 5049 5050
f 4970 5051 4971
f 4970 5050 5051
f 4971 5052 4972
f 4971 5051 5052
f 4972 5053 4973
f 4972 5052 5053
f 4973 5054 4974
f 4973 5053 5054
f 4974 5055 4975
f 4974 5054 5055
f 4975 5056 4976
f 4975 5055 5056
f 4976 5057 4977
f 4976 5056 5057
f 4977 5058 4978
f 4977 5057 5058
f 4978 5059 4979
f 4978 5058 5059
f 4979 5060 4980
f 4979 5059 5060
f 4980 5061 4981
f 4980 5060 5061
f 4981 5062 4982
f 4981 5061 5062
f 4982 5063 4983
f 4982 5062 5063
f 4983 5064 4984
f 4983 5063 5064
f 4984 5065 4985
f 4984 5064 5065
f 4985 5066 4986
f 4985 5065 5066
f 4986 5067 4987
f 4986 5066 5067
f 4987 5068 4988
f 4987 5067 5068
f 4988 5069 4989
f 4988 5068 5069
f 4989 5070 4990
f 4989 5069 5070
f 4990 5071 4991
f 4990 5070 5071
f 4991 5072 4992
f 4991 5071 5072
f 4992 5073 4993
f 4992 5072 5073
f 4993 5074 4994
f 4993 5073 5074
f 4994 5075 4995
f 4994 5074 5075
f 4995 5076 4996
f 4995 5075 5076
f 4996 5077 4997
f 4996 5076 5077
f 4997 5078 4998
f 4997 5077 5078
f 4998 5079 4999
f 4998 5078 5079
f 4999 5080 5000
f 4999 5079 5080
f 5000 5081 5001
f 5000 5080 5081
f 5001 5082 5002
f 5001 5081 5082
f 5002 5083 5003
f 5002 5082 5083
f 5003 5084 5004
f 5003 5083 5084
f 5004 5085 5005
f 5004 5084 5085
f 5005 5086 5006
f 5005 5085 5086
f 5006 5087 5007
f 5006 5086 5087
f 5007 5088 5008
f 5007 5087 5088
f 5008 5089 5009
f 5008 5088 5089
f 5009 5090 5010
f 5009 5089 5090
f 5010 5091 5011
f 5010 5090 5091
f 5011 5092 5012
f 5011 5091 5092
f 5012 5093 5013
f 5012 5092 5093
f 5013 5094 5014
f 5013 5093 5094
f 5014 5095 5015
f 5014 5094 5095
f 5015 5096 5016
f 5015 5095 5096
f 5016 5097 5017
f 5016 5096 5097
f 5017 5098 5018
f 5017 5097 5098
f 5018 5099 5019
f 5018 5098 5099
f 5019 5100 5020
f 5019 5099 5100
f 5020 5101 5021
f 5020 5100 5101
f 5021 5102 5022
f 5021 5101 5102
f 5022 5103 5023
f 5022 5102 5103
f 5023 5104 5024
f 5023 5103 5104
f 5024 5105 5025
f 5024 5104 5105
f 5025 5106 5026
f 5025 5105 5106
f 5026 5107 5027
f 5026 5106 5107
f 5027 5108 5028
f 5027 5107 5108
f 5028 5109 5029
f 5028 5108 5109
f 5029 5110 5030
f 5029 5109 5110
f 5030 5111 5031
f 5030 5110 5111
f 5031 5112 5032
f 5031 5111 5112
f 5032 5113 5033
f 5032 5112 5113
f 5033 5114 5034
f 5033 5113 5114
f 5034 5115 5035
f 5034 5114 5115
f 5035 5116 5036
f 5035 5115 5116
f 5036 5117 5037
f 5036 5116 5117
f 5037 5118 5038
f 5037 5117 5118
f 5038 5119 5039
f 5038 5118 5119
f 5039 5120 5040
f 5039 5119 5120
f 5041 5122 5042
f 5041 5121 5122
f 5042 5123 5043
f 5042 5122 5123
f 5043 5124 5044
f 5043 5123 5124
f 5044 5125 5045
f 5044 5124 5125
f 5045 5126 5046
f 5045 5125 5126
f 5046 5127 5047
f 5046 5126 5127
f 5047 5128 5048
f 5047 5127 5128
f 5048 5129 5049
f 5048 5128 5129
f 5049 5130 5050
f 5049 5129 5130
f 5050 5131 5051
f 5050 5130 5131
f 5051 5132 5052
f 5051 5131 5132
f 5052 5133 5053
f 5052 5132 5133
f 5053 5134 5054
f 5053 5133 5134
f 5054 5135 5055
f 5054 5134 5135
f 5055 5136 5056
f 5055 5135 5136
f 5056 5137 5057
f 5056 5136 5137
f 5057 5138 5058
f 5057 5137 5138
f 5058 5139 5059
f 5058 5138 5139
f 5059 5140 5060
f 5059 5139 5140
f 5060 5141 5061
f 5060 5140 5141
f 5061 5142 5062
f 5061 5141 5142
f 5062 5143 5063
f 5062 5142 5143
f 5063 5144 5064
f 5063 5143 5144
f 5064 5145 5065
f 5064 5144 5145
f 5065 5146 5066
f 5065 5145 5146
f 5066 5147 5067
f 5066 5146 5147
f 5067 5148 5068
f 5067 5147 5148
f 5068 5149 5069
f 5068 5148 5149
f 5069 5150 5070
f 5069 5149 5150
f 5070 5151 5071
f 5070 5150 5151
f 5071 5152 5072
f 5071 5151 5152
f 5072 5153 5073
f 5072 5152 5153
f 5073 5154 5074
f 5073 5153 5154
f 5074 5155 5075
f 5074 5154 5155
f 5075 5156 5076
f 5075 5155 5156
f 5076 5157 5077
f 5076 5156 5157
f 5077 5158 5078
f 5077 5157 5158
f 5078 5159 5079
f 5078 5158 5159
f 5079 5160 5080
f 5079 5159 5160
f 5080 5161 5081
f 5080 5160 5161
f 5081 5162 5082
f 5081 5161 5162
f 5082 5163 5083
f 5082 5162 5163
f 5083 5164 5084
f 5083 5163 5164
f 5084 5165 5085
f 5084 5164 5165
f 5085 5166 5086
f 5085 5165 5166
f 5086 5167 5087
f 5086 5166 5167
f 5087 5168 5088
f 5087 5167 5168
f 5088 5169 5089
f 5088 5168 5169
f 5089 5170 5090
f 5089 5169 5170
f 5090 5171 5091
f 5090 5170 5171
f 5091 5172 5092
f 5091 5171 5172
f 5092 5173 5093
f 5092 5172 5173
f 5093 5174 5094
f 5093 5173 5174
f 5094 5175 5095
f 5094 5174 5175
f 5095 5176 5096
f 5095 5175 5176
f 5096 5177 5097
f 5096 5176 5177
f 5097 5178 5098
f 5097 5177 5178
f 5098 5179 5099
f 5098 5178 5179
f 5099 5180 5100
f 5099 5179 5180
f 5100 5181 5101
f 5100 5180 5181
f 5101 5182 5102
f 5101 5181 5182
f 5102 5183 5103
f 5102 5182 5183
f 5103 5184 5104
f 5103 5183 5184
f 5104 5185 5105
f 5104 5184 5185
f 5105 5186 5106
f 5105 5185 5186
f 5106 5187 5107
f 5106 5186 5187
f 5107 5188 5108
f 5107 5187 5188
f 5108 5189 5109
f 5108 5188 5189
f 5109 5190 5110
f 5109 5189 5190
f 5110 5191 5111
f 5110 5190 5191
f 5111 5192 5112
f 5111 5191 5192
f 5112 5193 5113
f 5112 5192 5193
f 5113 5194 5114
f 5113 5193 5194
f 5114 5195 5115
f 5114 5194 5195
f 5115 5196 5116
f 5115 5195 5196
f 5116 5197 5117
f 5116 5196 5197
f 5117 5198 5118
f 5117 5197 5198
f 5118 5199 5119
f 5118 5198 5199
f 5119 5200 5120
f 5119 5199 5200
f 5121 5202 5122
f 5121 5201 5202
f 5122 5203 5123
f 5122 5202 5203
f 5123 5204 5124
f 5123 5203 5204
f 5124 5205 5125
f 5124 5204 5205
f 5125 5206 5126
f 5125 5205 5206
f 5126 5207 5127
f 5126 5206 5207
f 5127 5208 5128
f 5127 5207 5208
f 5128 5209 5129
f 5128 5208 5209
f 5129 5210 5130
f 5129 5209 5210
f 5130 5211 5131
f 5130 5210 5211
f 5131 5212 5132
f 5131 5211 5212
f 5132 5213 5133
f 5132 5212 5213
f 5133 5214 5134
f 5133 5213 5214
f 5134 5215 5135
f 5134 5214 5215
f 5135 5216 5136
f 5135 5215 5216
f 5136 5217 5137
f 5136 5216 5217
f 5137 5218 5138
f 5137 5217 5218
f 5138 5219 5139
f 5138 5218 5219
f 5139 5220 5140
f 5139 5219 5220
f 5140 5221 5141
f 5140 5220 5221
f 5141 5222 5142
f 5141 5221 5222
f 5142 5223 5143
f 5142 5222 5223
f 5143 5224 5144
f 5143 5223 5224
f 5144 5225 5145
f 5144 5224 5225
f 5145 5226 5146
f 5145 5225 5226
f 5146 5227 5147
f 5146 5226 5227
f 5147 5228 5148
f 5147 5227 5228
f 5148 5229 5149
f 5148 5228 5229
f 5149 5230 5150
f 5149 5229 5230
f 5150 5231 5151
f 5150 5230 5231
f 5151 5232 5152
f 5151 5231 5232
f 5152 5233 5153
f 5152 5232 5233
f 5153 5234 5154
f 5153 5233 5234
f 5154 5235 5155
f 5154 5234 5235
f 5155 5236 5156
f 5155 5235 5236
f 5156 5237 5157
f 5156 5236 5237
f 5157 5238 5158
f 5157 5237 5238
f 5158 5239 5159
f 5158 5238 5239
f 5159 5240 5160
f 5159 5239 5240
f 5160 5241 5161
f 5160 5240 5241
f 5161 5242 5162
f 5161 5241 5242
f 5162 5243 5163
f 5162 5242 5243
f 5163 5244 5164
f 5163 5243 5244
f 5164 5245 5165
f 5164 5244 5245
f 5165 5246 5166
f 5165 5245 5246
f 5166 5247 5167
f 5166 5246 5247
f 5167 5248 5168
f 5167 5247 5248
f 5168 5249 5169
f 5168 5248 5249
f 5169 5250 5170
f 5169 5249 5250
f 5170 5251 5171
f 5170 5250 5251
f 5171 5252 5172
f 5171 5251 5252
f 5172 5253 5173
f 5172 5252 5253
f 5173 5254 5174
f 5173 5253 5254
f 5174 5255 5175
f 5174 5254 5255
f 5175 5256 5176
f 5175 5255 5256
f 5176 5257 5177
f 5176 5256 5257
f 5177 5258 5178
f 5177 5257 5258
f 5178 5259 5179
f 5178 5258 5259
f 5179 5260 5180
f 5179 5259 5260
f 5180 5261 5181
f 5180 5260 5261
f 5181 5262 5182
f 5181 5261 5262
f 5182 5263 5183
f 5182 5262 5263
f 5183 5264 5184
f 5183 5263 5264
f 5184 5265 5185
f 5184 5264 5265
f 5185 5266 5186
f 5185 5265 5266
f 5186 5267 5187
f 5186 5266 5267
f 5187 5268 5188
f 5187 5267 5268
f 5188 5269 5189
f 5188 5268 5269
f 5189 5270 5190
f 5189 5269 5270
f 5190 5271 5191
f 5190 5270 5271
f 5191 5272 5192
f 5191 5271 5272
f 5192 5273 5193
f 5192 5272 5273
f 5193 5274 5194
f 5193 5273 5274
f 5194 5275 5195
f 5194 5274 5275
f 5195 5276 5196
f 5195 5275 5276
f 5196 5277 5197
f 5196 5276 5277
f 5197 5278 5198
f 5197 5277 5278
f 5198 5279 5199
f 5198 5278 5279
f 5199 5280 5200
f 5199 5279 5280
f 5201 5282 5202
f 5201 5281 5282
f 5202 5283 5203
f 5202 5282 5283
f 5203 5284 5204
f 5203 5283 5284
f 5204 5285 5205
f 5204 5284 5285
f 5205 5286 5206
f 5205 5285 5286
f 5206 5287 5207
f 5206 5286 5287
f 5207 5288 5208
f 5207 5287 5288
f 5208 5289 5209
f 5208 5288 5289
f 5209 5290 5210
f 5209 5289 5290
f 5210 5291 5211
f 5210 5290 5291
f 5211 5292 5212
f 5211 5291 5292
f 5212 5293 5213
f 5212 5292 5293
f 5213 5294 5214
f 5213 5293 5294
f 5214 5295 5215
f 5214 5294 5295
f 5215 5296 5216
f 5215 5295 5296
f 5216 5297 5217
f 5216 5296 5297
f 5217 5298 5218
f 5217 5297 5298
f 5218 5299 5219
f 5218 5298 5299
f 5219 5300 5220
f 5219 5299 5300
f 5220 5301 5221
f 5220 5300 5301
f 5221 5302 5222
f 5221 5301 5302
f 5222 5303 5223
f 5222 5302 5303
f 5223 5304 5224
f 5223 5303 5304
f 5224 5305 5225
f 5224 5304 5305
f 5225 5306 5226
f 5225 5305 5306
f 5226 5307 5227
f 5226 5306 5307
f 5227 5308 5228
f 5227 5307 5308
f 5228 5309 5229
f 5228 5308 5309
f 5229 5310 5230
f 5229 5309 5310
f 5230 5311 5231
f 5230 5310 5311
f 5231 5312 5232
f 5231 5311 5312
f 5232 5313 5233
f 5232 5312 5313
f 5233 5314 5234
f 5233 5313 5314
f 5234 5315 5235
f 5234 5314 5315
f 5235 5316 5236
f 5235 5315 5316
f 5236 5317 5237
f 5236 5316 5317
f 5237 5318 5238
f 5237 5317 5318
f 5238 5319 5239
f 5238 5318 5319
f 5239 5320 5240
f 5239 5319 5320
f 5240 5321 5241
f 5240 5320 5321
f 5241 5322 5242
f 5241 5321 5322
f 5242 5323 5243
f 5242 5322 5323
f 5243 5324 5244
f 5243 5323 5324
f 5244 5325 5245
f 5244 5324 5325
f 5245 5326 5246
f 5245 5325 5326
f 5246 5327 5247
f 5246 5326 5327
f 5247 5328 5248
f 5247 5327 5328
f 5248 5329 5249
f 5248 5328 5329
f 5249 5330 5250
f 5249 5329 5330
f 5250 5331 5251
f 5250 5330 5331
f 5251 5332 5252
f 5251 5331 5332
f 5252 5333 5253
f 5252 5332 5333
f 5253 5334 5254
f 5253 5333 5334
f 5254 5335 5255
f 5254 5334 5335
f 5255 5336 5256
f 5255 5335 5336
f 5256 5337 5257
f 5256 5336 5337
f 5257 5338 5258
f 5257 5337 5338
f 5258 5339 5259
f 5258 5338 5339
f 5259 5340 5260
f 5259 5339 5340
f 5260 5341 5261
f 5260 5340 5341
f 5261 5342 5262
f 5261 5341 5342
f 5262 5343 5263
f 5262 5342 5343
f 5263 5344 5264
f 5263 5343 5344
f 5264 5345 5265
f 5264 5344 5345
f 5265 5346 5266
f 5265 5345 5346
f 5266 5347 5267
f 5266 5346 5347
f 5267 5348 5268
f 5267 5347 5348
f 5268 5349 5269
f 5268 5348 5349
f 5269 5350 5270
f 5269 5349 5350
f 5270 5351 5271
f 5270 5350 5351
f 5271 5352 5272
f 5271 5351 5352
f 5272 5353 5273
f 5272 5352 5353
f 5273 5354 5274
f 5273 5353 5354
f 5274 5355 5275
f 5274 5354 5355
f 5275 5356 5276
f 5275 5355 5356
f 5276 5357 5277
f 5276 5356 5357
f 5277 5358 5278
f 5277 5357 5358
f 5278 5359 5279
f 5278 5358 5359
f 5279 5360 5280
f 5279 5359 5360
f 5281 5362 5282
f 5281 5361 5362
f 5282 5363 5283
f 5282 5362 5363
f 5283 5364 5284
f 5283 5363 5364
f 5284 5365 5285
f 5284 5364 5365
f 5285 5366 5286
f 5285 5365 5366
f 5286 5367 5287
f 5286 5366 5367
f 5287 5368 5288
f 5287 5367 5368
f 5288 5369 5289
f 5288 5368 5369
f 5289 5370 5290
f 5289 5369 5370
f 5290 5371 5291
f 5290 5370 5371
f 5291 5372 5292
f 5291 5371 5372
f 5292 5373 5293
f 5292 5372 5373
f 5293 5374 5294
f 5293 5373 5374
f 5294 5375 5295
f 5294 5374 5375
f 5295 5376 5296
f 5295 5375 5376
f 5296 5377 5297
f 5296 5376 5377
f 5297 5378 5298
f 5297 5377 5378
f 5298 5379 5299
f 5298 5378 5379
f 5299 5380 5300
f 5299 5379 5380
f 5300 5381 5301
f 5300 5380 5381
f 5301 5382 5302
f 5301 5381 5382
f 5302 5383 5303
f 5302 5382 5383
f 5303 5384 5304
f 5303 5383 5384
f 5304 5385 5305
f 5304 5384 5385
f 5305 5386 5306
f 5305 5385 5386
f 5306 5387 5307
f 5306 5386 5387
f 5307 5388 5308
f 5307 5387 5388
f 5308 5389 5309
f 5308 5388 5389
f 5309 5390 5310
f 5309 5389 5390
f 5310 5391 5311
f 5310 5390 5391
f 5311 5392 5312
f 5311 5391 5392
f 5312 5393 5313
f 5312 5392 5393
f 5313 5394 5314
f 5313 5393 5394
f 5314 5395 5315
f 5314 5394 5395
f 5315 5396 5316
f 5315 5395 5396
f 5316 5397 5317
f 5316 5396 5397
f 5317 5398 5318
f 5317 5397 5398
f 5318 5399 5319
f 5318 5398 5399
f 5319 5400 5320
f 5319 5399 5400
f 5320 5401 5321
f 5320 5400 5401
f 5321 5402 5322
f 5321 5401 5402
f 5322 5403 5323
f 5322 5402 5403
f 5323 5404 5324
f 5323 5403 5404
f 5324 5405 5325
f 5324 5404 5405
f 5325 5406 5326
f 5325 5405 5406
f 5326 5407 5327
f 5326 5406 5407
f 5327 5408 5328
f 5327 5407 5408
f 5328 5409 5329
f 5328 5408 5409
f 5329 5410 5330
f 5329 5409 5410
f 5330 5411 5331
f 5330 5410 5411
f 5331 5412 5332
f 5331 5411 5412
f 5332 5413 5333
f 5332 5412 5413
f 5333 5414 5334
f 5333 5413 5414
f 5334 5415 5335
f 5334 5414 5415
f 5335 5416 5336
f 5335 5415 5416
f 5336 5417 5337
f 5336 5416 5417
f 5337 5418 5338
f 5337 5417 5418
f 5338 5419 5339
f 5338 5418 5419
f 5339 5420 5340
f 5339 5419 5420
f 5340 5421 5341
f 5340 5420 5421
f 5341 5422 5342
f 5341 5421 5422
f 5342 5423 5343
f 5342 5422 5423
f 5343 5424 5344
f 5343 5423 5424
f 5344 5425 5345
f 5344 5424 5425
f 5345 5426 5346
f 5345 5425 5426
f 5346 5427 5347
f 5346 5426 5427
f 5347 5428 5348
f 5347 5427 5428
f 5348 5429 5349
f 5348 5428 5429
f 5349 5430 5350
f 5349 5429 5430
f 5350 5431 5351
f 5350 5430 5431
f 5351 5432 5352
f 5351 5431 5432
f 5352 5433 5353
f 5352 5432 5433
f 5353 5434 5354
f 5353 5433 5434
f 5354 5435 5355
f 5354 5434 5435
f 5355 5436 5356
f 5355 5435 5436
f 5356 5437 5357
f 5356 5436 5437
f 5357 5438 5358
f 5357 5437 5438
f 5358 5439 5359
f 5358 5438 5439
f 5359 5440 5360
f 5359 5439 5440
f 5361 5442 5362
f 5361 5441 5442
f 5362 5443 5363
f 5362 5442 5443
f 5363 5444 5364
f 5363 5443 5444
f 5364 5445 5365
f 5364 5444 5445
f 5365 5446 5366
f 5365 5445 5446
f 5366 5447 5367
f 5366 5446 5447
f 5367 5448 5368
f 5367 5447 5448
f 5368 5449 5369
f 5368 5448 5449
f 5369 5450 5370
f 5369 5449 5450
f 5370 5451 5371
f 5370 5450 5451
f 5371 5452 5372
f 5371 5451 5452
f 5372 5453 5373
f 5372 5452 5453
f 5373 5454 5374
f 5373 5453 5454
f 5374 5455 5375
f 5374 5454 5455
f 5375 5456 5376
f 5375 5455 5456
f 5376 5457 5377
f 5376 5456 5457
f 5377 5458 5378
f 5377 5457 5458
f 5378 5459 5379
f 5378 5458 5459
f 5379 5460 5380
f 5379 5459 5460
f 5380 5461 5381
f 5380 5460 5461
f 5381 5462 5382
f 5381 5461 5462
f 5382 5463 5383
f 5382 5462 5463
f 5383 5464 5384
f 5383 5463 5464
f 5384 5465 5385
f 5384 5464 5465
f 5385 5466 5386
f 5385 5465 5466
f 5386 5467 5387
f 5386 5466 5467
f 5387 5468 5388
f 5387 5467 5468
f 5388 5469 5389
f 5388 5468 5469
f 5389 5470 5390
f 5389 5469 5470
f 5390 5471 5391
f 5390 5470 5471
f 5391 5472 5392
f 5391 5471 5472
f 5392 5473 5393
f 5392 5472 5473
f 5393 5474 5394
f 5393 5473 5474
f 5394 5475 5395
f 5394 5474 5475
f 5395 5476 5396
f 5395 5475 5476
f 5396 5477 5397
f 5396 5476 5477
f 5397 5478 5398
f 5397 5477 5478
f 5398 5479 5399
f 5398 5478 5479
f 5399 5480 5400
f 5399 5479 5480
f 5400 5481 5401
f 5400 5480 5481
f 5401 5482 5402
f 5401 5481 5482
f 5402 5483 5403
f 5402 5482 5483
f 5403 5484 5404
f 5403 5483 5484
f 5404 5485 5405
f 5404 5484 5485
f 5405 5486 5406
f 5405 5485 5486
f 5406 5487 5407
f 5406 5486 5487
f 5407 5488 5408
f 5407 5487 5488
f 5408 5489 5409
f 5408 5488 5489
f 5409 5490 5410
f 5409 5489 5490
f 5410 5491 5411
f 5410 5490 5491
f 5411 5492 5412
f 5411 5491 5492
f 5412 5493 5413
f 5412 5492 5493
f 5413 5494 5414
f 5413 5493 5494
f 5414 5495 5415
f 5414 5494 5495
f 5415 5496 5416
f 5415 5495 5496
f 5416 5497 5417
f 5416 5496 5497
f 5417 5498 5418
f 5417 5497 5498
f 5418 5499 5419
f 5418 5498 5499
f 5419 5500 5420
f 5419 5499 5500
f 5420 5501 5421
f 5420 5500 5501
f 5421 5502 5422
f 5421 5501 5502
f 5422 5503 5423
f 5422 5502 5503
f 5423 5504 5424
f 5423 5503 5504
f 5424 5505 5425
f 5424 5504 5505
f 5425 5506 5426
f 5425 5505 5506
f 5426 5507 5427
f 5426 5506 5507
f 5427 5508 5428
f 5427 5507 5508
f 5428 5509 5429
f 5428 5508 5509
f 5429 5510 5430
f 5429 5509 5510
f 5430 5511 5431
f 5430 5510 5511
f 5431 5512 5432
f 5431 5511 5512
f 5432 5513 5433
f 5432 5512 5513
f 5433 5514 5434
f 5433 5513 5514
f 5434 5515 5435
f 5434 5514 5515
f 5435 5516 5436
f 5435 5515 5516
f 5436 5517 5437
f 5436 5516 5517
f 5437 5518 5438
f 5437 5517 5518
f 5438 5519 5439
f 5438 5518 5519
f 5439 5520 5440
f 5439 5519 5520
f 5441 5522 5442
f 5441 5521 5522
f 5442 5523 5443
f 5442 5522 5523
f 5443 5524 5444
f 5443 5523 5524
f 5444 5525 5445
f 5444 5524 5525
f 5445 5526 5446
f 5445 5525 5526
f 5446 5527 5447
f 5446 5526 5527
f 5447 5528 5448
f 5447 5527 5528
f 5448 5529 5449
f 5448 5528 5529
f 5449 5530 5450
f 5449 5529 5530
f 5450 5531 5451
f 5450 5530 5531
f 5451 5532 5452
f 5451 5531 5532
f 5452 5533 5453
f 5452 5532 5533
f 5453 5534 5454
f 5453 5533 5534
f 5454 5535 5455
f 5454 5534 5535
f 5455 5536 5456
f 5455 5535 5536
f 5456 5537 5457
f 5456 5536 5537
f 5457 5538 5458
f 5457 5537 5538
f 5458 5539 5459
f 5458 5538 5539
f 5459 5540 5460
f 5459 5539 5540
f 5460 5541 5461
f 5460 5540 5541
f 5461 5542 5462
f 5461 5541 5542
f 5462 5543 5463
f 5462 5542 5543
f 5463 5544 5464
f 5463 5543 5544
f 5464 5545 5465
f 5464 5544 5545
f 5465 5546 5466
f 5465 5545 5546
f 5466 5547 5467
f 5466 5546 5547
f 5467 5548 5468
f 5467 5547 5548
f 5468 5549 5469
f 5468 5548 5549
f 5469 5550 5470
f 5469 5549 5550
f 5470 5551 5471
f 5470 5550 5551
f 5471 5552 5472
f 5471 5551 5552
f 5472 5553 5473
f 5472 5552 5553
f 5473 5554 5474
f 5473 5553 5554
f 5474 5555 5475
f 5474 5554 5555
f 5475 5556 5476
f 5475 5555 5556
f 5476 5557 5477
f 5476 5556 5557
f 5477 5558 5478
f 5477 5557 5558
f 5478 5559 5479
f 5478 5558 5559
f 5479 5560 5480
f 5479 5559 5560
f 5480 5561 5481
f 5480 5560 5561
f 5481 5562 5482
f 5481 5561 5562
f 5482 5563 5483
f 5482 5562 5563
f 5483 5564 5484
f 5483 5563 5564
f 5484 5565 5485
f 5484 5564 5565
f 5485 5566 5486
f 5485 5565 5566
f 5486 5567 5487
f 5486 5566 5567
f 5487 5568 5488
f 5487 5567 5568
f 5488 5569 5489
f 5488 5568 5569
f 5489 5570 5490
f 5489 5569 5570
f 5490 5571 5491
f 5490 5570 5571
f 5491 5572 5492
f 5491 5571 5572
f 5492 5573 5493
f 5492 5572 5573
f 5493 5574 5494
f 5493 5573 5574
f 5494 5575 5495
f 5494 5574 5575
f 5495 5576 5496
f 5495 5575 5576
f 5496 5577 5497
f 5496 5576 5577
f 5497 5578 5498
f 5497 5577 5578
f 5498 5579 5499
f 5498 5578 5579
f 5499 5580 5500
f 5499 5579 5580
f 5500 5581 5501
f 5500 5580 5581
f 5501 5582 5502
f 5501 5581 5582
f 5502 5583 5503
f 5502 5582 5583
f 5503 5584 5504
f 5503 5583 5584
f 5504 5585 5505
f 5504 5584 5585
f 5505 5586 5506
f 5505 5585 5586
f 5506 5587 5507
f 5506 5586 5587
f 5507 5588 5508
f 5507 5587 5588
f 5508 5589 5509
f 5508 5588 5589
f 5509 5590 5510
f 5509 5589 5590
f 5510 5591 5511
f 5510 5590 5591
f 5511 5592 5512
f 5511 5591 5592
f 5512 5593 5513
f 5512 5592 5593
f 5513 5594 5514
f 5513 5593 5594
f 5514 5595 5515
f 5514 5594 5595
f 5515 5596 5516
f 5515 5595 5596
f 5516 5597 5517
f 5516 5596 5597
f 5517 5598 5518
f 5517 5597 5598
f 5518 5599 5519
f 5518 5598 5599
f 5519 5600 5520
f 5519 5599 5600
f 5521 5602 5522
f 5521 5601 5602
f 5522 5603 5523
f 5522 5602 5603
f 5523 5604 5524
f 5523 5603 5604
f 5524 5605 5525
f 5524 5604 5605
f 5525 5606 5526
f 5525 5605 5606
f 5526 5607 5527
f 5526 5606 5607
f 5527 5608 5528
f 5527 5607 5608
f 5528 5609 5529
f 5528 5608 5609
f 5529 5610 5530
f 5529 5609 5610
f 5530 5611 5531
f 5530 5610 5611
f 5531 5612 5532
f 5531 5611 5612
f 5532 5613 5533
f 5532 5612 5613
f 5533 5614 5534
f 5533 5613 5614
f 5534 5615 5535
f 5534 5614 5615
f 5535 5616 5536
f 5535 5615 5616
f 5536 5617 5537
f 5536 5616 5617
f 5537 5618 5538
f 5537 5617 5618
f 5538 5619 5539
f 5538 5618 5619
f 5539 5620 5540
f 5539 5619 5620
f 5540 5621 5541
f 5540 5620 5621
f 5541 5622 5542
f 5541 5621 5622
f 5542 5623 5543
f 5542 5622 5623
f 5543 5624 5544
f 5543 5623 5624
f 5544 5625 5545
f 5544 5624 5625
f 5545 5626 5546
f 5545 5625 5626
f 5546 5627 5547
f 5546 5626 5627
f 5547 5628 5548
f 5547 5627 5628
f 5548 5629 5549
f 5548 5628 5629
f 5549 5630 5550
f 5549 5629 5630
f 5550 5631 5551
f 5550 5630 5631
f 5551 5632 5552
f 5551 5631 5632
f 5552 5633 5553
f 5552 5632 5633
f 5553 5634 5554
f 5553 5633 5634
f 5554 5635 5555
f 5554 5634 5635
f 5555 5636 5556
f 5555 5635 5636
f 5556 5637 5557
f 5556 5636 5637
f 5557 5638 5558
f 5557 5637 5638
f 5558 5639 5559
f 5558 5638 5639
f 5559 5640 5560
f 5559 5639 5640
f 5560 5641 5561
f 5560 5640 5641
f 5561 5642 5562
f 5561 5641 5642
f 5562 5643 5563
f 5562 5642 5643
f 5563 5644 5564
f 5563 5643 5644
f 5564 5645 5565
f 5564 5644 5645
f 5565 5646 5566
f 5565 5645 5646
f 5566 5647 5567
f 5566 5646 5647
f 5567 5648 5568
f 5567 5647 5648
f 5568 5649 5569
f 5568 5648 5649
f 5569 5650 5570
f 5569 5649 5650
f 5570 5651 5571
f 5570 5650 5651
f 5571 5652 5572
f 5571 5651 5652
f 5572 5653 5573
f 5572 5652 5653
f 5573 5654 5574
f 5573 5653 5654
f 5574 5655 5575
f 5574 5654 5655
f 5575 5656 5576
f 5575 5655 5656
f 5576 5657 5577
f 5576 5656 5657
f 5577 5658 5578
f 5577 5657 5658
f 5578 5659 5579
f 5578 5658 5659
f 5579 5660 5580
f 5579 5659 5660
f 5580 5661 5581
f 5580 5660 5661
f 5581 5662 5582
f 5581 5661 5662
f 5582 5663 5583
f 5582 5662 5663
f 5583 5664 5584
f 5583 5663 5664
f 5584 5665 5585
f 5584 5664 5665
f 5585 5666 5586
f 5585 5665 5666
f 5586 5667 5587
f 5586 5666 5667
f 5587 5668 5588
f 5587 5667 5668
f 5588 5669 5589
f 5588 5668 5669
f 5589 5670 5590
f 5589 5669 5670
f 5590 5671 5591
f 5590 5670 5671
f 5591 5672 5592
f 5591 5671 5672
f 5592 5673 5593
f 5592 5672 5673
f 5593 5674 5594
f 5593 5673 5674
f 5594 5675 5595
f 5594 5674 5675
f 5595 5676 5596
f 5595 5675 5676
f 5596 5677 5597
f 5596 5676 5677
f 5597 5678 5598
f 5597 5677 5678
f 5598 5679 5599
f 5598 5678 5679
f 5599 5680 5600
f 5599 5679 5680
f 5601 5682 5602
f 5601 5681 5682
f 5602 5683 5603
f 5602 5682 5683
f 5603 5684 5604
f 5603 5683 5684
f 5604 5685 5605
f 5604 5684 5685
f 5605 5686 5606
f 5605 5685 5686
f 5606 5687 5607
f 5606 5686 5687
f 5607 5688 5608
f 5607 5687 5688
f 5608 5689 5609
f 5608 5688 5689
f 5609 5690 5610
f 5609 5689 5690
f 5610 5691 5611
f 5610 5690 5691
f 5611 5692 5612
f 5611 5691 5692
f 5612 5693 5613
f 5612 5692 5693
f 5613 5694 5614
f 5613 5693 5694
f 5614 5695 5615
f 5614 5694 5695
f 5615 5696 5616
f 5615 5695 5696
f 5616 5697 5617
f 5616 5696 5697
f 5617 5698 5618
f 5617 5697 5698
f 5618 5699 5619
f 5618 5698 5699
f 5619 5700 5620
f 5619 5699 5700
f 5620 5701 5621
f 5620 5700 5701
f 5621 5702 5622
f 5621 5701 5702
f 5622 5703 5623
f 5622 5702 5703
f 5623 5704 5624
f 5623 5703 5704
f 5624 5705 5625
f 5624 5704 5705
f 5625 5706 5626
f 5625 5705 5706
f 5626 5707 5627
f 5626 5706 5707
f 5627 5708 5628
f 5627 5707 5708
f 5628 5709 5629
f 5628 5708 5709
f 5629 5710 5630
f 5629 5709 5710
f 5630 5711 5631
f 5630 5710 5711
f 5631 5712 5632
f 5631 5711 5712
f 5632 5713 5633
f 5632 5712 5713
f 5633 5714 5634
f 5633 5713 5714
f 5634 5715 5635
f 5634 5714 5715
f 5635 5716 5636
f 5635 5715 5716
f 5636 5717 5637
f 5636 5716 5717
f 5637 5718 5638
f 5637 5717 5718
f 5638 5719 5639
f 5638 5718 5719
f 5639 5720 5640
f 5639 5719 5720
f 5640 5721 5641
f 5640 5720 5721
f 5641 5722 5642
f 5641 5721 5722
f 5642 5723 5643
f 5642 5722 5723
f 5643 5724 5644
f 5643 5723 5724
f 5644 5725 5645
f 5644 5724 5725
f 5645 5726 5646
f 5645 5725 5726
f 5646 5727 5647
f 5646 5726 5727
f 5647 5728 5648
f 5647 5727 5728
f 5648 5729 5649
f 5648 5728 5729
f 5649 5730 5650
f 5649 5729 5730
f 5650 5731 5651
f 5650 5730 5731
f 5651 5732 5652
f 5651 5731 5732
f 5652 5733 5653
f 5652 5732 5733
f 5653 5734 5654
f 5653 5733 5734
f 5654 5735 5655
f 5654 5734 5735
f 5655 5736 5656
f 5655 5735 5736
f 5656 5737 5657
f 5656 5736 5737
f 5657 5738 5658
f 5657 5737 5738
f 5658 5739 5659
f 5658 5738 5739
f 5659 5740 5660
f 5659 5739 5740
f 5660 5741 5661
f 5660 5740 5741
f 5661 5742 5662
f 5661 5741 5742
f 5662 5743 5663
f 5662 5742 5743
f 5663 5744 5664
f 5663 5743 5744
f 5664 5745 5665
f 5664 5744 5745
f 5665 5746 5666
f 5665 5745 5746
f 5666 5747 5667
f 5666 5746 5747
f 5667 5748 5668
f 5667 5747 5748
f 5668 5749 5669
f 5668 5748 5749
f 5669 5750 5670
f 5669 5749 5750
f 5670 5751 5671
f 5670 5750 5751
f 5671 5752 5672
f 5671 5751 5752
f 5672 5753 5673
f 5672 5752 5753
f 5673 5754 5674
f 5673 5753 5754
f 5674 5755 5675
f 5674 5754 5755
f 5675 5756 5676
f 5675 5755 5756
f 5676 5757 5677
f 5676 5756 5757
f 5677 5758 5678
f 5677 5757 5758
f 5678 5759 5679
f 5678 5758 5759
f 5679 5760 5680
f 5679 5759 5760
f 5681 5762 5682
f 5681 5761 5762
f 5682 5763 5683
f 5682 5762 5763
f 5683 5764 5684
f 5683 5763 5764
f 5684 5765 5685
f 5684 5764 5765
f 5685 5766 5686
f 5685 5765 5766
f 5686 5767 5687
f 5686 5766 5767
f 5687 5768 5688
f 5687 5767 5768
f 5688 5769 5689
f 5688 5768 5769
f 5689 5770 5690
f 5689 5769 5770
f 5690 5771 5691
f 5690 5770 5771
f 5691 5772 5692
f 5691 5771 5772
f 5692 5773 5693
f 5692 5772 5773
f 5693 5774 5694
f 5693 5773 5774
f 5694 5775 5695
f 5694 5774 5775
f 5695 5776 5696
f 5695 5775 5776
f 5696 5777 5697
f 5696 5776 5777
f 5697 5778 5698
f 5697 5777 5778
f 5698 5779 5699
f 5698 5778 5779
f 5699 5780 5700
f 5699 5779 5780
f 5700 5781 5701
f 5700 5780 5781
f 5701 5782 5702
f 5701 5781 5782
f 5702 5783 5703
f 5702 5782 5783
f 5703 5784 5704
f 5703 5783 5784
f 5704 5785 5705
f 5704 5784 5785
f 5705 5786 5706
f 5705 5785 5786
f 5706 5787 5707
f 5706 5786 5787
f 5707 5788 5708
f 5707 5787 5788
f 5708 5789 5709
f 5708 5788 5789
f 5709 5790 5710
f 5709 5789 5790
f 5710 5791 5711
f 5710 5790 5791
f 5711 5792 5712
f 5711 5791 5792
f 5712 5793 5713
f 5712 5792 5793
f 5713 5794 5714
f 5713 5793 5794
f 5714 5795 5715
f 5714 5794 5795
f 5715 5796 5716
f 5715 5795 5796
f 5716 5797 5717
f 5716 5796 5797
f 5717 5798 5718
f 5717 5797 5798
f 5718 5799 5719
f 5718 5798 5799
f 5719 5800 5720
f 5719 5799 5800
f 5720 5801 5721
f 5720 5800 5801
f 5721 5802 5722
f 5721 5801 5802
f 5722 5803 5723
f 5722 5802 5803
f 5723 5804 5724
f 5723 5803 5804
f 5724 5805 5725
f 5724 5804 5805
f 5725 5806 5726
f 5725 5805 5806
f 5726 5807 5727
f 5726 5806 5807
f 5727 5808 5728
f 5727 5807 5808
f 5728 5809 5729
f 5728 5808 5809
f 5729 5810 5730
f 5729 5809 5810
f 5730 5811 5731
f 5730 5810 5811
f 5731 5812 5732
f 5731 5811 5812
f 5732 5813 5733
f 5732 5812 5813
f 5733 5814 5734
f 5733 5813 5814
f 5734 5815 5735
f 5734 5814 5815
f 5735 5816 5736
f 5735 5815 5816
f 5736 5817 5737
f 5736 5816 5817
f 5737 5818 5738
f 5737 5817 5818
f 5738 5819 5739
f 5738 5818 5819
f 5739 5820 5740
f 5739 5819 5820
f 5740 5821 5741
f 5740 5820 5821
f 5741 5822 5742
f 5741 5821 5822
f 5742 5823 5743
f 5742 5822 5823
f 5743 5824 5744
f 5743 5823 5824
f 5744 5825 5745
f 5744 5824 5825
f 5745 5826 5746
f 5745 5825 5826
f 5746 5827 5747
f 5746 5826 5827
f 5747 5828 5748
f 5747 5827 5828
f 5748 5829 5749
f 5748 5828 5829
f 5749 5830 5750
f 5749 5829 5830
f 5750 5831 5751
f 5750 5830 5831
f 5751 5832 5752
f 5751 5831 5832
f 5752 5833 5753
f 5752 5832 5833
f 5753 5834 5754
f 5753 5833 5834
f 5754 5835 5755
f 5754 5834 5835
f 5755 5836 5756
f 5755 5835 5836
f 5756 5837 5757
f 5756 5836 5837
f 5757 5838 5758
f 5757 5837 5838
f 5758 5839 5759
f 5758 5838 5839
f 5759 5840 5760
f 5759 5839 5840
f 5761 5842 5762
f 5761 5841 5842
f 5762 5843 5763
f 5762 5842 5843
f 5763 5844 5764
f 5763 5843 5844
f 5764 5845 5765
f 5764 5844 5845
f 5765 5846 5766
f 5765 5845 5846
f 5766 5847 5767
f 5766 5846 5847
f 5767 5848 5768
f 5767 5847 5848
f 5768 5849 5769
f 5768 5848 5849
f 5769 5850 5770
f 5769 5849 5850
f 5770 5851 5771
f 5770 5850 5851
f 5771 5852 5772
f 5771 5851 5852
f 5772 5853 5773
f 5772 5852 5853
f 5773 5854 5774
f 5773 5853 5854
f 5774 5855 5775
f 5774 5854 5855
f 5775 5856 5776
f 5775 5855 5856
f 5776 5857 5777
f 5776 5856 5857
f 5777 5858 5778
f 5777 5857 5858
f 5778 5859 5779
f 5778 5858 5859
f 5779 5860 5780
f 5779 5859 5860
f 5780 5861 5781
f 5780 5860 5861
f 5781 5862 5782
f 5781 5861 5862
f 5782 5863 5783
f 5782 5862 5863
f 5783 5864 5784
f 5783 5863 5864
f 5784 5865 5785
f 5784 5864 5865
f 5785 5866 5786
f 5785 5865 5866
f 5786 5867 5787
f 5786 5866 5867
f 5787 5868 5788
f 5787 5867 5868
f 5788 5869 5789
f 5788 5868 5869
f 5789 5870 5790
f 5789 5869 5870
f 5790 5871 5791
f 5790 5870 5871
f 5791 5872 5792
f 5791 5871 5872
f 5792 5873 5793
f 5792 5872 5873
f 5793 5874 5794
f 5793 5873 5874
f 5794 5875 5795
f 5794 5874 5875
f 5795 5876 5796
f 5795 5875 5876
f 5796 5877 5797
f 5796 5876 5877
f 5797 5878 5798
f 5797 5877 5878
f 5798 5879 5799
f 5798 5878 5879
f 5799 5880 5800
f 5799 5879 5880
f 5800 5881 5801
f 5800 5880 5881
f 5801 5882 5802
f 5801 5881 5882
f 5802 5883 5803
f 5802 5882 5883
f 5803 5884 5804
f 5803 5883 5884
f 5804 5885 5805
f 5804 5884 5885
f 5805 5886 5806
f 5805 5885 5886
f 5806 5887 5807
f 5806 5886 5887
f 5807 5888 5808
f 5807 5887 5888
f 5808 5889 5809
f 5808 5888 5889
f 5809 5890 5810
f 5809 5889 5890
f 5810 5891 5811
f 5810 5890 5891
f 5811 5892 5812
f 5811 5891 5892
f 5812 5893 5813
f 5812 5892 5893
f 5813 5894 5814
f 5813 5893 5894
f 5814 5895 5815
f 5814 5894 5895
f 5815 5896 5816
f 5815 5895 5896
f 5816 5897 5817
f 5816 5896 5897
f 5817 5898 5818
f 5817 5897 5898
f 5818 5899 5819
f 5818 5898 5899
f 5819 5900 5820
f 5819 5899 5900
f 5820 5901 5821
f 5820 5900 5901
f 5821 5902 5822
f 5821 5901 5902
f 5822 5903 5823
f 5822 5902 5903
f 5823 5904 5824
f 5823 5903 5904
f 5824 5905 5825
f 5824 5904 5905
f 5825 5906 5826
f 5825 5905 5906
f 5826 5907 5827
f 5826 5906 5907
f 5827 5908 5828
f 5827 5907 5908
f 5828 5909 5829
f 5828 5908 5909
f 5829 5910 5830
f 5829 5909 5910
f 5830 5911 5831
f 5830 5910 5911
f 5831 5912 5832
f 5831 5911 5912
f 5832 5913 5833
f 5832 5912 5913
f 5833 5914 5834
f 5833 5913 5914
f 5834 5915 5835
f 5834 5914 5915
f 5835 5916 5836
f 5835 5915 5916
f 5836 5917 5837
f 5836 5916 5917
f 5837 5918 5838
f 5837 5917 5918
f 5838 5919 5839
f 5838 5918 5919
f 5839 5920 5840
f 5839 5919 5920
f 5841 5922 5842
f 5841 5921 5922
f 5842 5923 5843
f 5842 5922 5923
f 5843 5924 5844
f 5843 5923 5924
f 5844 5925 5845
f 5844 5924 5925
f 5845 5926 5846
f 5845 5925 5926
f 5846 5927 5847
f 5846 5926 5927
f 5847 5928 5848
f 5847 5927 5928
f 5848 5929 5849
f 5848 5928 5929
f 5849 5930 5850
f 5849 5929 5930
f 5850 5931 5851
f 5850 5930 5931
f 5851 5932 5852
f 5851 5931 5932
f 5852 5933 5853
f 5852 5932 5933
f 5853 5934 5854
f 5853 5933 5934
f 5854 5935 5855
f 5854 5934 5935
f 5855 5936 5856
f 5855 5935 5936
f 5856 5937 5857
f 5856 5936 5937
f 5857 5938 5858
f 5857 5937 5938
f 5858 5939 5859
f 5858 5938 5939
f 5859 5940 5860
f 5859 5939 5940
f 5860 5941 5861
f 5860 5940 5941
f 5861 5942 5862
f 5861 5941 5942
f 5862 5943 5863
f 5862 5942 5943
f 5863 5944 5864
f 5863 5943 5944
f 5864 5945 5865
f 5864 5944 5945
f 5865 5946 5866
f 5865 5945 5946
f 5866 5947 5867
f 5866 5946 5947
f 5867 5948 5868
f 5867 5947 5948
f 5868 5949 5869
f 5868 5948 5949
f 5869 5950 5870
f 5869 5949 5950
f 5870 5951 5871
f 5870 5950 5951
f 5871 5952 5872
f 5871 5951 5952
f 5872 5953 5873
f 5872 5952 5953
f 5873 5954 5874
f 5873 5953 5954
f 5874 5955 5875
f 5874 5954 5955
f 5875 5956 5876
f 5875 5955 5956
f 5876 5957 5877
f 5876 5956 5957
f 5877 5958 5878
f 5877 5957 5958
f 5878 5959 5879
f 5878 5958 5959
f 5879 5960 5880
f 5879 5959 5960
f 5880 5961 5881
f 5880 5960 5961
f 5881 5962 5882
f 5881 5961 5962
f 5882 5963 5883
f 5882 5962 5963
f 5883 5964 5884
f 5883 5963 5964
f 5884 5965 5885
f 5884 5964 5965
f 5885 5966 5886
f 5885 5965 5966
f 5886 5967 5887
f 5886 5966 5967
f 5887 5968 5888
f 5887 5967 5968
f 5888 5969 5889
f 5888 5968 5969
f 5889 5970 5890
f 5889 5969 5970
f 5890 5971 5891
f 5890 5970 5971
f 5891 5972 5892
f 5891 5971 5972
f 5892 5973 5893
f 5892 5972 5973
f 5893 5974 5894
f 5893 5973 5974
f 5894 5975 5895
f 5894 5974 5975
f 5895 5976 5896
f 5895 5975 5976
f 5896 5977 5897
f 5896 5976 5977
f 5897 5978 5898
f 5897 5977 5978
f 5898 5979 5899
f 5898 5978 5979
f 5899 5980 5900
f 5899 5979 5980
f 5900 5981 5901
f 5900 5980 5981
f 5901 5982 5902
f 5901 5981 5982
f 5902 5983 5903
f 5902 5982 5983
f 5903 5984 5904
f 5903 5983 5984
f 5904 5985 5905
f 5904 5984 5985
f 5905 5986 5906
f 5905 5985 5986
f 5906 5987 5907
f 5906 5986 5987
f 5907 5988 5908
f 5907 5987 5988
f 5908 5989 5909
f 5908 5988 5989
f 5909 5990 5910
f 5909 5989 5990
f 5910 5991 5911
f 5910 5990 5991
f 5911 5992 5912
f 5911 5991 5992
f 5912 5993 5913
f 5912 5992 5993
f 5913 5994 5914
f 5913 5993 5994
f 5914 5995 5915
f 5914 5994 5995
f 5915 5996 5916
f 5915 5995 5996
f 5916 5997 5917
f 5916 5996 5997
f 5917 5998 5918
f 5917 5997 5998
f 5918 5999 5919
f 5918 5998 5999
f 5919 6000 5920
f 5919 5999 6000
f 5921 6002 5922
f 5921 6001 6002
f 5922 6003 5923
f 5922 6002 6003
f 5923 6004 5924
f 5923 6003 6004
f 5924 6005 5925
f 5924 6004 6005
f 5925 6006 5926
f 5925 6005 6006
f 5926 6007 5927
f 5926 6006 6007
f 5927 6008 5928
f 5927 6007 6008
f 5928 6009 5929
f 5928 6008 6009
f 5929 6010 5930
f 5929 6009 6010
f 5930 6011 5931
f 5930 6010 6011
f 5931 6012 5932
f 5931 6011 6012
f 5932 6013 5933
f 5932 6012 6013
f 5933 6014 5934
f 5933 6013 6014
f 5934 6015 5935
f 5934 6014 6015
f 5935 6016 5936
f 5935 6015 6016
f 5936 6017 5937
f 5936 6016 6017
f 5937 6018 5938
f 5937 6017 6018
f 5938 6019 5939
f 5938 6018 6019
f 5939 6020 5940
f 5939 6019 6020
f 5940 6021 5941
f 5940 6020 6021
f 5941 6022 5942
f 5941 6021 6022
f 5942 6023 5943
f 5942 6022 6023
f 5943 6024 5944
f 5943 6023 6024
f 5944 6025 5945
f 5944 6024 6025
f 5945 6026 5946
f 5945 6025 6026
f 5946 6027 5947
f 5946 6026 6027
f 5947 6028 5948
f 5947 6027 6028
f 5948 6029 5949
f 5948 6028 6029
f 5949 6030 5950
f 5949 6029 6030
f 5950 6031 5951
f 5950 6030 6031
f 5951 6032 5952
f 5951 6031 6032
f 5952 6033 5953
f 5952 6032 6033
f 5953 6034 5954
f 5953 6033 6034
f 5954 6035 5955
f 5954 6034 6035
f 5955 6036 5956
f 5955 6035 6036
f 5956 6037 5957
f 5956 6036 6037
f 5957 6038 5958
f 5957 6037 6038
f 5958 6039 5959
f 5958 6038 6039
f 5959 6040 5960
f 5959 6039 6040
f 5960 6041 5961
f 5960 6040 6041
f 5961 6042 5962
f 5961 6041 6042
f 5962 6043 5963
f 5962 6042 6043
f 5963 6044 5964
f 5963 6043 6044
f 5964 6045 5965
f 5964 6044 6045
f 5965 6046 5966
f 5965 6045 6046
f 5966 6047 5967
f 5966 6046 6047
f 5967 6048 5968
f 5967 6047 6048
f 5968 6049 5969
f 5968 6048 6049
f 5969 6050 5970
f 5969 6049 6050
f 5970 6051 5971
f 5970 6050 6051
f 5971 6052 5972
f 5971 6051 6052
f 5972 6053 5973
f 5972 6052 6053
f 5973 6054 5974
f 5973 6053 6054
f 5974 6055 5975
f 5974 6054 6055
f 5975 6056 5976
f 5975 6055 6056
f 5976 6057 5977
f 5976 6056 6057
f 5977 6058 5978
f 5977 6057 6058
f 5978 6059 5979
f 5978 6058 6059
f 5979 6060 5980
f 5979 6059 6060
f 5980 6061 5981
f 5980 6060 6061
f 5981 6062 5982
f 5981 6061 6062
f 5982 6063 5983
f 5982 6062 6063
f 5983 6064 5984
f 5983 6063 6064
f 5984 6065 5985
f 5984 6064 6065
f 5985 6066 5986
f 5985 6065 6066
f 5986 6067 5987
f 5986 6066 6067
f 5987 6068 5988
f 5987 6067 6068
f 5988 6069 5989
f 5988 6068 6069
f 5989 6070 5990
f 5989 6069 6070
f 5990 6071 5991
f 5990 6070 6071
f 5991 6072 5992
f 5991 6071 6072
f 5992 6073 5993
f 5992 6072 6073
f 5993 6074 5994
f 5993 6073 6074
f 5994 6075 5995
f 5994 6074 6075
f 5995 6076 5996
f 5995 6075 6076
f 5996 6077 5997
f 5996 6076 6077
f 5997 6078 5998
f 5997 6077 6078
f 5998 6079 5999
f 5998 6078 6079
f 5999 6080 6000
f 5999 6079 6080
f 6001 6082 6002
f 6001 6081 6082
f 6002 6083 6003
f 6002 6082 6083
f 6003 6084 6004
f 6003 6083 6084
f 6004 6085 6005
f 6004 6084 6085
f 6005 6086 6006
f 6005 6085 6086
f 6006 6087 6007
f 6006 6086 6087
f 6007 6088 6008
f 6007 6087 6088
f 6008 6089 6009
f 6008 6088 6089
f 6009 6090 6010
f 6009 6089 6090
f 6010 6091 6011
f 6010 6090 6091
f 6011 6092 6012
f 6011 6091 6092
f 6012 6093 6013
f 6012 6092 6093
f 6013 6094 6014
f 6013 6093 6094
f 6014 6095 6015
f 6014 6094 6095
f 6015 6096 6016
f 6015 6095 6096
f 6016 6097 6017
f 6016 6096 6097
f 6017 6098 6018
f 6017 6097 6098
f 6018 6099 6019
f 6018 6098 6099
f 6019 6100 6020
f 6019 6099 6100
f 6020 6101 6021
f 6020 6100 6101
f 6021 6102 6022
f 6021 6101 6102
f 6022 6103 6023
f 6022 6102 6103
f 6023 6104 6024
f 6023 6103 6104
f 6024 6105 6025
f 6024 6104 6105
f 6025 6106 6026
f 6025 6105 6106
f 6026 6107 6027
f 6026 6106 6107
f 6027 6108 6028
f 6027 6107 6108
f 6028 6109 6029
f 6028 6108 6109
f 6029 6110 6030
f 6029 6109 6110
f 6030 6111 6031
f 6030 6110 6111
f 6031 6112 6032
f 6031 6111 6112
f 6032 6113 6033
f 6032 6112 6113
f 6033 6114 6034
f 6033 6113 6114
f 6034 6115 6035
f 6034 6114 6115
f 6035 6116 6036
f 6035 6115 6116
f 6036 6117 6037
f 6036 6116 6117
f 6037 6118 6038
f 6037 6117 6118
f 6038 6119 6039
f 6038 6118 6119
f 6039 6120 6040
f 6039 6119 6120
f 6040 6121 6041
f 6040 6120 6121
f 6041 6122 6042
f 6041 6121 6122
f 6042 6123 6043
f 6042 6122 6123
f 6043 6124 6044
f 6043 6123 6124
f 6044 6125 6045
f 6044 6124 6125
f 6045 6126 6046
f 6045 6125 6126
f 6046 6127 6047
f 6046 6126 6127
f 6047 6128 6048
f 6047 6127 6128
f 6048 6129 6049
f 6048 6128 6129
f 6049 6130 6050
f 6049 6129 6130
f 6050 6131 6051
f 6050 6130 6131
f 6051 6132 6052
f 6051 6131 6132
f 6052 6133 6053
f 6052 6132 6133
f 6053 6134 6054
f 6053 6133 6134
f 6054 6135 6055
f 6054 6134 6135
f 6055 6136 6056
f 6055 6135 6136
f 6056 6137 6057
f 6056 6136 6137
f 6057 6138 6058
f 6057 6137 6138
f 6058 6139 6059
f 6058 6138 6139
f 6059 6140 6060
f 6059 6139 6140
f 6060 6141 6061
f 6060 6140 6141
f 6061 6142 6062
f 6061 6141 6142
f 6062 6143 6063
f 6062 6142 6143
f 6063 6144 6064
f 6063 6143 6144
f 6064 6145 6065
f 6064 6144 6145
f 6065 6146 6066
f 6065 6145 6146
f 6066 6147 6067
f 6066 6146 6147
f 6067 6148 6068
f 6067 6147 6148
f 6068 6149 6069
f 6068 6148 6149
f 6069 6150 6070
f 6069 6149 6150
f 6070 6151 6071
f 6070 6150 6151
f 6071 6152 6072
f 6071 6151 6152
f 6072 6153 6073
f 6072 6152 6153
f 6073 6154 6074
f 6073 6153 6154
f 6074 6155 6075
f 6074 6154 6155
f 6075 6156 6076
f 6075 6155 6156
f 6076 6157 6077
f 6076 6156 6157
f 6077 6158 6078
f 6077 6157 6158
f 6078 6159 6079
f 6078 6158 6159
f 6079 6160 6080
f 6079 6159 6160
f 6081 6162 6082
f 6081 6161 6162
f 6082 6163 6083
f 6082 6162 6163
f 6083 6164 6084
f 6083 6163 6164
f 6084 6165 6085
f 6084 6164 6165
f 6085 6166 6086
f 6085 6165 6166
f 6086 6167 6087
f 6086 6166 6167
f 6087 6168 6088
f 6087 6167 6168
f 6088 6169 6089
f 6088 6168 6169
f 6089 6170 6090
f 6089 6169 6170
f 6090 6171 6091
f 6090 6170 6171
f 6091 6172 6092
f 6091 6171 6172
f 6092 6173 6093
f 6092 6172 6173
f 6093 6174 6094
f 6093 6173 6174
f 6094 6175 6095
f 6094 6174 6175
f 6095 6176 6096
f 6095 6175 6176
f 6096 6177 6097
f 6096 6176 6177
f 6097 6178 6098
f 6097 6177 6178
f 6098 6179 6099
f 6098 6178 6179
f 6099 6180 6100
f 6099 6179 6180
f 6100 6181 6101
f 6100 6180 6181
f 6101 6182 6102
f 6101 6181 6182
f 6102 6183 6103
f 6102 6182 6183
f 6103 6184 6104
f 6103 6183 6184
f 6104 6185 6105
f 6104 6184 6185
f 6105 6186 6106
f 6105 6185 6186
f 6106 6187 6107
f 6106 6186 6187
f 6107 6188 6108
f 6107 6187 6188
f 6108 6189 6109
f 6108 6188 6189
f 6109 6190 6110
f 6109 6189 6190
f 6110 6191 6111
f 6110 6190 6191
f 6111 6192 6112
f 6111 6191 6192
f 6112 6193 6113
f 6112 6192 6193
f 6113 6194 6114
f 6113 6193 6194
f 6114 6195 6115
f 6114 6194 6195
f 6115 6196 6116
f 6115 6195 6196
f 6116 6197 6117
f 6116 6196 6197
f 6117 6198 6118
f 6117 6197 6198
f 6118 6199 6119
f 6118 6198 6199
f 6119 6200 6120
f 6119 6199 6200
f 6120 6201 6121
f 6120 6200 6201
f 6121 6202 6122
f 6121 6201 6202
f 6122 6203 6123
f 6122 6202 6203
f 6123 6204 6124
f 6123 6203 6204
f 6124 6205 6125
f 6124 6204 6205
f 6125 6206 6126
f 6125 6205 6206
f 6126 6207 6127
f 6126 6206 6207
f 6127 6208 6128
f 6127 6207 6208
f 6128 6209 6129
f 6128 6208 6209
f 6129 6210 6130
f 6129 6209 6210
f 6130 6211 6131
f 6130 6210 6211
f 6131 6212 6132
f 6131 6211 6212
f 6132 6213 6133
f 6132 6212 6213
f 6133 6214 6134
f 6133 6213 6214
f 6134 6215 6135
f 6134 6214 6215
f 6135 6216 6136
f 6135 6215 6216
f 6136 6217 6137
f 6136 6216 6217
f 6137 6218 6138
f 6137 6217 6218
f 6138 6219 6139
f 6138 6218 6219
f 6139 6220 6140
f 6139 6219 6220
f 6140 6221 6141
f 6140 6220 6221
f 6141 6222 6142
f 6141 6221 6222
f 6142 6223 6143
f 6142 6222 6223
f 6143 6224 6144
f 6143 6223 6224
f 6144 6225 6145
f 6144 6224 6225
f 6145 6226 6146
f 6145 6225 6226
f 6146 6227 6147
f 6146 6226 6227
f 6147 6228 6148
f 6147 6227 6228
f 6148 6229 6149
f 6148 6228 6229
f 6149 6230 6150
f 6149 6229 6230
f 6150 6231 6151
f 6150 6230 6231
f 6151 6232 6152
f 6151 6231 6232
f 6152 6233 6153
f 6152 6232 6233
f 6153 6234 6154
f 6153 6233 6234
f 6154 6235 6155
f 6154 6234 6235
f 6155 6236 6156
f 6155 6235 6236
f 6156 6237 6157
f 6156 6236 6237
f 6157 6238 6158
f 6157 6237 6238
f 6158 6239 6159
f 6158 6238 6239
f 6159 6240 6160
f 6159 6239 6240
f 6161 6242 6162
f 6161 6241 6242
f 6162 6243 6163
f 6162 6242 6243
f 6163 6244 6164
f 6163 6243 6244
f 6164 6245 6165
f 6164 6244 6245
f 6165 6246 6166
f 6165 6245 6246
f 6166 6247 6167
f 6166 6246 6247
f 6167 6248 6168
f 6167 6247 6248
f 6168 6249 6169
f 6168 6248 6249
f 6169 6250 6170
f 6169 6249 6250
f 6170 6251 6171
f 6170 6250 6251
f 6171 6252 6172
f 6171 6251 6252
f 6172 6253 6173
f 6172 6252 6253
f 6173 6254 6174
f 6173 6253 6254
f 6174 6255 6175
f 6174 6254 6255
f 6175 6256 6176
f 6175 6255 6256
f 6176 6257 6177
f 6176 6256 6257
f 6177 6258 6178
f 6177 6257 6258
f 6178 6259 6179
f 6178 6258 6259
f 6179 6260 6180
f 6179 6259 6260
f 6180 6261 6181
f 6180 6260 6261
f 6181 6262 6182
f 6181 6261 6262
f 6182 6263 6183
f 6182 6262 6263
f 6183 6264 6184
f 6183 6263 6264
f 6184 6265 6185
f 6184 6264 6265
f 6185 6266 6186
f 6185 6265 6266
f 6186 6267 6187
f 6186 6266 6267
f 6187 6268 6188
f 6187 6267 6268
f 6188 6269 6189
f 6188 6268 6269
f 6189 6270 6190
f 6189 6269 6270
f 6190 6271 6191
f 6190 6270 6271
f 6191 6272 6192
f 6191 6271 6272
f 6192 6273 6193
f 6192 6272 6273
f 6193 6274 6194
f 6193 6273 6274
f 6194 6275 6195
f 6194 6274 6275
f 6195 6276 6196
f 6195 6275 6276
f 6196 6277 6197
f 6196 6276 6277
f 6197 6278 6198
f 6197 6277 6278
f 6198 6279 6199
f 6198 6278 6279
f 6199 6280 6200
f 6199 6279 6280
f 6200 6281 6201
f 6200 6280 6281
f 6201 6282 6202
f 6201 6281 6282
f 6202 6283 6203
f 6202 6282 6283
f 6203 6284 6204
f 6203 6283 6284
f 6204 6285 6205
f 6204 6284 6285
f 6205 6286 6206
f 6205 6285 6286
f 6206 6287 6207
f 6206 6286 6287
f 6207 6288 6208
f 6207 6287 6288
f 6208 6289 6209
f 6208 6288 6289
f 6209 6290 6210
f 6209 6289 6290
f 6210 6291 6211
f 6210 6290 6291
f 6211 6292 6212
f 6211 6291 6292
f 6212 6293 6213
f 6212 6292 6293
f 6213 6294 6214
f 6213 6293 6294
f 6214 6295 6215
f 6214 6294 6295
f 6215 6296 6216
f 6215 6295 6296
f 6216 6297 6217
f 6216 6296 6297
f 6217 6298 6218
f 6217 6297 6298
f 6218 6299 6219
f 6218 6298 6299
f 6219 6300 6220
f 6219 6299 6300
f 6220 6301 6221
f 6220 6300 6301
f 6221 6302 6222
f 6221 6301 6302
f 6222 6303 6223
f 6222 6302 6303
f 6223 6304 6224
f 6223 6303 6304
f 6224 6305 6225
f 6224 6304 6305
f 6225 6306 6226
f 6225 6305 6306
f 6226 6307 6227
f 6226 6306 6307
f 6227 6308 6228
f 6227 6307 6308
f 6228 6309 6229
f 6228 6308 6309
f 6229 6310 6230
f 6229 6309 6310
f 6230 6311 6231
f 6230 6310 6311
f 6231 6312 6232
f 6231 6311 6312
f 6232 6313 6233
f 6232 6312 6313
f 6233 6314 6234
f 6233 6313 6314
f 6234 6315 6235
f 6234 6314 6315
f 6235 6316 6236
f 6235 6315 6316
f 6236 6317 6237
f 6236 6316 6317
f 6237 6318 6238
f 6237 6317 6318
f 6238 6319 6239
f 6238 6318 6319
f 6239 6320 6240
f 6239 6319 6320
f 6241 6322 6242
f 6241 6321 6322
f 6242 6323 6243
f 6242 6322 6323
f 6243 6324 6244
f 6243 6323 6324
f 6244 6325 6245
f 6244 6324 6325
f 6245 6326 6246
f 6245 6325 6326
f 6246 6327 6247
f 6246 6326 6327
f 6247 6328 6248
f 6247 6327 6328
f 6248 6329 6249
f 6248 6328 6329
f 6249 6330 6250
f 6249 6329 6330
f 6250 6331 6251
f 6250 6330 6331
f 6251 6332 6252
f 6251 6331 6332
f 6252 6333 6253
f 6252 6332 6333
f 6253 6334 6254
f 6253 6333 6334
f 6254 6335 6255
f 6254 6334 6335
f 6255 6336 6256
f 6255 6335 6336
f 6256 6337 6257
f 6256 6336 6337
f 6257 6338 6258
f 6257 6337 6338
f 6258 6339 6259
f 6258 6338 6339
f 6259 6340 6260
f 6259 6339 6340
f 6260 6341 6261
f 6260 6340 6341
f 6261 6342 6262
f 6261 6341 6342
f 6262 6343 6263
f 6262 6342 6343
f 6263 6344 6264
f 6263 6343 6344
f 6264 6345 6265
f 6264 6344 6345
f 6265 6346 6266
f 6265 6345 6346
f 6266 6347 6267
f 6266 6346 6347
f 6267 6348 6268
f 6267 6347 6348
f 6268 6349 6269
f 6268 6348 6349
f 6269 6350 6270
f 6269 6349 6350
f 6270 6351 6271
f 6270 6350 6351
f 6271 6352 6272
f 6271 6351 6352
f 6272 6353 6273
f 6272 6352 6353
f 6273 6354 6274
f 6273 6353 6354
f 6274 6355 6275
f 6274 6354 6355
f 6275 6356 6276
f 6275 6355 6356
f 6276 6357 6277
f 6276 6356 6357
f 6277 6358 6278
f 6277 6357 6358
f 6278 6359 6279
f 6278 6358 6359
f 6279 6360 6280
f 6279 6359 6360
f 6280 6361 6281
f 6280 6360 6361
f 6281 6362 6282
f 6281 6361 6362
f 6282 6363 6283
f 6282 6362 6363
f 6283 6364 6284
f 6283 6363 6364
f 6284 6365 6285
f 6284 6364 6365
f 6285 6366 6286
f 6285 6365 6366
f 6286 6367 6287
f 6286 6366 6367
f 6287 6368 6288
f 6287 6367 6368
f 6288 6369 6289
f 6288 6368 6369
f 6289 6370 6290
f 6289 6369 6370
f 6290 6371 6291
f 6290 6370 6371
f 6291 6372 6292
f 6291 6371 6372
f 6292 6373 6293
f 6292 6372 6373
f 6293 6374 6294
f 6293 6373 6374
f 6294 6375 6295
f 6294 6374 6375
f 6295 6376 6296
f 6295 6375 6376
f 6296 6377 6297
f 6296 6376 6377
f 6297 6378 6298
f 6297 6377 6378
f 6298 6379 6299
f 6298 6378 6379
f 6299 6380 6300
f 6299 6379 6380
f 6300 6381 6301
f 6300 6380 6381
f 6301 6382 6302
f 6301 6381 6382
f 6302 6383 6303
f 6302 6382 6383
f 6303 6384 6304
f 6303 6383 6384
f 6304 6385 6305
f 6304 6384 6385
f 6305 6386 6306
f 6305 6385 6386
f 6306 6387 6307
f 6306 6386 6387
f 6307 6388 6308
f 6307 6387 6388
f 6308 6389 6309
f 6308 6388 6389
f 6309 6390 6310
f 6309 6389 6390
f 6310 6391 6311
f 6310 6390 6391
f 6311 6392 6312
f 6311 6391 6392
f 6312 6393 6313
f 6312 6392 6393
f 6313 6394 6314
f 6313 6393 6394
f 6314 6395 6315
f 6314 6394 6395
f 6315 6396 6316
f 6315 6395 6396
f 6316 6397 6317
f 6316 6396 6397
f 6317 6398 6318
f 6317 6397 6398
f 6318 6399 6319
f 6318 6398 6399
f 6319 6400 6320
f 6319 6399 6400
